id,disease_name,category,severity,target_demographic,symptoms,description,medical_advice
1,Nosebleed,General,Acute,Male,"bleeding from nose, dry nasal membranes","Acute case of Nosebleed. Bleeding from the inside of the nose, common in dry climates. Target demographic: Male.",Prescription medication might be required.
2,Asthma,Respiratory,Acute,General,"wheezing, shortness of breath, chest tightness, coughing",Acute case of Asthma. A condition in which airways narrow and swell and may produce extra mucus. Target demographic: General.,Rest and hydration recommended.
3,Dehydration,Metabolic,Mild,General,"extreme thirst,  dry mouth",Mild case of Dehydration. Occurs when you use or lose more fluid than you take in. Target demographic: General.,Consult a doctor if symptoms persist for more than 48 hours.
4,Hemorrhoids,Digestive,Acute,Child,"rectal bleeding, itching, pain, swelling",Acute case of Hemorrhoids. Swollen veins in the lowest part of your rectum and anus. Target demographic: Child.,Avoid triggers like spicy food or allergens.
5,Migraine,Neurological,Chronic,Adult,"severe headache, nausea, sensitivity to light, blurred vision",Chronic case of Migraine. A neurological condition characterized by intense headaches. Target demographic: Adult.,Apply ice or heat to the affected area.
6,Contact Dermatitis,Skin,Mild,General,"red rash,  itching",Mild case of Contact Dermatitis. A skin reaction caused by contact with an allergen or irritant. Target demographic: General.,Apply ice or heat to the affected area.
7,Common Cold,Respiratory,Acute,Adult,"runny nose, sore throat, coughing, sneezing",Acute case of Common Cold. A viral infection of the upper respiratory tract. Target demographic: Adult.,Avoid triggers like spicy food or allergens.
8,Dehydration,Metabolic,Acute,Child,"extreme thirst, dry mouth, dark urine, fatigue",Acute case of Dehydration. Occurs when you use or lose more fluid than you take in. Target demographic: Child.,Over-the-counter medication may help.
9,Toothache,Dental,Chronic,Female,"tooth pain, swelling around tooth, fever, drainage",Chronic case of Toothache. Pain in or around a tooth caused by various dental problems. Target demographic: Female.,Home remedies can alleviate symptoms.
10,Tension Headache,Neurological,Chronic,Adult,"dull head pain, pressure across forehead, scalp tenderness","Chronic case of Tension Headache. The most common type of headache, often stress-related. Target demographic: Adult.",Consult a doctor if symptoms persist for more than 48 hours.
11,Dandruff,Skin,Moderate,Elderly,"flaking scalp, itching, dry skin",Moderate case of Dandruff. A common condition that causes the skin on the scalp to flake. Target demographic: Elderly.,Maintain good hygiene.
12,Bunion,Musculoskeletal,Mild,Child,"bump on big toe joint,  redness",Mild case of Bunion. A bony bump that forms on the joint at the base of your big toe. Target demographic: Child.,Rest and hydration recommended.
13,Tension Headache,Neurological,Moderate,Male,"dull head pain, pressure across forehead, scalp tenderness","Moderate case of Tension Headache. The most common type of headache, often stress-related. Target demographic: Male.",Maintain good hygiene.
14,Osteoarthritis,Musculoskeletal,Chronic,Female,"joint pain, stiffness, tenderness, loss of flexibility","Chronic case of Osteoarthritis. The most common form of arthritis, caused by wear and tear of cartilage. Target demographic: Female.",Monitor symptoms closely.
15,Nausea,Digestive,Chronic,General,"feeling sick to stomach, urge to vomit, dizziness",Chronic case of Nausea. An uncomfortable sensation in the stomach that leads to an urge to vomit. Target demographic: General.,Prescription medication might be required.
16,Indigestion,Digestive,Severe,General,"upper abdominal pain, bloating, belching, nausea, fatigue, dehydration",Severe case of Indigestion. Discomfort in your upper abdomen often caused by eating too much or too fast. Target demographic: General.,Seek immediate medical attention.
17,Strep Throat,Respiratory,Chronic,General,"throat pain, fever, swollen lymph nodes, white patches on tonsils",Chronic case of Strep Throat. A bacterial infection that causes inflammation and pain in the throat. Target demographic: General.,Seek immediate medical attention.
18,Fever,General,Chronic,Elderly,"elevated body temperature, sweating, chills, headache","Chronic case of Fever. A temporary increase in body temperature, often due to an illness. Target demographic: Elderly.",Rest and hydration recommended.
19,Gastroenteritis,Digestive,Acute,Child,"diarrhea, stomach cramps, nausea, vomiting","Acute case of Gastroenteritis. Inflammation of the stomach and intestines, often called stomach flu. Target demographic: Child.",Seek immediate medical attention.
20,Food Poisoning,Digestive,Acute,General,"nausea, vomiting, watery diarrhea, abdominal pain",Acute case of Food Poisoning. Illness caused by consuming contaminated food. Target demographic: General.,Avoid triggers like spicy food or allergens.
21,Pink Eye,Eyes,Severe,Male,"redness, itching, discharge, tearing, fatigue, dehydration",Severe case of Pink Eye. Inflammation or infection of the transparent membrane lining the eyelid. Target demographic: Male.,Apply ice or heat to the affected area.
22,Tension Headache,Neurological,Moderate,General,"dull head pain, pressure across forehead, scalp tenderness","Moderate case of Tension Headache. The most common type of headache, often stress-related. Target demographic: General.",Prescription medication might be required.
23,Osteoarthritis,Musculoskeletal,Chronic,Adult,"joint pain, stiffness, tenderness, loss of flexibility","Chronic case of Osteoarthritis. The most common form of arthritis, caused by wear and tear of cartilage. Target demographic: Adult.",Prescription medication might be required.
24,Hives,Skin,Chronic,Male,"red welts, itching, swelling, burning sensation","Chronic case of Hives. A skin reaction that causes itchy welts, often triggered by allergens. Target demographic: Male.",Seek immediate medical attention.
25,Anxiety,Mental Health,Mild,Female,"nervousness,  rapid heart rate","Mild case of Anxiety. Intense, excessive, and persistent worry and fear. Target demographic: Female.",Prescription medication might be required.
26,Nausea,Digestive,Chronic,Adult,"feeling sick to stomach, urge to vomit, dizziness",Chronic case of Nausea. An uncomfortable sensation in the stomach that leads to an urge to vomit. Target demographic: Adult.,Home remedies can alleviate symptoms.
27,Hemorrhoids,Digestive,Acute,Adult,"rectal bleeding, itching, pain, swelling",Acute case of Hemorrhoids. Swollen veins in the lowest part of your rectum and anus. Target demographic: Adult.,Home remedies can alleviate symptoms.
28,Dehydration,Metabolic,Acute,Elderly,"extreme thirst, dry mouth, dark urine, fatigue",Acute case of Dehydration. Occurs when you use or lose more fluid than you take in. Target demographic: Elderly.,Over-the-counter medication may help.
29,Sinusitis,Respiratory,Severe,Child,"facial pain, thick nasal discharge, headache, cough, fatigue, dehydration",Severe case of Sinusitis. Inflammation or swelling of the tissue lining the sinuses. Target demographic: Child.,Monitor symptoms closely.
30,Food Poisoning,Digestive,Moderate,Adult,"nausea, vomiting, watery diarrhea, abdominal pain",Moderate case of Food Poisoning. Illness caused by consuming contaminated food. Target demographic: Adult.,Home remedies can alleviate symptoms.
31,Tennis Elbow,Musculoskeletal,Chronic,General,"pain on outer elbow, weak grip, burning sensation","Chronic case of Tennis Elbow. Painful condition caused by overuse of arm, forearm, and hand muscles. Target demographic: General.",Prescription medication might be required.
32,Food Poisoning,Digestive,Moderate,Adult,"nausea, vomiting, watery diarrhea, abdominal pain",Moderate case of Food Poisoning. Illness caused by consuming contaminated food. Target demographic: Adult.,Home remedies can alleviate symptoms.
33,Pink Eye,Eyes,Chronic,General,"redness, itching, discharge, tearing",Chronic case of Pink Eye. Inflammation or infection of the transparent membrane lining the eyelid. Target demographic: General.,Seek immediate medical attention.
34,Tennis Elbow,Musculoskeletal,Chronic,Adult,"pain on outer elbow, weak grip, burning sensation","Chronic case of Tennis Elbow. Painful condition caused by overuse of arm, forearm, and hand muscles. Target demographic: Adult.",Consult a doctor if symptoms persist for more than 48 hours.
35,Hypertension,Cardiovascular,Chronic,Female,"headaches, shortness of breath, nosebleeds",Chronic case of Hypertension. High blood pressure is a common condition where blood pressure is elevated. Target demographic: Female.,Consult a doctor if symptoms persist for more than 48 hours.
36,Yeast Infection,Reproductive,Moderate,General,"itching, irritation, vaginal discharge, pain during urination","Moderate case of Yeast Infection. A fungal infection that causes irritation, discharge, and intense itchiness. Target demographic: General.",Avoid triggers like spicy food or allergens.
37,Hemorrhoids,Digestive,Moderate,Male,"rectal bleeding, itching, pain, swelling",Moderate case of Hemorrhoids. Swollen veins in the lowest part of your rectum and anus. Target demographic: Male.,Over-the-counter medication may help.
38,Yeast Infection,Reproductive,Severe,Child,"itching, irritation, vaginal discharge, pain during urination, fatigue, dehydration","Severe case of Yeast Infection. A fungal infection that causes irritation, discharge, and intense itchiness. Target demographic: Child.",Avoid triggers like spicy food or allergens.
39,Lower Back Pain,Musculoskeletal,Acute,General,"pain in lower back, stiffness, reduced range of motion","Acute case of Lower Back Pain. Common disorder involving the muscles, nerves, and bones of the back. Target demographic: General.",Maintain good hygiene.
40,Athlete's Foot,Skin,Acute,Child,"scaly rash, itching, stinging, blisters on feet",Acute case of Athlete's Foot. A fungal infection that usually begins between the toes. Target demographic: Child.,Apply ice or heat to the affected area.
41,Carpal Tunnel,Musculoskeletal,Chronic,Adult,"numbness, tingling, weakness in hand",Chronic case of Carpal Tunnel. Pressure on the median nerve causing numbness and tingling in the hand. Target demographic: Adult.,Maintain good hygiene.
42,Constipation,Digestive,Moderate,Elderly,"infrequent bowel movements, hard stools, straining",Moderate case of Constipation. Infrequent bowel movements or difficult passage of stools. Target demographic: Elderly.,Avoid triggers like spicy food or allergens.
43,Viral Pharyngitis,Respiratory,Chronic,Adult,"sore throat, scratchy throat, difficulty swallowing","Chronic case of Viral Pharyngitis. Inflammation of the pharynx, usually caused by a viral infection. Target demographic: Adult.",Home remedies can alleviate symptoms.
44,Constipation,Digestive,Chronic,Adult,"infrequent bowel movements, hard stools, straining",Chronic case of Constipation. Infrequent bowel movements or difficult passage of stools. Target demographic: Adult.,Apply ice or heat to the affected area.
45,Strep Throat,Respiratory,Severe,Elderly,"throat pain, fever, swollen lymph nodes, white patches on tonsils, fatigue, dehydration",Severe case of Strep Throat. A bacterial infection that causes inflammation and pain in the throat. Target demographic: Elderly.,Prescription medication might be required.
46,Insomnia,Mental Health,Moderate,Elderly,"difficulty falling asleep, waking up frequently, daytime tiredness",Moderate case of Insomnia. A sleep disorder characterized by persistent problems falling and staying asleep. Target demographic: Elderly.,Home remedies can alleviate symptoms.
47,Influenza B,Respiratory,Moderate,Elderly,"fever, chills, muscle aches, cough, fatigue","Moderate case of Influenza B. A specific strain of the flu virus, typically appearing in seasonal outbreaks. Target demographic: Elderly.",Over-the-counter medication may help.
48,Gingivitis,Dental,Mild,Female,"swollen gums,  bleeding gums",Mild case of Gingivitis. A common and mild form of gum disease that causes irritation. Target demographic: Female.,Home remedies can alleviate symptoms.
49,Osteoarthritis,Musculoskeletal,Acute,Adult,"joint pain, stiffness, tenderness, loss of flexibility","Acute case of Osteoarthritis. The most common form of arthritis, caused by wear and tear of cartilage. Target demographic: Adult.",Seek immediate medical attention.
50,Sunburn,Skin,Chronic,Adult,"red skin, pain, swelling, blisters",Chronic case of Sunburn. Skin damage caused by ultraviolet (UV) rays from the sun. Target demographic: Adult.,Prescription medication might be required.
51,Acid Reflux,Digestive,Mild,Elderly,"heartburn,  chest pain",Mild case of Acid Reflux. A digestive disease where stomach acid irritates the food pipe. Target demographic: Elderly.,Apply ice or heat to the affected area.
52,Strep Throat,Respiratory,Chronic,Female,"throat pain, fever, swollen lymph nodes, white patches on tonsils",Chronic case of Strep Throat. A bacterial infection that causes inflammation and pain in the throat. Target demographic: Female.,Over-the-counter medication may help.
53,Hypertension,Cardiovascular,Moderate,Child,"headaches, shortness of breath, nosebleeds",Moderate case of Hypertension. High blood pressure is a common condition where blood pressure is elevated. Target demographic: Child.,Apply ice or heat to the affected area.
54,Muscle Strain,Musculoskeletal,Moderate,Adult,"sudden pain, swelling, muscle weakness, bruising",Moderate case of Muscle Strain. Damage to a muscle or its attaching tendons. Target demographic: Adult.,Home remedies can alleviate symptoms.
55,Laryngitis,Respiratory,Chronic,General,"hoarseness, weak voice, sore throat, dry cough","Chronic case of Laryngitis. Inflammation of the voice box (larynx) from overuse, irritation or infection. Target demographic: General.",Home remedies can alleviate symptoms.
56,Migraine,Neurological,Severe,Child,"severe headache, nausea, sensitivity to light, blurred vision, fatigue, dehydration",Severe case of Migraine. A neurological condition characterized by intense headaches. Target demographic: Child.,Home remedies can alleviate symptoms.
57,Constipation,Digestive,Acute,Female,"infrequent bowel movements, hard stools, straining",Acute case of Constipation. Infrequent bowel movements or difficult passage of stools. Target demographic: Female.,Home remedies can alleviate symptoms.
58,Osteoarthritis,Musculoskeletal,Severe,Female,"joint pain, stiffness, tenderness, loss of flexibility, fatigue, dehydration","Severe case of Osteoarthritis. The most common form of arthritis, caused by wear and tear of cartilage. Target demographic: Female.",Avoid triggers like spicy food or allergens.
59,Pink Eye,Eyes,Chronic,Child,"redness, itching, discharge, tearing",Chronic case of Pink Eye. Inflammation or infection of the transparent membrane lining the eyelid. Target demographic: Child.,Rest and hydration recommended.
60,Jock Itch,Skin,Chronic,Female,"red, itchy rash in the groin area, burning sensation","Chronic case of Jock Itch. A fungal infection that causes a red, itchy rash in warm, moist areas of the body. Target demographic: Female.",Monitor symptoms closely.
61,Tension Headache,Neurological,Acute,Female,"dull head pain, pressure across forehead, scalp tenderness","Acute case of Tension Headache. The most common type of headache, often stress-related. Target demographic: Female.",Prescription medication might be required.
62,Athlete's Foot,Skin,Moderate,General,"scaly rash, itching, stinging, blisters on feet",Moderate case of Athlete's Foot. A fungal infection that usually begins between the toes. Target demographic: General.,Consult a doctor if symptoms persist for more than 48 hours.
63,Tension Headache,Neurological,Chronic,Male,"dull head pain, pressure across forehead, scalp tenderness","Chronic case of Tension Headache. The most common type of headache, often stress-related. Target demographic: Male.",Home remedies can alleviate symptoms.
64,Heartburn,Digestive,Moderate,Adult,"burning pain in chest, sour taste in mouth, pain worsening when lying down","Moderate case of Heartburn. A burning sensation in the chest, just behind the breastbone. Target demographic: Adult.",Rest and hydration recommended.
65,Constipation,Digestive,Severe,Adult,"infrequent bowel movements, hard stools, straining, fatigue, dehydration",Severe case of Constipation. Infrequent bowel movements or difficult passage of stools. Target demographic: Adult.,Monitor symptoms closely.
66,Menstrual Cramps,Reproductive,Acute,Adult,"throbbing pain in lower abdomen, nausea, headache",Acute case of Menstrual Cramps. Pain in the lower abdomen that occurs during a menstrual period. Target demographic: Adult.,Rest and hydration recommended.
67,Jock Itch,Skin,Moderate,Child,"red, itchy rash in the groin area, burning sensation","Moderate case of Jock Itch. A fungal infection that causes a red, itchy rash in warm, moist areas of the body. Target demographic: Child.",Monitor symptoms closely.
68,Tension Headache,Neurological,Moderate,Female,"dull head pain, pressure across forehead, scalp tenderness","Moderate case of Tension Headache. The most common type of headache, often stress-related. Target demographic: Female.",Monitor symptoms closely.
69,Hemorrhoids,Digestive,Chronic,Female,"rectal bleeding, itching, pain, swelling",Chronic case of Hemorrhoids. Swollen veins in the lowest part of your rectum and anus. Target demographic: Female.,Prescription medication might be required.
70,Strep Throat,Respiratory,Chronic,Female,"throat pain, fever, swollen lymph nodes, white patches on tonsils",Chronic case of Strep Throat. A bacterial infection that causes inflammation and pain in the throat. Target demographic: Female.,Consult a doctor if symptoms persist for more than 48 hours.
71,Fever,General,Acute,Adult,"elevated body temperature, sweating, chills, headache","Acute case of Fever. A temporary increase in body temperature, often due to an illness. Target demographic: Adult.",Maintain good hygiene.
72,Migraine,Neurological,Mild,Male,"severe headache,  nausea",Mild case of Migraine. A neurological condition characterized by intense headaches. Target demographic: Male.,Avoid triggers like spicy food or allergens.
73,Lower Back Pain,Musculoskeletal,Acute,Female,"pain in lower back, stiffness, reduced range of motion","Acute case of Lower Back Pain. Common disorder involving the muscles, nerves, and bones of the back. Target demographic: Female.",Over-the-counter medication may help.
74,Allergic Rhinitis,Immune,Acute,General,"sneezing, runny nose, itchy eyes, congestion",Acute case of Allergic Rhinitis. An allergic response to allergens like pollen or dust. Target demographic: General.,Rest and hydration recommended.
75,Canker Sore,Dental,Severe,Male,"small ulcer in mouth, pain, difficulty eating, fatigue, dehydration","Severe case of Canker Sore. A small, shallow lesion on the soft tissues in your mouth. Target demographic: Male.",Home remedies can alleviate symptoms.
76,Motion Sickness,Neurological,Mild,Adult,"nausea,  vomiting","Mild case of Motion Sickness. A sick feeling triggered by movement from cars, planes, or boats. Target demographic: Adult.",Prescription medication might be required.
77,Motion Sickness,Neurological,Severe,Elderly,"nausea, vomiting, dizziness, cold sweats, fatigue, dehydration","Severe case of Motion Sickness. A sick feeling triggered by movement from cars, planes, or boats. Target demographic: Elderly.",Apply ice or heat to the affected area.
78,Constipation,Digestive,Mild,Male,"infrequent bowel movements,  hard stools",Mild case of Constipation. Infrequent bowel movements or difficult passage of stools. Target demographic: Male.,Prescription medication might be required.
79,Hemorrhoids,Digestive,Mild,Male,"rectal bleeding,  itching",Mild case of Hemorrhoids. Swollen veins in the lowest part of your rectum and anus. Target demographic: Male.,Maintain good hygiene.
80,Tennis Elbow,Musculoskeletal,Severe,Adult,"pain on outer elbow, weak grip, burning sensation, fatigue, dehydration","Severe case of Tennis Elbow. Painful condition caused by overuse of arm, forearm, and hand muscles. Target demographic: Adult.",Maintain good hygiene.
81,Contact Dermatitis,Skin,Chronic,Adult,"red rash, itching, dry skin, blisters",Chronic case of Contact Dermatitis. A skin reaction caused by contact with an allergen or irritant. Target demographic: Adult.,Prescription medication might be required.
82,Laryngitis,Respiratory,Severe,Elderly,"hoarseness, weak voice, sore throat, dry cough, fatigue, dehydration","Severe case of Laryngitis. Inflammation of the voice box (larynx) from overuse, irritation or infection. Target demographic: Elderly.",Seek immediate medical attention.
83,Osteoarthritis,Musculoskeletal,Mild,Child,"joint pain,  stiffness","Mild case of Osteoarthritis. The most common form of arthritis, caused by wear and tear of cartilage. Target demographic: Child.",Rest and hydration recommended.
84,Allergic Rhinitis,Immune,Moderate,Elderly,"sneezing, runny nose, itchy eyes, congestion",Moderate case of Allergic Rhinitis. An allergic response to allergens like pollen or dust. Target demographic: Elderly.,Over-the-counter medication may help.
85,Allergic Rhinitis,Immune,Mild,Adult,"sneezing,  runny nose",Mild case of Allergic Rhinitis. An allergic response to allergens like pollen or dust. Target demographic: Adult.,Prescription medication might be required.
86,Bronchitis,Respiratory,Chronic,Male,"cough with mucus, fatigue, shortness of breath, chest discomfort",Chronic case of Bronchitis. Inflammation of the bronchial tubes. Target demographic: Male.,Apply ice or heat to the affected area.
87,Heat Exhaustion,Environmental,Mild,Child,"heavy sweating,  faintness",Mild case of Heat Exhaustion. A condition where the body overheats due to exposure to high temperatures. Target demographic: Child.,Apply ice or heat to the affected area.
88,Dandruff,Skin,Moderate,Female,"flaking scalp, itching, dry skin",Moderate case of Dandruff. A common condition that causes the skin on the scalp to flake. Target demographic: Female.,Home remedies can alleviate symptoms.
89,Insomnia,Mental Health,Moderate,General,"difficulty falling asleep, waking up frequently, daytime tiredness",Moderate case of Insomnia. A sleep disorder characterized by persistent problems falling and staying asleep. Target demographic: General.,Rest and hydration recommended.
90,Muscle Strain,Musculoskeletal,Severe,Female,"sudden pain, swelling, muscle weakness, bruising, fatigue, dehydration",Severe case of Muscle Strain. Damage to a muscle or its attaching tendons. Target demographic: Female.,Over-the-counter medication may help.
91,Jock Itch,Skin,Acute,Female,"red, itchy rash in the groin area, burning sensation","Acute case of Jock Itch. A fungal infection that causes a red, itchy rash in warm, moist areas of the body. Target demographic: Female.",Over-the-counter medication may help.
92,Insomnia,Mental Health,Moderate,Adult,"difficulty falling asleep, waking up frequently, daytime tiredness",Moderate case of Insomnia. A sleep disorder characterized by persistent problems falling and staying asleep. Target demographic: Adult.,Avoid triggers like spicy food or allergens.
93,Lower Back Pain,Musculoskeletal,Moderate,Child,"pain in lower back, stiffness, reduced range of motion","Moderate case of Lower Back Pain. Common disorder involving the muscles, nerves, and bones of the back. Target demographic: Child.",Home remedies can alleviate symptoms.
94,Muscle Strain,Musculoskeletal,Acute,Male,"sudden pain, swelling, muscle weakness, bruising",Acute case of Muscle Strain. Damage to a muscle or its attaching tendons. Target demographic: Male.,Maintain good hygiene.
95,Asthma,Respiratory,Mild,Child,"wheezing,  shortness of breath",Mild case of Asthma. A condition in which airways narrow and swell and may produce extra mucus. Target demographic: Child.,Seek immediate medical attention.
96,Pink Eye,Eyes,Mild,Male,"redness,  itching",Mild case of Pink Eye. Inflammation or infection of the transparent membrane lining the eyelid. Target demographic: Male.,Monitor symptoms closely.
97,Contact Dermatitis,Skin,Acute,Female,"red rash, itching, dry skin, blisters",Acute case of Contact Dermatitis. A skin reaction caused by contact with an allergen or irritant. Target demographic: Female.,Prescription medication might be required.
98,Heartburn,Digestive,Acute,General,"burning pain in chest, sour taste in mouth, pain worsening when lying down","Acute case of Heartburn. A burning sensation in the chest, just behind the breastbone. Target demographic: General.",Home remedies can alleviate symptoms.
99,Yeast Infection,Reproductive,Moderate,Female,"itching, irritation, vaginal discharge, pain during urination","Moderate case of Yeast Infection. A fungal infection that causes irritation, discharge, and intense itchiness. Target demographic: Female.",Seek immediate medical attention.
100,Common Cold,Respiratory,Moderate,Elderly,"runny nose, sore throat, coughing, sneezing",Moderate case of Common Cold. A viral infection of the upper respiratory tract. Target demographic: Elderly.,Consult a doctor if symptoms persist for more than 48 hours.
101,Canker Sore,Dental,Severe,Elderly,"small ulcer in mouth, pain, difficulty eating, fatigue, dehydration","Severe case of Canker Sore. A small, shallow lesion on the soft tissues in your mouth. Target demographic: Elderly.",Seek immediate medical attention.
102,Asthma,Respiratory,Moderate,Elderly,"wheezing, shortness of breath, chest tightness, coughing",Moderate case of Asthma. A condition in which airways narrow and swell and may produce extra mucus. Target demographic: Elderly.,Seek immediate medical attention.
103,Allergic Rhinitis,Immune,Severe,Child,"sneezing, runny nose, itchy eyes, congestion, fatigue, dehydration",Severe case of Allergic Rhinitis. An allergic response to allergens like pollen or dust. Target demographic: Child.,Avoid triggers like spicy food or allergens.
104,Tension Headache,Neurological,Chronic,Child,"dull head pain, pressure across forehead, scalp tenderness","Chronic case of Tension Headache. The most common type of headache, often stress-related. Target demographic: Child.",Maintain good hygiene.
105,Anxiety,Mental Health,Severe,Child,"nervousness, rapid heart rate, trembling, sweating, fatigue, dehydration","Severe case of Anxiety. Intense, excessive, and persistent worry and fear. Target demographic: Child.",Seek immediate medical attention.
106,Hemorrhoids,Digestive,Severe,Child,"rectal bleeding, itching, pain, swelling, fatigue, dehydration",Severe case of Hemorrhoids. Swollen veins in the lowest part of your rectum and anus. Target demographic: Child.,Monitor symptoms closely.
107,Asthma,Respiratory,Chronic,Elderly,"wheezing, shortness of breath, chest tightness, coughing",Chronic case of Asthma. A condition in which airways narrow and swell and may produce extra mucus. Target demographic: Elderly.,Avoid triggers like spicy food or allergens.
108,Nosebleed,General,Acute,Adult,"bleeding from nose, dry nasal membranes","Acute case of Nosebleed. Bleeding from the inside of the nose, common in dry climates. Target demographic: Adult.",Maintain good hygiene.
109,Hypertension,Cardiovascular,Moderate,Elderly,"headaches, shortness of breath, nosebleeds",Moderate case of Hypertension. High blood pressure is a common condition where blood pressure is elevated. Target demographic: Elderly.,Home remedies can alleviate symptoms.
110,Anxiety,Mental Health,Moderate,Male,"nervousness, rapid heart rate, trembling, sweating","Moderate case of Anxiety. Intense, excessive, and persistent worry and fear. Target demographic: Male.",Avoid triggers like spicy food or allergens.
111,Influenza,Respiratory,Chronic,Female,"high fever, chills, muscle aches, fatigue, cough",Chronic case of Influenza. A contagious respiratory illness caused by influenza viruses. Target demographic: Female.,Consult a doctor if symptoms persist for more than 48 hours.
112,Migraine,Neurological,Chronic,Child,"severe headache, nausea, sensitivity to light, blurred vision",Chronic case of Migraine. A neurological condition characterized by intense headaches. Target demographic: Child.,Consult a doctor if symptoms persist for more than 48 hours.
113,Common Cold,Respiratory,Acute,Child,"runny nose, sore throat, coughing, sneezing",Acute case of Common Cold. A viral infection of the upper respiratory tract. Target demographic: Child.,Maintain good hygiene.
114,Sinusitis,Respiratory,Acute,Female,"facial pain, thick nasal discharge, headache, cough",Acute case of Sinusitis. Inflammation or swelling of the tissue lining the sinuses. Target demographic: Female.,Avoid triggers like spicy food or allergens.
115,Laryngitis,Respiratory,Acute,Female,"hoarseness, weak voice, sore throat, dry cough","Acute case of Laryngitis. Inflammation of the voice box (larynx) from overuse, irritation or infection. Target demographic: Female.",Over-the-counter medication may help.
116,Gastroenteritis,Digestive,Mild,Adult,"diarrhea,  stomach cramps","Mild case of Gastroenteritis. Inflammation of the stomach and intestines, often called stomach flu. Target demographic: Adult.",Monitor symptoms closely.
117,Bronchitis,Respiratory,Acute,Female,"cough with mucus, fatigue, shortness of breath, chest discomfort",Acute case of Bronchitis. Inflammation of the bronchial tubes. Target demographic: Female.,Maintain good hygiene.
118,Nosebleed,General,Acute,General,"bleeding from nose, dry nasal membranes","Acute case of Nosebleed. Bleeding from the inside of the nose, common in dry climates. Target demographic: General.",Apply ice or heat to the affected area.
119,Gingivitis,Dental,Severe,Elderly,"swollen gums, bleeding gums, bad breath, receding gums, fatigue, dehydration",Severe case of Gingivitis. A common and mild form of gum disease that causes irritation. Target demographic: Elderly.,Avoid triggers like spicy food or allergens.
120,Indigestion,Digestive,Chronic,Male,"upper abdominal pain, bloating, belching, nausea",Chronic case of Indigestion. Discomfort in your upper abdomen often caused by eating too much or too fast. Target demographic: Male.,Rest and hydration recommended.
121,Motion Sickness,Neurological,Mild,Child,"nausea,  vomiting","Mild case of Motion Sickness. A sick feeling triggered by movement from cars, planes, or boats. Target demographic: Child.",Prescription medication might be required.
122,Carpal Tunnel,Musculoskeletal,Moderate,General,"numbness, tingling, weakness in hand",Moderate case of Carpal Tunnel. Pressure on the median nerve causing numbness and tingling in the hand. Target demographic: General.,Prescription medication might be required.
123,Canker Sore,Dental,Severe,Child,"small ulcer in mouth, pain, difficulty eating, fatigue, dehydration","Severe case of Canker Sore. A small, shallow lesion on the soft tissues in your mouth. Target demographic: Child.",Maintain good hygiene.
124,Menstrual Cramps,Reproductive,Acute,Child,"throbbing pain in lower abdomen, nausea, headache",Acute case of Menstrual Cramps. Pain in the lower abdomen that occurs during a menstrual period. Target demographic: Child.,Over-the-counter medication may help.
125,Carpal Tunnel,Musculoskeletal,Chronic,Child,"numbness, tingling, weakness in hand",Chronic case of Carpal Tunnel. Pressure on the median nerve causing numbness and tingling in the hand. Target demographic: Child.,Apply ice or heat to the affected area.
126,Nausea,Digestive,Severe,Female,"feeling sick to stomach, urge to vomit, dizziness, fatigue, dehydration",Severe case of Nausea. An uncomfortable sensation in the stomach that leads to an urge to vomit. Target demographic: Female.,Consult a doctor if symptoms persist for more than 48 hours.
127,Influenza,Respiratory,Mild,Child,"high fever,  chills",Mild case of Influenza. A contagious respiratory illness caused by influenza viruses. Target demographic: Child.,Home remedies can alleviate symptoms.
128,Ear Infection,Ears,Moderate,Elderly,"ear pain, difficulty hearing, drainage from ear",Moderate case of Ear Infection. A bacterial or viral infection that affects the middle ear. Target demographic: Elderly.,Seek immediate medical attention.
129,Common Cold,Respiratory,Moderate,General,"runny nose, sore throat, coughing, sneezing",Moderate case of Common Cold. A viral infection of the upper respiratory tract. Target demographic: General.,Home remedies can alleviate symptoms.
130,Toothache,Dental,Chronic,Child,"tooth pain, swelling around tooth, fever, drainage",Chronic case of Toothache. Pain in or around a tooth caused by various dental problems. Target demographic: Child.,Prescription medication might be required.
131,Urinary Tract Infection,Urinary,Mild,Child,"burning during urination,  frequent urge to urinate",Mild case of Urinary Tract Infection. An infection in any part of the urinary system. Target demographic: Child.,Apply ice or heat to the affected area.
132,Athlete's Foot,Skin,Chronic,Adult,"scaly rash, itching, stinging, blisters on feet",Chronic case of Athlete's Foot. A fungal infection that usually begins between the toes. Target demographic: Adult.,Seek immediate medical attention.
133,Pink Eye,Eyes,Mild,Child,"redness,  itching",Mild case of Pink Eye. Inflammation or infection of the transparent membrane lining the eyelid. Target demographic: Child.,Consult a doctor if symptoms persist for more than 48 hours.
134,Tennis Elbow,Musculoskeletal,Severe,Elderly,"pain on outer elbow, weak grip, burning sensation, fatigue, dehydration","Severe case of Tennis Elbow. Painful condition caused by overuse of arm, forearm, and hand muscles. Target demographic: Elderly.",Over-the-counter medication may help.
135,Sunburn,Skin,Moderate,Female,"red skin, pain, swelling, blisters",Moderate case of Sunburn. Skin damage caused by ultraviolet (UV) rays from the sun. Target demographic: Female.,Over-the-counter medication may help.
136,Cold Sore,Skin,Acute,Adult,"tingling, blisters on lip, pain, itching",Acute case of Cold Sore. A group of fluid-filled blisters caused by the herpes simplex virus. Target demographic: Adult.,Consult a doctor if symptoms persist for more than 48 hours.
137,Osteoarthritis,Musculoskeletal,Moderate,Male,"joint pain, stiffness, tenderness, loss of flexibility","Moderate case of Osteoarthritis. The most common form of arthritis, caused by wear and tear of cartilage. Target demographic: Male.",Consult a doctor if symptoms persist for more than 48 hours.
138,Tennis Elbow,Musculoskeletal,Chronic,Female,"pain on outer elbow, weak grip, burning sensation","Chronic case of Tennis Elbow. Painful condition caused by overuse of arm, forearm, and hand muscles. Target demographic: Female.",Home remedies can alleviate symptoms.
139,Carpal Tunnel,Musculoskeletal,Mild,General,"numbness,  tingling",Mild case of Carpal Tunnel. Pressure on the median nerve causing numbness and tingling in the hand. Target demographic: General.,Maintain good hygiene.
140,Toothache,Dental,Moderate,Male,"tooth pain, swelling around tooth, fever, drainage",Moderate case of Toothache. Pain in or around a tooth caused by various dental problems. Target demographic: Male.,Prescription medication might be required.
141,Viral Pharyngitis,Respiratory,Moderate,Male,"sore throat, scratchy throat, difficulty swallowing","Moderate case of Viral Pharyngitis. Inflammation of the pharynx, usually caused by a viral infection. Target demographic: Male.",Consult a doctor if symptoms persist for more than 48 hours.
142,Gastroenteritis,Digestive,Chronic,Male,"diarrhea, stomach cramps, nausea, vomiting","Chronic case of Gastroenteritis. Inflammation of the stomach and intestines, often called stomach flu. Target demographic: Male.",Home remedies can alleviate symptoms.
143,Gingivitis,Dental,Mild,Elderly,"swollen gums,  bleeding gums",Mild case of Gingivitis. A common and mild form of gum disease that causes irritation. Target demographic: Elderly.,Consult a doctor if symptoms persist for more than 48 hours.
144,Muscle Strain,Musculoskeletal,Chronic,Male,"sudden pain, swelling, muscle weakness, bruising",Chronic case of Muscle Strain. Damage to a muscle or its attaching tendons. Target demographic: Male.,Over-the-counter medication may help.
145,Hives,Skin,Moderate,Child,"red welts, itching, swelling, burning sensation","Moderate case of Hives. A skin reaction that causes itchy welts, often triggered by allergens. Target demographic: Child.",Prescription medication might be required.
146,Nosebleed,General,Severe,Elderly,"bleeding from nose, dry nasal membranes, fatigue, dehydration","Severe case of Nosebleed. Bleeding from the inside of the nose, common in dry climates. Target demographic: Elderly.",Avoid triggers like spicy food or allergens.
147,Tension Headache,Neurological,Mild,Elderly,"dull head pain,  pressure across forehead","Mild case of Tension Headache. The most common type of headache, often stress-related. Target demographic: Elderly.",Home remedies can alleviate symptoms.
148,Allergic Rhinitis,Immune,Acute,Adult,"sneezing, runny nose, itchy eyes, congestion",Acute case of Allergic Rhinitis. An allergic response to allergens like pollen or dust. Target demographic: Adult.,Home remedies can alleviate symptoms.
149,Dandruff,Skin,Mild,Female,"flaking scalp,  itching",Mild case of Dandruff. A common condition that causes the skin on the scalp to flake. Target demographic: Female.,Home remedies can alleviate symptoms.
150,Pink Eye,Eyes,Moderate,Female,"redness, itching, discharge, tearing",Moderate case of Pink Eye. Inflammation or infection of the transparent membrane lining the eyelid. Target demographic: Female.,Prescription medication might be required.
151,Ear Infection,Ears,Chronic,Elderly,"ear pain, difficulty hearing, drainage from ear",Chronic case of Ear Infection. A bacterial or viral infection that affects the middle ear. Target demographic: Elderly.,Rest and hydration recommended.
152,Constipation,Digestive,Severe,Female,"infrequent bowel movements, hard stools, straining, fatigue, dehydration",Severe case of Constipation. Infrequent bowel movements or difficult passage of stools. Target demographic: Female.,Home remedies can alleviate symptoms.
153,Migraine,Neurological,Mild,Adult,"severe headache,  nausea",Mild case of Migraine. A neurological condition characterized by intense headaches. Target demographic: Adult.,Prescription medication might be required.
154,Carpal Tunnel,Musculoskeletal,Chronic,General,"numbness, tingling, weakness in hand",Chronic case of Carpal Tunnel. Pressure on the median nerve causing numbness and tingling in the hand. Target demographic: General.,Prescription medication might be required.
155,Constipation,Digestive,Moderate,General,"infrequent bowel movements, hard stools, straining",Moderate case of Constipation. Infrequent bowel movements or difficult passage of stools. Target demographic: General.,Maintain good hygiene.
156,Insomnia,Mental Health,Chronic,Elderly,"difficulty falling asleep, waking up frequently, daytime tiredness",Chronic case of Insomnia. A sleep disorder characterized by persistent problems falling and staying asleep. Target demographic: Elderly.,Avoid triggers like spicy food or allergens.
157,Dehydration,Metabolic,Chronic,General,"extreme thirst, dry mouth, dark urine, fatigue",Chronic case of Dehydration. Occurs when you use or lose more fluid than you take in. Target demographic: General.,Maintain good hygiene.
158,Dandruff,Skin,Mild,Male,"flaking scalp,  itching",Mild case of Dandruff. A common condition that causes the skin on the scalp to flake. Target demographic: Male.,Rest and hydration recommended.
159,Acid Reflux,Digestive,Severe,Female,"heartburn, chest pain, regurgitation, difficulty swallowing, fatigue, dehydration",Severe case of Acid Reflux. A digestive disease where stomach acid irritates the food pipe. Target demographic: Female.,Avoid triggers like spicy food or allergens.
160,Bunion,Musculoskeletal,Mild,Female,"bump on big toe joint,  redness",Mild case of Bunion. A bony bump that forms on the joint at the base of your big toe. Target demographic: Female.,Over-the-counter medication may help.
161,Carpal Tunnel,Musculoskeletal,Chronic,Elderly,"numbness, tingling, weakness in hand",Chronic case of Carpal Tunnel. Pressure on the median nerve causing numbness and tingling in the hand. Target demographic: Elderly.,Avoid triggers like spicy food or allergens.
162,Motion Sickness,Neurological,Acute,Child,"nausea, vomiting, dizziness, cold sweats","Acute case of Motion Sickness. A sick feeling triggered by movement from cars, planes, or boats. Target demographic: Child.",Home remedies can alleviate symptoms.
163,Jock Itch,Skin,Acute,General,"red, itchy rash in the groin area, burning sensation","Acute case of Jock Itch. A fungal infection that causes a red, itchy rash in warm, moist areas of the body. Target demographic: General.",Monitor symptoms closely.
164,Dehydration,Metabolic,Mild,General,"extreme thirst,  dry mouth",Mild case of Dehydration. Occurs when you use or lose more fluid than you take in. Target demographic: General.,Monitor symptoms closely.
165,Motion Sickness,Neurological,Severe,Elderly,"nausea, vomiting, dizziness, cold sweats, fatigue, dehydration","Severe case of Motion Sickness. A sick feeling triggered by movement from cars, planes, or boats. Target demographic: Elderly.",Maintain good hygiene.
166,Constipation,Digestive,Acute,Adult,"infrequent bowel movements, hard stools, straining",Acute case of Constipation. Infrequent bowel movements or difficult passage of stools. Target demographic: Adult.,Consult a doctor if symptoms persist for more than 48 hours.
167,Jock Itch,Skin,Severe,Female,"red, itchy rash in the groin area, burning sensation, fatigue, dehydration","Severe case of Jock Itch. A fungal infection that causes a red, itchy rash in warm, moist areas of the body. Target demographic: Female.",Prescription medication might be required.
168,Eczema,Skin,Mild,Male,"dry,  itchy skin","Mild case of Eczema. A condition where patches of skin become inflamed, itchy, and cracked. Target demographic: Male.",Rest and hydration recommended.
169,Laryngitis,Respiratory,Chronic,Adult,"hoarseness, weak voice, sore throat, dry cough","Chronic case of Laryngitis. Inflammation of the voice box (larynx) from overuse, irritation or infection. Target demographic: Adult.",Consult a doctor if symptoms persist for more than 48 hours.
170,Motion Sickness,Neurological,Chronic,Child,"nausea, vomiting, dizziness, cold sweats","Chronic case of Motion Sickness. A sick feeling triggered by movement from cars, planes, or boats. Target demographic: Child.",Seek immediate medical attention.
171,Heat Exhaustion,Environmental,Chronic,General,"heavy sweating, faintness, dizziness, fatigue, cool skin",Chronic case of Heat Exhaustion. A condition where the body overheats due to exposure to high temperatures. Target demographic: General.,Consult a doctor if symptoms persist for more than 48 hours.
172,Gastroenteritis,Digestive,Chronic,Female,"diarrhea, stomach cramps, nausea, vomiting","Chronic case of Gastroenteritis. Inflammation of the stomach and intestines, often called stomach flu. Target demographic: Female.",Rest and hydration recommended.
173,Heartburn,Digestive,Chronic,Child,"burning pain in chest, sour taste in mouth, pain worsening when lying down","Chronic case of Heartburn. A burning sensation in the chest, just behind the breastbone. Target demographic: Child.",Maintain good hygiene.
174,Insomnia,Mental Health,Moderate,General,"difficulty falling asleep, waking up frequently, daytime tiredness",Moderate case of Insomnia. A sleep disorder characterized by persistent problems falling and staying asleep. Target demographic: General.,Consult a doctor if symptoms persist for more than 48 hours.
175,Constipation,Digestive,Chronic,Elderly,"infrequent bowel movements, hard stools, straining",Chronic case of Constipation. Infrequent bowel movements or difficult passage of stools. Target demographic: Elderly.,Consult a doctor if symptoms persist for more than 48 hours.
176,Gingivitis,Dental,Chronic,Elderly,"swollen gums, bleeding gums, bad breath, receding gums",Chronic case of Gingivitis. A common and mild form of gum disease that causes irritation. Target demographic: Elderly.,Over-the-counter medication may help.
177,Anxiety,Mental Health,Severe,General,"nervousness, rapid heart rate, trembling, sweating, fatigue, dehydration","Severe case of Anxiety. Intense, excessive, and persistent worry and fear. Target demographic: General.",Prescription medication might be required.
178,Athlete's Foot,Skin,Acute,Adult,"scaly rash, itching, stinging, blisters on feet",Acute case of Athlete's Foot. A fungal infection that usually begins between the toes. Target demographic: Adult.,Apply ice or heat to the affected area.
179,Hypertension,Cardiovascular,Severe,Child,"headaches, shortness of breath, nosebleeds, fatigue, dehydration",Severe case of Hypertension. High blood pressure is a common condition where blood pressure is elevated. Target demographic: Child.,Over-the-counter medication may help.
180,Common Cold,Respiratory,Chronic,Elderly,"runny nose, sore throat, coughing, sneezing",Chronic case of Common Cold. A viral infection of the upper respiratory tract. Target demographic: Elderly.,Monitor symptoms closely.
181,Hemorrhoids,Digestive,Mild,Female,"rectal bleeding,  itching",Mild case of Hemorrhoids. Swollen veins in the lowest part of your rectum and anus. Target demographic: Female.,Maintain good hygiene.
182,Type 2 Diabetes,Metabolic,Moderate,General,"increased thirst, frequent urination, hunger, fatigue",Moderate case of Type 2 Diabetes. A chronic condition that affects the way the body processes blood sugar. Target demographic: General.,Rest and hydration recommended.
183,Influenza,Respiratory,Mild,Elderly,"high fever,  chills",Mild case of Influenza. A contagious respiratory illness caused by influenza viruses. Target demographic: Elderly.,Maintain good hygiene.
184,Eczema,Skin,Moderate,Elderly,"dry, itchy skin, redness, cracked skin","Moderate case of Eczema. A condition where patches of skin become inflamed, itchy, and cracked. Target demographic: Elderly.",Apply ice or heat to the affected area.
185,Dandruff,Skin,Mild,Female,"flaking scalp,  itching",Mild case of Dandruff. A common condition that causes the skin on the scalp to flake. Target demographic: Female.,Avoid triggers like spicy food or allergens.
186,Jock Itch,Skin,Mild,Elderly,"red,  itchy rash in the groin area","Mild case of Jock Itch. A fungal infection that causes a red, itchy rash in warm, moist areas of the body. Target demographic: Elderly.",Maintain good hygiene.
187,Nosebleed,General,Severe,Child,"bleeding from nose, dry nasal membranes, fatigue, dehydration","Severe case of Nosebleed. Bleeding from the inside of the nose, common in dry climates. Target demographic: Child.",Over-the-counter medication may help.
188,Dandruff,Skin,Chronic,Female,"flaking scalp, itching, dry skin",Chronic case of Dandruff. A common condition that causes the skin on the scalp to flake. Target demographic: Female.,Home remedies can alleviate symptoms.
189,Strep Throat,Respiratory,Acute,Elderly,"throat pain, fever, swollen lymph nodes, white patches on tonsils",Acute case of Strep Throat. A bacterial infection that causes inflammation and pain in the throat. Target demographic: Elderly.,Maintain good hygiene.
190,Hypertension,Cardiovascular,Mild,Elderly,"headaches,  shortness of breath",Mild case of Hypertension. High blood pressure is a common condition where blood pressure is elevated. Target demographic: Elderly.,Rest and hydration recommended.
191,Dandruff,Skin,Moderate,Elderly,"flaking scalp, itching, dry skin",Moderate case of Dandruff. A common condition that causes the skin on the scalp to flake. Target demographic: Elderly.,Consult a doctor if symptoms persist for more than 48 hours.
192,Urinary Tract Infection,Urinary,Mild,Adult,"burning during urination,  frequent urge to urinate",Mild case of Urinary Tract Infection. An infection in any part of the urinary system. Target demographic: Adult.,Maintain good hygiene.
193,Lower Back Pain,Musculoskeletal,Moderate,Elderly,"pain in lower back, stiffness, reduced range of motion","Moderate case of Lower Back Pain. Common disorder involving the muscles, nerves, and bones of the back. Target demographic: Elderly.",Prescription medication might be required.
194,Allergic Rhinitis,Immune,Acute,Female,"sneezing, runny nose, itchy eyes, congestion",Acute case of Allergic Rhinitis. An allergic response to allergens like pollen or dust. Target demographic: Female.,Consult a doctor if symptoms persist for more than 48 hours.
195,Allergic Rhinitis,Immune,Moderate,Elderly,"sneezing, runny nose, itchy eyes, congestion",Moderate case of Allergic Rhinitis. An allergic response to allergens like pollen or dust. Target demographic: Elderly.,Avoid triggers like spicy food or allergens.
196,Allergic Rhinitis,Immune,Chronic,Elderly,"sneezing, runny nose, itchy eyes, congestion",Chronic case of Allergic Rhinitis. An allergic response to allergens like pollen or dust. Target demographic: Elderly.,Home remedies can alleviate symptoms.
197,Common Cold,Respiratory,Mild,Child,"runny nose,  sore throat",Mild case of Common Cold. A viral infection of the upper respiratory tract. Target demographic: Child.,Over-the-counter medication may help.
198,Common Cold,Respiratory,Severe,General,"runny nose, sore throat, coughing, sneezing, fatigue, dehydration",Severe case of Common Cold. A viral infection of the upper respiratory tract. Target demographic: General.,Apply ice or heat to the affected area.
199,Contact Dermatitis,Skin,Acute,Female,"red rash, itching, dry skin, blisters",Acute case of Contact Dermatitis. A skin reaction caused by contact with an allergen or irritant. Target demographic: Female.,Seek immediate medical attention.
200,Hypertension,Cardiovascular,Moderate,Elderly,"headaches, shortness of breath, nosebleeds",Moderate case of Hypertension. High blood pressure is a common condition where blood pressure is elevated. Target demographic: Elderly.,Rest and hydration recommended.
201,Sunburn,Skin,Severe,Male,"red skin, pain, swelling, blisters, fatigue, dehydration",Severe case of Sunburn. Skin damage caused by ultraviolet (UV) rays from the sun. Target demographic: Male.,Home remedies can alleviate symptoms.
202,Viral Pharyngitis,Respiratory,Chronic,General,"sore throat, scratchy throat, difficulty swallowing","Chronic case of Viral Pharyngitis. Inflammation of the pharynx, usually caused by a viral infection. Target demographic: General.",Home remedies can alleviate symptoms.
203,Osteoarthritis,Musculoskeletal,Moderate,General,"joint pain, stiffness, tenderness, loss of flexibility","Moderate case of Osteoarthritis. The most common form of arthritis, caused by wear and tear of cartilage. Target demographic: General.",Consult a doctor if symptoms persist for more than 48 hours.
204,Carpal Tunnel,Musculoskeletal,Moderate,Elderly,"numbness, tingling, weakness in hand",Moderate case of Carpal Tunnel. Pressure on the median nerve causing numbness and tingling in the hand. Target demographic: Elderly.,Avoid triggers like spicy food or allergens.
205,Canker Sore,Dental,Acute,Elderly,"small ulcer in mouth, pain, difficulty eating","Acute case of Canker Sore. A small, shallow lesion on the soft tissues in your mouth. Target demographic: Elderly.",Consult a doctor if symptoms persist for more than 48 hours.
206,Influenza,Respiratory,Mild,Female,"high fever,  chills",Mild case of Influenza. A contagious respiratory illness caused by influenza viruses. Target demographic: Female.,Apply ice or heat to the affected area.
207,Athlete's Foot,Skin,Moderate,Child,"scaly rash, itching, stinging, blisters on feet",Moderate case of Athlete's Foot. A fungal infection that usually begins between the toes. Target demographic: Child.,Rest and hydration recommended.
208,Ear Infection,Ears,Chronic,General,"ear pain, difficulty hearing, drainage from ear",Chronic case of Ear Infection. A bacterial or viral infection that affects the middle ear. Target demographic: General.,Maintain good hygiene.
209,Bronchitis,Respiratory,Mild,Adult,"cough with mucus,  fatigue",Mild case of Bronchitis. Inflammation of the bronchial tubes. Target demographic: Adult.,Over-the-counter medication may help.
210,Asthma,Respiratory,Acute,Elderly,"wheezing, shortness of breath, chest tightness, coughing",Acute case of Asthma. A condition in which airways narrow and swell and may produce extra mucus. Target demographic: Elderly.,Over-the-counter medication may help.
211,Acid Reflux,Digestive,Moderate,General,"heartburn, chest pain, regurgitation, difficulty swallowing",Moderate case of Acid Reflux. A digestive disease where stomach acid irritates the food pipe. Target demographic: General.,Seek immediate medical attention.
212,Yeast Infection,Reproductive,Severe,Male,"itching, irritation, vaginal discharge, pain during urination, fatigue, dehydration","Severe case of Yeast Infection. A fungal infection that causes irritation, discharge, and intense itchiness. Target demographic: Male.",Apply ice or heat to the affected area.
213,Asthma,Respiratory,Acute,Female,"wheezing, shortness of breath, chest tightness, coughing",Acute case of Asthma. A condition in which airways narrow and swell and may produce extra mucus. Target demographic: Female.,Avoid triggers like spicy food or allergens.
214,Gastroenteritis,Digestive,Moderate,Child,"diarrhea, stomach cramps, nausea, vomiting","Moderate case of Gastroenteritis. Inflammation of the stomach and intestines, often called stomach flu. Target demographic: Child.",Consult a doctor if symptoms persist for more than 48 hours.
215,Tennis Elbow,Musculoskeletal,Mild,Male,"pain on outer elbow,  weak grip","Mild case of Tennis Elbow. Painful condition caused by overuse of arm, forearm, and hand muscles. Target demographic: Male.",Over-the-counter medication may help.
216,Type 2 Diabetes,Metabolic,Moderate,General,"increased thirst, frequent urination, hunger, fatigue",Moderate case of Type 2 Diabetes. A chronic condition that affects the way the body processes blood sugar. Target demographic: General.,Prescription medication might be required.
217,Food Poisoning,Digestive,Acute,General,"nausea, vomiting, watery diarrhea, abdominal pain",Acute case of Food Poisoning. Illness caused by consuming contaminated food. Target demographic: General.,Avoid triggers like spicy food or allergens.
218,Asthma,Respiratory,Mild,Female,"wheezing,  shortness of breath",Mild case of Asthma. A condition in which airways narrow and swell and may produce extra mucus. Target demographic: Female.,Rest and hydration recommended.
219,Viral Pharyngitis,Respiratory,Chronic,Male,"sore throat, scratchy throat, difficulty swallowing","Chronic case of Viral Pharyngitis. Inflammation of the pharynx, usually caused by a viral infection. Target demographic: Male.",Apply ice or heat to the affected area.
220,Menstrual Cramps,Reproductive,Chronic,Male,"throbbing pain in lower abdomen, nausea, headache",Chronic case of Menstrual Cramps. Pain in the lower abdomen that occurs during a menstrual period. Target demographic: Male.,Apply ice or heat to the affected area.
221,Osteoarthritis,Musculoskeletal,Moderate,Elderly,"joint pain, stiffness, tenderness, loss of flexibility","Moderate case of Osteoarthritis. The most common form of arthritis, caused by wear and tear of cartilage. Target demographic: Elderly.",Seek immediate medical attention.
222,Sinusitis,Respiratory,Mild,Child,"facial pain,  thick nasal discharge",Mild case of Sinusitis. Inflammation or swelling of the tissue lining the sinuses. Target demographic: Child.,Maintain good hygiene.
223,Jock Itch,Skin,Mild,Elderly,"red,  itchy rash in the groin area","Mild case of Jock Itch. A fungal infection that causes a red, itchy rash in warm, moist areas of the body. Target demographic: Elderly.",Over-the-counter medication may help.
224,Bunion,Musculoskeletal,Moderate,Male,"bump on big toe joint, redness, pain, swelling",Moderate case of Bunion. A bony bump that forms on the joint at the base of your big toe. Target demographic: Male.,Home remedies can alleviate symptoms.
225,Osteoarthritis,Musculoskeletal,Moderate,General,"joint pain, stiffness, tenderness, loss of flexibility","Moderate case of Osteoarthritis. The most common form of arthritis, caused by wear and tear of cartilage. Target demographic: General.",Seek immediate medical attention.
226,Influenza,Respiratory,Chronic,Adult,"high fever, chills, muscle aches, fatigue, cough",Chronic case of Influenza. A contagious respiratory illness caused by influenza viruses. Target demographic: Adult.,Seek immediate medical attention.
227,Strep Throat,Respiratory,Acute,Adult,"throat pain, fever, swollen lymph nodes, white patches on tonsils",Acute case of Strep Throat. A bacterial infection that causes inflammation and pain in the throat. Target demographic: Adult.,Seek immediate medical attention.
228,Influenza B,Respiratory,Severe,Adult,"fever, chills, muscle aches, cough, fatigue, fatigue, dehydration","Severe case of Influenza B. A specific strain of the flu virus, typically appearing in seasonal outbreaks. Target demographic: Adult.",Seek immediate medical attention.
229,Constipation,Digestive,Chronic,Elderly,"infrequent bowel movements, hard stools, straining",Chronic case of Constipation. Infrequent bowel movements or difficult passage of stools. Target demographic: Elderly.,Monitor symptoms closely.
230,Gastroenteritis,Digestive,Acute,Adult,"diarrhea, stomach cramps, nausea, vomiting","Acute case of Gastroenteritis. Inflammation of the stomach and intestines, often called stomach flu. Target demographic: Adult.",Consult a doctor if symptoms persist for more than 48 hours.
231,Migraine,Neurological,Moderate,Adult,"severe headache, nausea, sensitivity to light, blurred vision",Moderate case of Migraine. A neurological condition characterized by intense headaches. Target demographic: Adult.,Consult a doctor if symptoms persist for more than 48 hours.
232,Anxiety,Mental Health,Moderate,General,"nervousness, rapid heart rate, trembling, sweating","Moderate case of Anxiety. Intense, excessive, and persistent worry and fear. Target demographic: General.",Prescription medication might be required.
233,Migraine,Neurological,Mild,Female,"severe headache,  nausea",Mild case of Migraine. A neurological condition characterized by intense headaches. Target demographic: Female.,Monitor symptoms closely.
234,Osteoarthritis,Musculoskeletal,Chronic,Female,"joint pain, stiffness, tenderness, loss of flexibility","Chronic case of Osteoarthritis. The most common form of arthritis, caused by wear and tear of cartilage. Target demographic: Female.",Prescription medication might be required.
235,Viral Pharyngitis,Respiratory,Mild,Adult,"sore throat,  scratchy throat","Mild case of Viral Pharyngitis. Inflammation of the pharynx, usually caused by a viral infection. Target demographic: Adult.",Home remedies can alleviate symptoms.
236,Influenza,Respiratory,Moderate,Child,"high fever, chills, muscle aches, fatigue, cough",Moderate case of Influenza. A contagious respiratory illness caused by influenza viruses. Target demographic: Child.,Apply ice or heat to the affected area.
237,Hypertension,Cardiovascular,Severe,Child,"headaches, shortness of breath, nosebleeds, fatigue, dehydration",Severe case of Hypertension. High blood pressure is a common condition where blood pressure is elevated. Target demographic: Child.,Avoid triggers like spicy food or allergens.
238,Urinary Tract Infection,Urinary,Acute,Female,"burning during urination, frequent urge to urinate, cloudy urine",Acute case of Urinary Tract Infection. An infection in any part of the urinary system. Target demographic: Female.,Seek immediate medical attention.
239,Muscle Strain,Musculoskeletal,Severe,Female,"sudden pain, swelling, muscle weakness, bruising, fatigue, dehydration",Severe case of Muscle Strain. Damage to a muscle or its attaching tendons. Target demographic: Female.,Maintain good hygiene.
240,Cold Sore,Skin,Chronic,Child,"tingling, blisters on lip, pain, itching",Chronic case of Cold Sore. A group of fluid-filled blisters caused by the herpes simplex virus. Target demographic: Child.,Home remedies can alleviate symptoms.
241,Menstrual Cramps,Reproductive,Chronic,Adult,"throbbing pain in lower abdomen, nausea, headache",Chronic case of Menstrual Cramps. Pain in the lower abdomen that occurs during a menstrual period. Target demographic: Adult.,Monitor symptoms closely.
242,Tension Headache,Neurological,Moderate,Female,"dull head pain, pressure across forehead, scalp tenderness","Moderate case of Tension Headache. The most common type of headache, often stress-related. Target demographic: Female.",Apply ice or heat to the affected area.
243,Canker Sore,Dental,Moderate,Male,"small ulcer in mouth, pain, difficulty eating","Moderate case of Canker Sore. A small, shallow lesion on the soft tissues in your mouth. Target demographic: Male.",Rest and hydration recommended.
244,Gastroenteritis,Digestive,Mild,Child,"diarrhea,  stomach cramps","Mild case of Gastroenteritis. Inflammation of the stomach and intestines, often called stomach flu. Target demographic: Child.",Seek immediate medical attention.
245,Sunburn,Skin,Mild,Child,"red skin,  pain",Mild case of Sunburn. Skin damage caused by ultraviolet (UV) rays from the sun. Target demographic: Child.,Apply ice or heat to the affected area.
246,Migraine,Neurological,Mild,Male,"severe headache,  nausea",Mild case of Migraine. A neurological condition characterized by intense headaches. Target demographic: Male.,Consult a doctor if symptoms persist for more than 48 hours.
247,Insomnia,Mental Health,Mild,General,"difficulty falling asleep,  waking up frequently",Mild case of Insomnia. A sleep disorder characterized by persistent problems falling and staying asleep. Target demographic: General.,Over-the-counter medication may help.
248,Heartburn,Digestive,Chronic,Female,"burning pain in chest, sour taste in mouth, pain worsening when lying down","Chronic case of Heartburn. A burning sensation in the chest, just behind the breastbone. Target demographic: Female.",Rest and hydration recommended.
249,Acid Reflux,Digestive,Mild,Adult,"heartburn,  chest pain",Mild case of Acid Reflux. A digestive disease where stomach acid irritates the food pipe. Target demographic: Adult.,Monitor symptoms closely.
250,Ear Infection,Ears,Moderate,Child,"ear pain, difficulty hearing, drainage from ear",Moderate case of Ear Infection. A bacterial or viral infection that affects the middle ear. Target demographic: Child.,Seek immediate medical attention.
251,Influenza B,Respiratory,Mild,Adult,"fever,  chills","Mild case of Influenza B. A specific strain of the flu virus, typically appearing in seasonal outbreaks. Target demographic: Adult.",Monitor symptoms closely.
252,Hypertension,Cardiovascular,Severe,Female,"headaches, shortness of breath, nosebleeds, fatigue, dehydration",Severe case of Hypertension. High blood pressure is a common condition where blood pressure is elevated. Target demographic: Female.,Avoid triggers like spicy food or allergens.
253,Jock Itch,Skin,Chronic,General,"red, itchy rash in the groin area, burning sensation","Chronic case of Jock Itch. A fungal infection that causes a red, itchy rash in warm, moist areas of the body. Target demographic: General.",Maintain good hygiene.
254,Jock Itch,Skin,Moderate,Elderly,"red, itchy rash in the groin area, burning sensation","Moderate case of Jock Itch. A fungal infection that causes a red, itchy rash in warm, moist areas of the body. Target demographic: Elderly.",Home remedies can alleviate symptoms.
255,Canker Sore,Dental,Severe,Female,"small ulcer in mouth, pain, difficulty eating, fatigue, dehydration","Severe case of Canker Sore. A small, shallow lesion on the soft tissues in your mouth. Target demographic: Female.",Avoid triggers like spicy food or allergens.
256,Sunburn,Skin,Moderate,Child,"red skin, pain, swelling, blisters",Moderate case of Sunburn. Skin damage caused by ultraviolet (UV) rays from the sun. Target demographic: Child.,Apply ice or heat to the affected area.
257,Strep Throat,Respiratory,Chronic,Child,"throat pain, fever, swollen lymph nodes, white patches on tonsils",Chronic case of Strep Throat. A bacterial infection that causes inflammation and pain in the throat. Target demographic: Child.,Consult a doctor if symptoms persist for more than 48 hours.
258,Dandruff,Skin,Acute,Female,"flaking scalp, itching, dry skin",Acute case of Dandruff. A common condition that causes the skin on the scalp to flake. Target demographic: Female.,Seek immediate medical attention.
259,Tension Headache,Neurological,Chronic,Elderly,"dull head pain, pressure across forehead, scalp tenderness","Chronic case of Tension Headache. The most common type of headache, often stress-related. Target demographic: Elderly.",Avoid triggers like spicy food or allergens.
260,Ear Infection,Ears,Moderate,Child,"ear pain, difficulty hearing, drainage from ear",Moderate case of Ear Infection. A bacterial or viral infection that affects the middle ear. Target demographic: Child.,Avoid triggers like spicy food or allergens.
261,Pink Eye,Eyes,Mild,Adult,"redness,  itching",Mild case of Pink Eye. Inflammation or infection of the transparent membrane lining the eyelid. Target demographic: Adult.,Consult a doctor if symptoms persist for more than 48 hours.
262,Heat Exhaustion,Environmental,Mild,General,"heavy sweating,  faintness",Mild case of Heat Exhaustion. A condition where the body overheats due to exposure to high temperatures. Target demographic: General.,Monitor symptoms closely.
263,Cold Sore,Skin,Chronic,Adult,"tingling, blisters on lip, pain, itching",Chronic case of Cold Sore. A group of fluid-filled blisters caused by the herpes simplex virus. Target demographic: Adult.,Consult a doctor if symptoms persist for more than 48 hours.
264,Eczema,Skin,Severe,General,"dry, itchy skin, redness, cracked skin, fatigue, dehydration","Severe case of Eczema. A condition where patches of skin become inflamed, itchy, and cracked. Target demographic: General.",Over-the-counter medication may help.
265,Tension Headache,Neurological,Chronic,Female,"dull head pain, pressure across forehead, scalp tenderness","Chronic case of Tension Headache. The most common type of headache, often stress-related. Target demographic: Female.",Prescription medication might be required.
266,Allergic Rhinitis,Immune,Acute,Male,"sneezing, runny nose, itchy eyes, congestion",Acute case of Allergic Rhinitis. An allergic response to allergens like pollen or dust. Target demographic: Male.,Home remedies can alleviate symptoms.
267,Asthma,Respiratory,Mild,Adult,"wheezing,  shortness of breath",Mild case of Asthma. A condition in which airways narrow and swell and may produce extra mucus. Target demographic: Adult.,Apply ice or heat to the affected area.
268,Influenza B,Respiratory,Chronic,Child,"fever, chills, muscle aches, cough, fatigue","Chronic case of Influenza B. A specific strain of the flu virus, typically appearing in seasonal outbreaks. Target demographic: Child.",Home remedies can alleviate symptoms.
269,Sinusitis,Respiratory,Mild,Female,"facial pain,  thick nasal discharge",Mild case of Sinusitis. Inflammation or swelling of the tissue lining the sinuses. Target demographic: Female.,Over-the-counter medication may help.
270,Hypertension,Cardiovascular,Acute,Child,"headaches, shortness of breath, nosebleeds",Acute case of Hypertension. High blood pressure is a common condition where blood pressure is elevated. Target demographic: Child.,Home remedies can alleviate symptoms.
271,Gingivitis,Dental,Acute,Adult,"swollen gums, bleeding gums, bad breath, receding gums",Acute case of Gingivitis. A common and mild form of gum disease that causes irritation. Target demographic: Adult.,Avoid triggers like spicy food or allergens.
272,Hypertension,Cardiovascular,Chronic,Female,"headaches, shortness of breath, nosebleeds",Chronic case of Hypertension. High blood pressure is a common condition where blood pressure is elevated. Target demographic: Female.,Seek immediate medical attention.
273,Dandruff,Skin,Mild,Child,"flaking scalp,  itching",Mild case of Dandruff. A common condition that causes the skin on the scalp to flake. Target demographic: Child.,Apply ice or heat to the affected area.
274,Ear Infection,Ears,Acute,Male,"ear pain, difficulty hearing, drainage from ear",Acute case of Ear Infection. A bacterial or viral infection that affects the middle ear. Target demographic: Male.,Maintain good hygiene.
275,Strep Throat,Respiratory,Chronic,General,"throat pain, fever, swollen lymph nodes, white patches on tonsils",Chronic case of Strep Throat. A bacterial infection that causes inflammation and pain in the throat. Target demographic: General.,Avoid triggers like spicy food or allergens.
276,Influenza,Respiratory,Moderate,Female,"high fever, chills, muscle aches, fatigue, cough",Moderate case of Influenza. A contagious respiratory illness caused by influenza viruses. Target demographic: Female.,Maintain good hygiene.
277,Indigestion,Digestive,Moderate,Elderly,"upper abdominal pain, bloating, belching, nausea",Moderate case of Indigestion. Discomfort in your upper abdomen often caused by eating too much or too fast. Target demographic: Elderly.,Apply ice or heat to the affected area.
278,Fever,General,Severe,Child,"elevated body temperature, sweating, chills, headache, fatigue, dehydration","Severe case of Fever. A temporary increase in body temperature, often due to an illness. Target demographic: Child.",Consult a doctor if symptoms persist for more than 48 hours.
279,Pink Eye,Eyes,Acute,Child,"redness, itching, discharge, tearing",Acute case of Pink Eye. Inflammation or infection of the transparent membrane lining the eyelid. Target demographic: Child.,Avoid triggers like spicy food or allergens.
280,Gingivitis,Dental,Moderate,Adult,"swollen gums, bleeding gums, bad breath, receding gums",Moderate case of Gingivitis. A common and mild form of gum disease that causes irritation. Target demographic: Adult.,Consult a doctor if symptoms persist for more than 48 hours.
281,Laryngitis,Respiratory,Chronic,Female,"hoarseness, weak voice, sore throat, dry cough","Chronic case of Laryngitis. Inflammation of the voice box (larynx) from overuse, irritation or infection. Target demographic: Female.",Monitor symptoms closely.
282,Influenza,Respiratory,Mild,Female,"high fever,  chills",Mild case of Influenza. A contagious respiratory illness caused by influenza viruses. Target demographic: Female.,Monitor symptoms closely.
283,Tension Headache,Neurological,Moderate,Adult,"dull head pain, pressure across forehead, scalp tenderness","Moderate case of Tension Headache. The most common type of headache, often stress-related. Target demographic: Adult.",Avoid triggers like spicy food or allergens.
284,Anxiety,Mental Health,Chronic,Male,"nervousness, rapid heart rate, trembling, sweating","Chronic case of Anxiety. Intense, excessive, and persistent worry and fear. Target demographic: Male.",Over-the-counter medication may help.
285,Common Cold,Respiratory,Mild,Male,"runny nose,  sore throat",Mild case of Common Cold. A viral infection of the upper respiratory tract. Target demographic: Male.,Over-the-counter medication may help.
286,Migraine,Neurological,Acute,Female,"severe headache, nausea, sensitivity to light, blurred vision",Acute case of Migraine. A neurological condition characterized by intense headaches. Target demographic: Female.,Seek immediate medical attention.
287,Allergic Rhinitis,Immune,Acute,Child,"sneezing, runny nose, itchy eyes, congestion",Acute case of Allergic Rhinitis. An allergic response to allergens like pollen or dust. Target demographic: Child.,Apply ice or heat to the affected area.
288,Sinusitis,Respiratory,Acute,Female,"facial pain, thick nasal discharge, headache, cough",Acute case of Sinusitis. Inflammation or swelling of the tissue lining the sinuses. Target demographic: Female.,Rest and hydration recommended.
289,Nosebleed,General,Acute,Female,"bleeding from nose, dry nasal membranes","Acute case of Nosebleed. Bleeding from the inside of the nose, common in dry climates. Target demographic: Female.",Home remedies can alleviate symptoms.
290,Tennis Elbow,Musculoskeletal,Acute,Elderly,"pain on outer elbow, weak grip, burning sensation","Acute case of Tennis Elbow. Painful condition caused by overuse of arm, forearm, and hand muscles. Target demographic: Elderly.",Over-the-counter medication may help.
291,Urinary Tract Infection,Urinary,Acute,Male,"burning during urination, frequent urge to urinate, cloudy urine",Acute case of Urinary Tract Infection. An infection in any part of the urinary system. Target demographic: Male.,Monitor symptoms closely.
292,Type 2 Diabetes,Metabolic,Mild,General,"increased thirst,  frequent urination",Mild case of Type 2 Diabetes. A chronic condition that affects the way the body processes blood sugar. Target demographic: General.,Consult a doctor if symptoms persist for more than 48 hours.
293,Constipation,Digestive,Severe,Elderly,"infrequent bowel movements, hard stools, straining, fatigue, dehydration",Severe case of Constipation. Infrequent bowel movements or difficult passage of stools. Target demographic: Elderly.,Apply ice or heat to the affected area.
294,Strep Throat,Respiratory,Chronic,Male,"throat pain, fever, swollen lymph nodes, white patches on tonsils",Chronic case of Strep Throat. A bacterial infection that causes inflammation and pain in the throat. Target demographic: Male.,Prescription medication might be required.
295,Allergic Rhinitis,Immune,Severe,General,"sneezing, runny nose, itchy eyes, congestion, fatigue, dehydration",Severe case of Allergic Rhinitis. An allergic response to allergens like pollen or dust. Target demographic: General.,Maintain good hygiene.
296,Asthma,Respiratory,Moderate,Female,"wheezing, shortness of breath, chest tightness, coughing",Moderate case of Asthma. A condition in which airways narrow and swell and may produce extra mucus. Target demographic: Female.,Over-the-counter medication may help.
297,Indigestion,Digestive,Moderate,General,"upper abdominal pain, bloating, belching, nausea",Moderate case of Indigestion. Discomfort in your upper abdomen often caused by eating too much or too fast. Target demographic: General.,Over-the-counter medication may help.
298,Heartburn,Digestive,Severe,Male,"burning pain in chest, sour taste in mouth, pain worsening when lying down, fatigue, dehydration","Severe case of Heartburn. A burning sensation in the chest, just behind the breastbone. Target demographic: Male.",Monitor symptoms closely.
299,Common Cold,Respiratory,Chronic,Elderly,"runny nose, sore throat, coughing, sneezing",Chronic case of Common Cold. A viral infection of the upper respiratory tract. Target demographic: Elderly.,Home remedies can alleviate symptoms.
300,Heat Exhaustion,Environmental,Severe,Female,"heavy sweating, faintness, dizziness, fatigue, cool skin, fatigue, dehydration",Severe case of Heat Exhaustion. A condition where the body overheats due to exposure to high temperatures. Target demographic: Female.,Prescription medication might be required.
301,Hypertension,Cardiovascular,Moderate,Elderly,"headaches, shortness of breath, nosebleeds",Moderate case of Hypertension. High blood pressure is a common condition where blood pressure is elevated. Target demographic: Elderly.,Avoid triggers like spicy food or allergens.
302,Laryngitis,Respiratory,Mild,Elderly,"hoarseness,  weak voice","Mild case of Laryngitis. Inflammation of the voice box (larynx) from overuse, irritation or infection. Target demographic: Elderly.",Avoid triggers like spicy food or allergens.
303,Sinusitis,Respiratory,Mild,Adult,"facial pain,  thick nasal discharge",Mild case of Sinusitis. Inflammation or swelling of the tissue lining the sinuses. Target demographic: Adult.,Seek immediate medical attention.
304,Dehydration,Metabolic,Moderate,General,"extreme thirst, dry mouth, dark urine, fatigue",Moderate case of Dehydration. Occurs when you use or lose more fluid than you take in. Target demographic: General.,Monitor symptoms closely.
305,Influenza,Respiratory,Moderate,General,"high fever, chills, muscle aches, fatigue, cough",Moderate case of Influenza. A contagious respiratory illness caused by influenza viruses. Target demographic: General.,Seek immediate medical attention.
306,Viral Pharyngitis,Respiratory,Acute,Adult,"sore throat, scratchy throat, difficulty swallowing","Acute case of Viral Pharyngitis. Inflammation of the pharynx, usually caused by a viral infection. Target demographic: Adult.",Prescription medication might be required.
307,Sunburn,Skin,Moderate,Child,"red skin, pain, swelling, blisters",Moderate case of Sunburn. Skin damage caused by ultraviolet (UV) rays from the sun. Target demographic: Child.,Home remedies can alleviate symptoms.
308,Food Poisoning,Digestive,Severe,Adult,"nausea, vomiting, watery diarrhea, abdominal pain, fatigue, dehydration",Severe case of Food Poisoning. Illness caused by consuming contaminated food. Target demographic: Adult.,Home remedies can alleviate symptoms.
309,Tension Headache,Neurological,Mild,General,"dull head pain,  pressure across forehead","Mild case of Tension Headache. The most common type of headache, often stress-related. Target demographic: General.",Home remedies can alleviate symptoms.
310,Canker Sore,Dental,Mild,Adult,"small ulcer in mouth,  pain","Mild case of Canker Sore. A small, shallow lesion on the soft tissues in your mouth. Target demographic: Adult.",Seek immediate medical attention.
311,Nausea,Digestive,Acute,Male,"feeling sick to stomach, urge to vomit, dizziness",Acute case of Nausea. An uncomfortable sensation in the stomach that leads to an urge to vomit. Target demographic: Male.,Apply ice or heat to the affected area.
312,Hives,Skin,Chronic,Elderly,"red welts, itching, swelling, burning sensation","Chronic case of Hives. A skin reaction that causes itchy welts, often triggered by allergens. Target demographic: Elderly.",Apply ice or heat to the affected area.
313,Cold Sore,Skin,Mild,Elderly,"tingling,  blisters on lip",Mild case of Cold Sore. A group of fluid-filled blisters caused by the herpes simplex virus. Target demographic: Elderly.,Consult a doctor if symptoms persist for more than 48 hours.
314,Canker Sore,Dental,Moderate,Elderly,"small ulcer in mouth, pain, difficulty eating","Moderate case of Canker Sore. A small, shallow lesion on the soft tissues in your mouth. Target demographic: Elderly.",Avoid triggers like spicy food or allergens.
315,Eczema,Skin,Mild,General,"dry,  itchy skin","Mild case of Eczema. A condition where patches of skin become inflamed, itchy, and cracked. Target demographic: General.",Seek immediate medical attention.
316,Carpal Tunnel,Musculoskeletal,Moderate,General,"numbness, tingling, weakness in hand",Moderate case of Carpal Tunnel. Pressure on the median nerve causing numbness and tingling in the hand. Target demographic: General.,Monitor symptoms closely.
317,Motion Sickness,Neurological,Moderate,General,"nausea, vomiting, dizziness, cold sweats","Moderate case of Motion Sickness. A sick feeling triggered by movement from cars, planes, or boats. Target demographic: General.",Seek immediate medical attention.
318,Canker Sore,Dental,Severe,Elderly,"small ulcer in mouth, pain, difficulty eating, fatigue, dehydration","Severe case of Canker Sore. A small, shallow lesion on the soft tissues in your mouth. Target demographic: Elderly.",Apply ice or heat to the affected area.
319,Hives,Skin,Severe,Female,"red welts, itching, swelling, burning sensation, fatigue, dehydration","Severe case of Hives. A skin reaction that causes itchy welts, often triggered by allergens. Target demographic: Female.",Maintain good hygiene.
320,Ear Infection,Ears,Acute,Female,"ear pain, difficulty hearing, drainage from ear",Acute case of Ear Infection. A bacterial or viral infection that affects the middle ear. Target demographic: Female.,Over-the-counter medication may help.
321,Heat Exhaustion,Environmental,Moderate,Female,"heavy sweating, faintness, dizziness, fatigue, cool skin",Moderate case of Heat Exhaustion. A condition where the body overheats due to exposure to high temperatures. Target demographic: Female.,Seek immediate medical attention.
322,Lower Back Pain,Musculoskeletal,Moderate,General,"pain in lower back, stiffness, reduced range of motion","Moderate case of Lower Back Pain. Common disorder involving the muscles, nerves, and bones of the back. Target demographic: General.",Avoid triggers like spicy food or allergens.
323,Type 2 Diabetes,Metabolic,Mild,Adult,"increased thirst,  frequent urination",Mild case of Type 2 Diabetes. A chronic condition that affects the way the body processes blood sugar. Target demographic: Adult.,Avoid triggers like spicy food or allergens.
324,Laryngitis,Respiratory,Acute,Female,"hoarseness, weak voice, sore throat, dry cough","Acute case of Laryngitis. Inflammation of the voice box (larynx) from overuse, irritation or infection. Target demographic: Female.",Over-the-counter medication may help.
325,Strep Throat,Respiratory,Severe,Adult,"throat pain, fever, swollen lymph nodes, white patches on tonsils, fatigue, dehydration",Severe case of Strep Throat. A bacterial infection that causes inflammation and pain in the throat. Target demographic: Adult.,Avoid triggers like spicy food or allergens.
326,Lower Back Pain,Musculoskeletal,Moderate,General,"pain in lower back, stiffness, reduced range of motion","Moderate case of Lower Back Pain. Common disorder involving the muscles, nerves, and bones of the back. Target demographic: General.",Home remedies can alleviate symptoms.
327,Heat Exhaustion,Environmental,Acute,Female,"heavy sweating, faintness, dizziness, fatigue, cool skin",Acute case of Heat Exhaustion. A condition where the body overheats due to exposure to high temperatures. Target demographic: Female.,Home remedies can alleviate symptoms.
328,Pink Eye,Eyes,Mild,Female,"redness,  itching",Mild case of Pink Eye. Inflammation or infection of the transparent membrane lining the eyelid. Target demographic: Female.,Monitor symptoms closely.
329,Yeast Infection,Reproductive,Mild,Adult,"itching,  irritation","Mild case of Yeast Infection. A fungal infection that causes irritation, discharge, and intense itchiness. Target demographic: Adult.",Prescription medication might be required.
330,Gastroenteritis,Digestive,Chronic,General,"diarrhea, stomach cramps, nausea, vomiting","Chronic case of Gastroenteritis. Inflammation of the stomach and intestines, often called stomach flu. Target demographic: General.",Seek immediate medical attention.
331,Yeast Infection,Reproductive,Moderate,Elderly,"itching, irritation, vaginal discharge, pain during urination","Moderate case of Yeast Infection. A fungal infection that causes irritation, discharge, and intense itchiness. Target demographic: Elderly.",Home remedies can alleviate symptoms.
332,Laryngitis,Respiratory,Moderate,Adult,"hoarseness, weak voice, sore throat, dry cough","Moderate case of Laryngitis. Inflammation of the voice box (larynx) from overuse, irritation or infection. Target demographic: Adult.",Rest and hydration recommended.
333,Allergic Rhinitis,Immune,Severe,Elderly,"sneezing, runny nose, itchy eyes, congestion, fatigue, dehydration",Severe case of Allergic Rhinitis. An allergic response to allergens like pollen or dust. Target demographic: Elderly.,Prescription medication might be required.
334,Motion Sickness,Neurological,Chronic,General,"nausea, vomiting, dizziness, cold sweats","Chronic case of Motion Sickness. A sick feeling triggered by movement from cars, planes, or boats. Target demographic: General.",Consult a doctor if symptoms persist for more than 48 hours.
335,Constipation,Digestive,Chronic,Male,"infrequent bowel movements, hard stools, straining",Chronic case of Constipation. Infrequent bowel movements or difficult passage of stools. Target demographic: Male.,Maintain good hygiene.
336,Allergic Rhinitis,Immune,Mild,Elderly,"sneezing,  runny nose",Mild case of Allergic Rhinitis. An allergic response to allergens like pollen or dust. Target demographic: Elderly.,Apply ice or heat to the affected area.
337,Strep Throat,Respiratory,Severe,Child,"throat pain, fever, swollen lymph nodes, white patches on tonsils, fatigue, dehydration",Severe case of Strep Throat. A bacterial infection that causes inflammation and pain in the throat. Target demographic: Child.,Prescription medication might be required.
338,Anxiety,Mental Health,Chronic,Elderly,"nervousness, rapid heart rate, trembling, sweating","Chronic case of Anxiety. Intense, excessive, and persistent worry and fear. Target demographic: Elderly.",Avoid triggers like spicy food or allergens.
339,Tension Headache,Neurological,Moderate,Male,"dull head pain, pressure across forehead, scalp tenderness","Moderate case of Tension Headache. The most common type of headache, often stress-related. Target demographic: Male.",Monitor symptoms closely.
340,Nosebleed,General,Moderate,Female,"bleeding from nose, dry nasal membranes","Moderate case of Nosebleed. Bleeding from the inside of the nose, common in dry climates. Target demographic: Female.",Apply ice or heat to the affected area.
341,Common Cold,Respiratory,Severe,Elderly,"runny nose, sore throat, coughing, sneezing, fatigue, dehydration",Severe case of Common Cold. A viral infection of the upper respiratory tract. Target demographic: Elderly.,Maintain good hygiene.
342,Influenza,Respiratory,Severe,General,"high fever, chills, muscle aches, fatigue, cough, fatigue, dehydration",Severe case of Influenza. A contagious respiratory illness caused by influenza viruses. Target demographic: General.,Home remedies can alleviate symptoms.
343,Menstrual Cramps,Reproductive,Moderate,General,"throbbing pain in lower abdomen, nausea, headache",Moderate case of Menstrual Cramps. Pain in the lower abdomen that occurs during a menstrual period. Target demographic: General.,Seek immediate medical attention.
344,Influenza B,Respiratory,Mild,Female,"fever,  chills","Mild case of Influenza B. A specific strain of the flu virus, typically appearing in seasonal outbreaks. Target demographic: Female.",Seek immediate medical attention.
345,Osteoarthritis,Musculoskeletal,Chronic,General,"joint pain, stiffness, tenderness, loss of flexibility","Chronic case of Osteoarthritis. The most common form of arthritis, caused by wear and tear of cartilage. Target demographic: General.",Home remedies can alleviate symptoms.
346,Bunion,Musculoskeletal,Mild,Adult,"bump on big toe joint,  redness",Mild case of Bunion. A bony bump that forms on the joint at the base of your big toe. Target demographic: Adult.,Avoid triggers like spicy food or allergens.
347,Urinary Tract Infection,Urinary,Mild,Elderly,"burning during urination,  frequent urge to urinate",Mild case of Urinary Tract Infection. An infection in any part of the urinary system. Target demographic: Elderly.,Over-the-counter medication may help.
348,Tension Headache,Neurological,Acute,Male,"dull head pain, pressure across forehead, scalp tenderness","Acute case of Tension Headache. The most common type of headache, often stress-related. Target demographic: Male.",Avoid triggers like spicy food or allergens.
349,Strep Throat,Respiratory,Acute,Adult,"throat pain, fever, swollen lymph nodes, white patches on tonsils",Acute case of Strep Throat. A bacterial infection that causes inflammation and pain in the throat. Target demographic: Adult.,Rest and hydration recommended.
350,Fever,General,Acute,Male,"elevated body temperature, sweating, chills, headache","Acute case of Fever. A temporary increase in body temperature, often due to an illness. Target demographic: Male.",Maintain good hygiene.
351,Anxiety,Mental Health,Acute,General,"nervousness, rapid heart rate, trembling, sweating","Acute case of Anxiety. Intense, excessive, and persistent worry and fear. Target demographic: General.",Consult a doctor if symptoms persist for more than 48 hours.
352,Hives,Skin,Severe,Child,"red welts, itching, swelling, burning sensation, fatigue, dehydration","Severe case of Hives. A skin reaction that causes itchy welts, often triggered by allergens. Target demographic: Child.",Avoid triggers like spicy food or allergens.
353,Allergic Rhinitis,Immune,Acute,Female,"sneezing, runny nose, itchy eyes, congestion",Acute case of Allergic Rhinitis. An allergic response to allergens like pollen or dust. Target demographic: Female.,Rest and hydration recommended.
354,Carpal Tunnel,Musculoskeletal,Acute,General,"numbness, tingling, weakness in hand",Acute case of Carpal Tunnel. Pressure on the median nerve causing numbness and tingling in the hand. Target demographic: General.,Home remedies can alleviate symptoms.
355,Dehydration,Metabolic,Mild,Male,"extreme thirst,  dry mouth",Mild case of Dehydration. Occurs when you use or lose more fluid than you take in. Target demographic: Male.,Seek immediate medical attention.
356,Jock Itch,Skin,Mild,Male,"red,  itchy rash in the groin area","Mild case of Jock Itch. A fungal infection that causes a red, itchy rash in warm, moist areas of the body. Target demographic: Male.",Over-the-counter medication may help.
357,Fever,General,Acute,Child,"elevated body temperature, sweating, chills, headache","Acute case of Fever. A temporary increase in body temperature, often due to an illness. Target demographic: Child.",Over-the-counter medication may help.
358,Gingivitis,Dental,Acute,Elderly,"swollen gums, bleeding gums, bad breath, receding gums",Acute case of Gingivitis. A common and mild form of gum disease that causes irritation. Target demographic: Elderly.,Prescription medication might be required.
359,Viral Pharyngitis,Respiratory,Moderate,Child,"sore throat, scratchy throat, difficulty swallowing","Moderate case of Viral Pharyngitis. Inflammation of the pharynx, usually caused by a viral infection. Target demographic: Child.",Rest and hydration recommended.
360,Influenza B,Respiratory,Acute,Female,"fever, chills, muscle aches, cough, fatigue","Acute case of Influenza B. A specific strain of the flu virus, typically appearing in seasonal outbreaks. Target demographic: Female.",Prescription medication might be required.
361,Hemorrhoids,Digestive,Chronic,Adult,"rectal bleeding, itching, pain, swelling",Chronic case of Hemorrhoids. Swollen veins in the lowest part of your rectum and anus. Target demographic: Adult.,Prescription medication might be required.
362,Acid Reflux,Digestive,Chronic,Male,"heartburn, chest pain, regurgitation, difficulty swallowing",Chronic case of Acid Reflux. A digestive disease where stomach acid irritates the food pipe. Target demographic: Male.,Rest and hydration recommended.
363,Constipation,Digestive,Chronic,Female,"infrequent bowel movements, hard stools, straining",Chronic case of Constipation. Infrequent bowel movements or difficult passage of stools. Target demographic: Female.,Avoid triggers like spicy food or allergens.
364,Hives,Skin,Chronic,Adult,"red welts, itching, swelling, burning sensation","Chronic case of Hives. A skin reaction that causes itchy welts, often triggered by allergens. Target demographic: Adult.",Over-the-counter medication may help.
365,Contact Dermatitis,Skin,Moderate,General,"red rash, itching, dry skin, blisters",Moderate case of Contact Dermatitis. A skin reaction caused by contact with an allergen or irritant. Target demographic: General.,Avoid triggers like spicy food or allergens.
366,Canker Sore,Dental,Chronic,Elderly,"small ulcer in mouth, pain, difficulty eating","Chronic case of Canker Sore. A small, shallow lesion on the soft tissues in your mouth. Target demographic: Elderly.",Home remedies can alleviate symptoms.
367,Acid Reflux,Digestive,Severe,General,"heartburn, chest pain, regurgitation, difficulty swallowing, fatigue, dehydration",Severe case of Acid Reflux. A digestive disease where stomach acid irritates the food pipe. Target demographic: General.,Over-the-counter medication may help.
368,Type 2 Diabetes,Metabolic,Chronic,Female,"increased thirst, frequent urination, hunger, fatigue",Chronic case of Type 2 Diabetes. A chronic condition that affects the way the body processes blood sugar. Target demographic: Female.,Home remedies can alleviate symptoms.
369,Tennis Elbow,Musculoskeletal,Chronic,Adult,"pain on outer elbow, weak grip, burning sensation","Chronic case of Tennis Elbow. Painful condition caused by overuse of arm, forearm, and hand muscles. Target demographic: Adult.",Over-the-counter medication may help.
370,Asthma,Respiratory,Acute,Male,"wheezing, shortness of breath, chest tightness, coughing",Acute case of Asthma. A condition in which airways narrow and swell and may produce extra mucus. Target demographic: Male.,Apply ice or heat to the affected area.
371,Type 2 Diabetes,Metabolic,Chronic,Adult,"increased thirst, frequent urination, hunger, fatigue",Chronic case of Type 2 Diabetes. A chronic condition that affects the way the body processes blood sugar. Target demographic: Adult.,Seek immediate medical attention.
372,Canker Sore,Dental,Severe,General,"small ulcer in mouth, pain, difficulty eating, fatigue, dehydration","Severe case of Canker Sore. A small, shallow lesion on the soft tissues in your mouth. Target demographic: General.",Over-the-counter medication may help.
373,Viral Pharyngitis,Respiratory,Chronic,Child,"sore throat, scratchy throat, difficulty swallowing","Chronic case of Viral Pharyngitis. Inflammation of the pharynx, usually caused by a viral infection. Target demographic: Child.",Seek immediate medical attention.
374,Acid Reflux,Digestive,Severe,Child,"heartburn, chest pain, regurgitation, difficulty swallowing, fatigue, dehydration",Severe case of Acid Reflux. A digestive disease where stomach acid irritates the food pipe. Target demographic: Child.,Maintain good hygiene.
375,Canker Sore,Dental,Acute,Child,"small ulcer in mouth, pain, difficulty eating","Acute case of Canker Sore. A small, shallow lesion on the soft tissues in your mouth. Target demographic: Child.",Consult a doctor if symptoms persist for more than 48 hours.
376,Bunion,Musculoskeletal,Acute,Female,"bump on big toe joint, redness, pain, swelling",Acute case of Bunion. A bony bump that forms on the joint at the base of your big toe. Target demographic: Female.,Avoid triggers like spicy food or allergens.
377,Constipation,Digestive,Acute,Elderly,"infrequent bowel movements, hard stools, straining",Acute case of Constipation. Infrequent bowel movements or difficult passage of stools. Target demographic: Elderly.,Prescription medication might be required.
378,Fever,General,Moderate,Male,"elevated body temperature, sweating, chills, headache","Moderate case of Fever. A temporary increase in body temperature, often due to an illness. Target demographic: Male.",Apply ice or heat to the affected area.
379,Yeast Infection,Reproductive,Moderate,Child,"itching, irritation, vaginal discharge, pain during urination","Moderate case of Yeast Infection. A fungal infection that causes irritation, discharge, and intense itchiness. Target demographic: Child.",Prescription medication might be required.
380,Viral Pharyngitis,Respiratory,Mild,Female,"sore throat,  scratchy throat","Mild case of Viral Pharyngitis. Inflammation of the pharynx, usually caused by a viral infection. Target demographic: Female.",Rest and hydration recommended.
381,Acid Reflux,Digestive,Severe,Child,"heartburn, chest pain, regurgitation, difficulty swallowing, fatigue, dehydration",Severe case of Acid Reflux. A digestive disease where stomach acid irritates the food pipe. Target demographic: Child.,Home remedies can alleviate symptoms.
382,Contact Dermatitis,Skin,Chronic,Adult,"red rash, itching, dry skin, blisters",Chronic case of Contact Dermatitis. A skin reaction caused by contact with an allergen or irritant. Target demographic: Adult.,Home remedies can alleviate symptoms.
383,Tennis Elbow,Musculoskeletal,Chronic,General,"pain on outer elbow, weak grip, burning sensation","Chronic case of Tennis Elbow. Painful condition caused by overuse of arm, forearm, and hand muscles. Target demographic: General.",Prescription medication might be required.
384,Heat Exhaustion,Environmental,Severe,General,"heavy sweating, faintness, dizziness, fatigue, cool skin, fatigue, dehydration",Severe case of Heat Exhaustion. A condition where the body overheats due to exposure to high temperatures. Target demographic: General.,Maintain good hygiene.
385,Ear Infection,Ears,Moderate,Child,"ear pain, difficulty hearing, drainage from ear",Moderate case of Ear Infection. A bacterial or viral infection that affects the middle ear. Target demographic: Child.,Home remedies can alleviate symptoms.
386,Influenza B,Respiratory,Acute,General,"fever, chills, muscle aches, cough, fatigue","Acute case of Influenza B. A specific strain of the flu virus, typically appearing in seasonal outbreaks. Target demographic: General.",Rest and hydration recommended.
387,Nosebleed,General,Moderate,Adult,"bleeding from nose, dry nasal membranes","Moderate case of Nosebleed. Bleeding from the inside of the nose, common in dry climates. Target demographic: Adult.",Apply ice or heat to the affected area.
388,Sinusitis,Respiratory,Acute,Elderly,"facial pain, thick nasal discharge, headache, cough",Acute case of Sinusitis. Inflammation or swelling of the tissue lining the sinuses. Target demographic: Elderly.,Rest and hydration recommended.
389,Heat Exhaustion,Environmental,Mild,Male,"heavy sweating,  faintness",Mild case of Heat Exhaustion. A condition where the body overheats due to exposure to high temperatures. Target demographic: Male.,Prescription medication might be required.
390,Lower Back Pain,Musculoskeletal,Acute,Elderly,"pain in lower back, stiffness, reduced range of motion","Acute case of Lower Back Pain. Common disorder involving the muscles, nerves, and bones of the back. Target demographic: Elderly.",Over-the-counter medication may help.
391,Gingivitis,Dental,Acute,Child,"swollen gums, bleeding gums, bad breath, receding gums",Acute case of Gingivitis. A common and mild form of gum disease that causes irritation. Target demographic: Child.,Seek immediate medical attention.
392,Asthma,Respiratory,Mild,Adult,"wheezing,  shortness of breath",Mild case of Asthma. A condition in which airways narrow and swell and may produce extra mucus. Target demographic: Adult.,Seek immediate medical attention.
393,Menstrual Cramps,Reproductive,Mild,Male,"throbbing pain in lower abdomen,  nausea",Mild case of Menstrual Cramps. Pain in the lower abdomen that occurs during a menstrual period. Target demographic: Male.,Rest and hydration recommended.
394,Constipation,Digestive,Severe,Child,"infrequent bowel movements, hard stools, straining, fatigue, dehydration",Severe case of Constipation. Infrequent bowel movements or difficult passage of stools. Target demographic: Child.,Consult a doctor if symptoms persist for more than 48 hours.
395,Insomnia,Mental Health,Severe,Male,"difficulty falling asleep, waking up frequently, daytime tiredness, fatigue, dehydration",Severe case of Insomnia. A sleep disorder characterized by persistent problems falling and staying asleep. Target demographic: Male.,Prescription medication might be required.
396,Cold Sore,Skin,Mild,General,"tingling,  blisters on lip",Mild case of Cold Sore. A group of fluid-filled blisters caused by the herpes simplex virus. Target demographic: General.,Home remedies can alleviate symptoms.
397,Carpal Tunnel,Musculoskeletal,Mild,Elderly,"numbness,  tingling",Mild case of Carpal Tunnel. Pressure on the median nerve causing numbness and tingling in the hand. Target demographic: Elderly.,Maintain good hygiene.
398,Fever,General,Chronic,Adult,"elevated body temperature, sweating, chills, headache","Chronic case of Fever. A temporary increase in body temperature, often due to an illness. Target demographic: Adult.",Consult a doctor if symptoms persist for more than 48 hours.
399,Common Cold,Respiratory,Mild,Elderly,"runny nose,  sore throat",Mild case of Common Cold. A viral infection of the upper respiratory tract. Target demographic: Elderly.,Over-the-counter medication may help.
400,Sinusitis,Respiratory,Moderate,Elderly,"facial pain, thick nasal discharge, headache, cough",Moderate case of Sinusitis. Inflammation or swelling of the tissue lining the sinuses. Target demographic: Elderly.,Over-the-counter medication may help.
401,Carpal Tunnel,Musculoskeletal,Chronic,General,"numbness, tingling, weakness in hand",Chronic case of Carpal Tunnel. Pressure on the median nerve causing numbness and tingling in the hand. Target demographic: General.,Over-the-counter medication may help.
402,Jock Itch,Skin,Mild,Elderly,"red,  itchy rash in the groin area","Mild case of Jock Itch. A fungal infection that causes a red, itchy rash in warm, moist areas of the body. Target demographic: Elderly.",Home remedies can alleviate symptoms.
403,Toothache,Dental,Acute,Child,"tooth pain, swelling around tooth, fever, drainage",Acute case of Toothache. Pain in or around a tooth caused by various dental problems. Target demographic: Child.,Rest and hydration recommended.
404,Asthma,Respiratory,Chronic,General,"wheezing, shortness of breath, chest tightness, coughing",Chronic case of Asthma. A condition in which airways narrow and swell and may produce extra mucus. Target demographic: General.,Prescription medication might be required.
405,Sunburn,Skin,Moderate,Child,"red skin, pain, swelling, blisters",Moderate case of Sunburn. Skin damage caused by ultraviolet (UV) rays from the sun. Target demographic: Child.,Avoid triggers like spicy food or allergens.
406,Insomnia,Mental Health,Chronic,General,"difficulty falling asleep, waking up frequently, daytime tiredness",Chronic case of Insomnia. A sleep disorder characterized by persistent problems falling and staying asleep. Target demographic: General.,Maintain good hygiene.
407,Cold Sore,Skin,Severe,General,"tingling, blisters on lip, pain, itching, fatigue, dehydration",Severe case of Cold Sore. A group of fluid-filled blisters caused by the herpes simplex virus. Target demographic: General.,Rest and hydration recommended.
408,Influenza B,Respiratory,Acute,Child,"fever, chills, muscle aches, cough, fatigue","Acute case of Influenza B. A specific strain of the flu virus, typically appearing in seasonal outbreaks. Target demographic: Child.",Seek immediate medical attention.
409,Viral Pharyngitis,Respiratory,Mild,Male,"sore throat,  scratchy throat","Mild case of Viral Pharyngitis. Inflammation of the pharynx, usually caused by a viral infection. Target demographic: Male.",Prescription medication might be required.
410,Common Cold,Respiratory,Moderate,Male,"runny nose, sore throat, coughing, sneezing",Moderate case of Common Cold. A viral infection of the upper respiratory tract. Target demographic: Male.,Seek immediate medical attention.
411,Toothache,Dental,Severe,General,"tooth pain, swelling around tooth, fever, drainage, fatigue, dehydration",Severe case of Toothache. Pain in or around a tooth caused by various dental problems. Target demographic: General.,Rest and hydration recommended.
412,Osteoarthritis,Musculoskeletal,Acute,Adult,"joint pain, stiffness, tenderness, loss of flexibility","Acute case of Osteoarthritis. The most common form of arthritis, caused by wear and tear of cartilage. Target demographic: Adult.",Consult a doctor if symptoms persist for more than 48 hours.
413,Indigestion,Digestive,Chronic,Male,"upper abdominal pain, bloating, belching, nausea",Chronic case of Indigestion. Discomfort in your upper abdomen often caused by eating too much or too fast. Target demographic: Male.,Monitor symptoms closely.
414,Tension Headache,Neurological,Chronic,Male,"dull head pain, pressure across forehead, scalp tenderness","Chronic case of Tension Headache. The most common type of headache, often stress-related. Target demographic: Male.",Prescription medication might be required.
415,Athlete's Foot,Skin,Mild,Elderly,"scaly rash,  itching",Mild case of Athlete's Foot. A fungal infection that usually begins between the toes. Target demographic: Elderly.,Apply ice or heat to the affected area.
416,Sunburn,Skin,Acute,Child,"red skin, pain, swelling, blisters",Acute case of Sunburn. Skin damage caused by ultraviolet (UV) rays from the sun. Target demographic: Child.,Maintain good hygiene.
417,Canker Sore,Dental,Mild,Female,"small ulcer in mouth,  pain","Mild case of Canker Sore. A small, shallow lesion on the soft tissues in your mouth. Target demographic: Female.",Seek immediate medical attention.
418,Dandruff,Skin,Acute,Female,"flaking scalp, itching, dry skin",Acute case of Dandruff. A common condition that causes the skin on the scalp to flake. Target demographic: Female.,Maintain good hygiene.
419,Laryngitis,Respiratory,Severe,Female,"hoarseness, weak voice, sore throat, dry cough, fatigue, dehydration","Severe case of Laryngitis. Inflammation of the voice box (larynx) from overuse, irritation or infection. Target demographic: Female.",Apply ice or heat to the affected area.
420,Migraine,Neurological,Moderate,Child,"severe headache, nausea, sensitivity to light, blurred vision",Moderate case of Migraine. A neurological condition characterized by intense headaches. Target demographic: Child.,Apply ice or heat to the affected area.
421,Eczema,Skin,Mild,Female,"dry,  itchy skin","Mild case of Eczema. A condition where patches of skin become inflamed, itchy, and cracked. Target demographic: Female.",Maintain good hygiene.
422,Allergic Rhinitis,Immune,Acute,Male,"sneezing, runny nose, itchy eyes, congestion",Acute case of Allergic Rhinitis. An allergic response to allergens like pollen or dust. Target demographic: Male.,Home remedies can alleviate symptoms.
423,Influenza B,Respiratory,Severe,Elderly,"fever, chills, muscle aches, cough, fatigue, fatigue, dehydration","Severe case of Influenza B. A specific strain of the flu virus, typically appearing in seasonal outbreaks. Target demographic: Elderly.",Prescription medication might be required.
424,Hemorrhoids,Digestive,Acute,Male,"rectal bleeding, itching, pain, swelling",Acute case of Hemorrhoids. Swollen veins in the lowest part of your rectum and anus. Target demographic: Male.,Avoid triggers like spicy food or allergens.
425,Sunburn,Skin,Moderate,General,"red skin, pain, swelling, blisters",Moderate case of Sunburn. Skin damage caused by ultraviolet (UV) rays from the sun. Target demographic: General.,Consult a doctor if symptoms persist for more than 48 hours.
426,Pink Eye,Eyes,Moderate,Female,"redness, itching, discharge, tearing",Moderate case of Pink Eye. Inflammation or infection of the transparent membrane lining the eyelid. Target demographic: Female.,Rest and hydration recommended.
427,Sinusitis,Respiratory,Moderate,Elderly,"facial pain, thick nasal discharge, headache, cough",Moderate case of Sinusitis. Inflammation or swelling of the tissue lining the sinuses. Target demographic: Elderly.,Rest and hydration recommended.
428,Motion Sickness,Neurological,Moderate,General,"nausea, vomiting, dizziness, cold sweats","Moderate case of Motion Sickness. A sick feeling triggered by movement from cars, planes, or boats. Target demographic: General.",Home remedies can alleviate symptoms.
429,Athlete's Foot,Skin,Chronic,Female,"scaly rash, itching, stinging, blisters on feet",Chronic case of Athlete's Foot. A fungal infection that usually begins between the toes. Target demographic: Female.,Seek immediate medical attention.
430,Migraine,Neurological,Acute,Male,"severe headache, nausea, sensitivity to light, blurred vision",Acute case of Migraine. A neurological condition characterized by intense headaches. Target demographic: Male.,Monitor symptoms closely.
431,Eczema,Skin,Severe,Adult,"dry, itchy skin, redness, cracked skin, fatigue, dehydration","Severe case of Eczema. A condition where patches of skin become inflamed, itchy, and cracked. Target demographic: Adult.",Prescription medication might be required.
432,Eczema,Skin,Mild,Female,"dry,  itchy skin","Mild case of Eczema. A condition where patches of skin become inflamed, itchy, and cracked. Target demographic: Female.",Avoid triggers like spicy food or allergens.
433,Dandruff,Skin,Severe,Male,"flaking scalp, itching, dry skin, fatigue, dehydration",Severe case of Dandruff. A common condition that causes the skin on the scalp to flake. Target demographic: Male.,Home remedies can alleviate symptoms.
434,Athlete's Foot,Skin,Severe,Child,"scaly rash, itching, stinging, blisters on feet, fatigue, dehydration",Severe case of Athlete's Foot. A fungal infection that usually begins between the toes. Target demographic: Child.,Apply ice or heat to the affected area.
435,Bronchitis,Respiratory,Chronic,Female,"cough with mucus, fatigue, shortness of breath, chest discomfort",Chronic case of Bronchitis. Inflammation of the bronchial tubes. Target demographic: Female.,Apply ice or heat to the affected area.
436,Muscle Strain,Musculoskeletal,Moderate,General,"sudden pain, swelling, muscle weakness, bruising",Moderate case of Muscle Strain. Damage to a muscle or its attaching tendons. Target demographic: General.,Home remedies can alleviate symptoms.
437,Acid Reflux,Digestive,Moderate,General,"heartburn, chest pain, regurgitation, difficulty swallowing",Moderate case of Acid Reflux. A digestive disease where stomach acid irritates the food pipe. Target demographic: General.,Avoid triggers like spicy food or allergens.
438,Dehydration,Metabolic,Chronic,Elderly,"extreme thirst, dry mouth, dark urine, fatigue",Chronic case of Dehydration. Occurs when you use or lose more fluid than you take in. Target demographic: Elderly.,Over-the-counter medication may help.
439,Urinary Tract Infection,Urinary,Mild,Male,"burning during urination,  frequent urge to urinate",Mild case of Urinary Tract Infection. An infection in any part of the urinary system. Target demographic: Male.,Rest and hydration recommended.
440,Influenza,Respiratory,Mild,Child,"high fever,  chills",Mild case of Influenza. A contagious respiratory illness caused by influenza viruses. Target demographic: Child.,Apply ice or heat to the affected area.
441,Lower Back Pain,Musculoskeletal,Acute,Adult,"pain in lower back, stiffness, reduced range of motion","Acute case of Lower Back Pain. Common disorder involving the muscles, nerves, and bones of the back. Target demographic: Adult.",Prescription medication might be required.
442,Viral Pharyngitis,Respiratory,Mild,Adult,"sore throat,  scratchy throat","Mild case of Viral Pharyngitis. Inflammation of the pharynx, usually caused by a viral infection. Target demographic: Adult.",Avoid triggers like spicy food or allergens.
443,Insomnia,Mental Health,Mild,Male,"difficulty falling asleep,  waking up frequently",Mild case of Insomnia. A sleep disorder characterized by persistent problems falling and staying asleep. Target demographic: Male.,Monitor symptoms closely.
444,Asthma,Respiratory,Moderate,Male,"wheezing, shortness of breath, chest tightness, coughing",Moderate case of Asthma. A condition in which airways narrow and swell and may produce extra mucus. Target demographic: Male.,Home remedies can alleviate symptoms.
445,Common Cold,Respiratory,Chronic,Child,"runny nose, sore throat, coughing, sneezing",Chronic case of Common Cold. A viral infection of the upper respiratory tract. Target demographic: Child.,Maintain good hygiene.
446,Sunburn,Skin,Severe,Child,"red skin, pain, swelling, blisters, fatigue, dehydration",Severe case of Sunburn. Skin damage caused by ultraviolet (UV) rays from the sun. Target demographic: Child.,Apply ice or heat to the affected area.
447,Influenza,Respiratory,Moderate,Female,"high fever, chills, muscle aches, fatigue, cough",Moderate case of Influenza. A contagious respiratory illness caused by influenza viruses. Target demographic: Female.,Consult a doctor if symptoms persist for more than 48 hours.
448,Tennis Elbow,Musculoskeletal,Acute,Child,"pain on outer elbow, weak grip, burning sensation","Acute case of Tennis Elbow. Painful condition caused by overuse of arm, forearm, and hand muscles. Target demographic: Child.",Rest and hydration recommended.
449,Allergic Rhinitis,Immune,Chronic,Male,"sneezing, runny nose, itchy eyes, congestion",Chronic case of Allergic Rhinitis. An allergic response to allergens like pollen or dust. Target demographic: Male.,Seek immediate medical attention.
450,Contact Dermatitis,Skin,Moderate,General,"red rash, itching, dry skin, blisters",Moderate case of Contact Dermatitis. A skin reaction caused by contact with an allergen or irritant. Target demographic: General.,Consult a doctor if symptoms persist for more than 48 hours.
451,Indigestion,Digestive,Acute,Child,"upper abdominal pain, bloating, belching, nausea",Acute case of Indigestion. Discomfort in your upper abdomen often caused by eating too much or too fast. Target demographic: Child.,Monitor symptoms closely.
452,Insomnia,Mental Health,Moderate,Female,"difficulty falling asleep, waking up frequently, daytime tiredness",Moderate case of Insomnia. A sleep disorder characterized by persistent problems falling and staying asleep. Target demographic: Female.,Prescription medication might be required.
453,Menstrual Cramps,Reproductive,Acute,Child,"throbbing pain in lower abdomen, nausea, headache",Acute case of Menstrual Cramps. Pain in the lower abdomen that occurs during a menstrual period. Target demographic: Child.,Avoid triggers like spicy food or allergens.
454,Laryngitis,Respiratory,Severe,Adult,"hoarseness, weak voice, sore throat, dry cough, fatigue, dehydration","Severe case of Laryngitis. Inflammation of the voice box (larynx) from overuse, irritation or infection. Target demographic: Adult.",Over-the-counter medication may help.
455,Nosebleed,General,Moderate,General,"bleeding from nose, dry nasal membranes","Moderate case of Nosebleed. Bleeding from the inside of the nose, common in dry climates. Target demographic: General.",Home remedies can alleviate symptoms.
456,Contact Dermatitis,Skin,Moderate,Adult,"red rash, itching, dry skin, blisters",Moderate case of Contact Dermatitis. A skin reaction caused by contact with an allergen or irritant. Target demographic: Adult.,Over-the-counter medication may help.
457,Nausea,Digestive,Severe,Male,"feeling sick to stomach, urge to vomit, dizziness, fatigue, dehydration",Severe case of Nausea. An uncomfortable sensation in the stomach that leads to an urge to vomit. Target demographic: Male.,Seek immediate medical attention.
458,Gastroenteritis,Digestive,Severe,General,"diarrhea, stomach cramps, nausea, vomiting, fatigue, dehydration","Severe case of Gastroenteritis. Inflammation of the stomach and intestines, often called stomach flu. Target demographic: General.",Avoid triggers like spicy food or allergens.
459,Osteoarthritis,Musculoskeletal,Moderate,Female,"joint pain, stiffness, tenderness, loss of flexibility","Moderate case of Osteoarthritis. The most common form of arthritis, caused by wear and tear of cartilage. Target demographic: Female.",Maintain good hygiene.
460,Constipation,Digestive,Severe,Male,"infrequent bowel movements, hard stools, straining, fatigue, dehydration",Severe case of Constipation. Infrequent bowel movements or difficult passage of stools. Target demographic: Male.,Monitor symptoms closely.
461,Laryngitis,Respiratory,Mild,Female,"hoarseness,  weak voice","Mild case of Laryngitis. Inflammation of the voice box (larynx) from overuse, irritation or infection. Target demographic: Female.",Monitor symptoms closely.
462,Heartburn,Digestive,Moderate,Child,"burning pain in chest, sour taste in mouth, pain worsening when lying down","Moderate case of Heartburn. A burning sensation in the chest, just behind the breastbone. Target demographic: Child.",Rest and hydration recommended.
463,Sinusitis,Respiratory,Moderate,Female,"facial pain, thick nasal discharge, headache, cough",Moderate case of Sinusitis. Inflammation or swelling of the tissue lining the sinuses. Target demographic: Female.,Over-the-counter medication may help.
464,Strep Throat,Respiratory,Acute,Elderly,"throat pain, fever, swollen lymph nodes, white patches on tonsils",Acute case of Strep Throat. A bacterial infection that causes inflammation and pain in the throat. Target demographic: Elderly.,Over-the-counter medication may help.
465,Food Poisoning,Digestive,Chronic,Female,"nausea, vomiting, watery diarrhea, abdominal pain",Chronic case of Food Poisoning. Illness caused by consuming contaminated food. Target demographic: Female.,Monitor symptoms closely.
466,Strep Throat,Respiratory,Acute,Child,"throat pain, fever, swollen lymph nodes, white patches on tonsils",Acute case of Strep Throat. A bacterial infection that causes inflammation and pain in the throat. Target demographic: Child.,Over-the-counter medication may help.
467,Constipation,Digestive,Moderate,Elderly,"infrequent bowel movements, hard stools, straining",Moderate case of Constipation. Infrequent bowel movements or difficult passage of stools. Target demographic: Elderly.,Seek immediate medical attention.
468,Anxiety,Mental Health,Moderate,Child,"nervousness, rapid heart rate, trembling, sweating","Moderate case of Anxiety. Intense, excessive, and persistent worry and fear. Target demographic: Child.",Avoid triggers like spicy food or allergens.
469,Type 2 Diabetes,Metabolic,Severe,Female,"increased thirst, frequent urination, hunger, fatigue, fatigue, dehydration",Severe case of Type 2 Diabetes. A chronic condition that affects the way the body processes blood sugar. Target demographic: Female.,Seek immediate medical attention.
470,Laryngitis,Respiratory,Acute,Female,"hoarseness, weak voice, sore throat, dry cough","Acute case of Laryngitis. Inflammation of the voice box (larynx) from overuse, irritation or infection. Target demographic: Female.",Apply ice or heat to the affected area.
471,Indigestion,Digestive,Chronic,Female,"upper abdominal pain, bloating, belching, nausea",Chronic case of Indigestion. Discomfort in your upper abdomen often caused by eating too much or too fast. Target demographic: Female.,Prescription medication might be required.
472,Asthma,Respiratory,Severe,Elderly,"wheezing, shortness of breath, chest tightness, coughing, fatigue, dehydration",Severe case of Asthma. A condition in which airways narrow and swell and may produce extra mucus. Target demographic: Elderly.,Seek immediate medical attention.
473,Lower Back Pain,Musculoskeletal,Moderate,Elderly,"pain in lower back, stiffness, reduced range of motion","Moderate case of Lower Back Pain. Common disorder involving the muscles, nerves, and bones of the back. Target demographic: Elderly.",Prescription medication might be required.
474,Canker Sore,Dental,Mild,General,"small ulcer in mouth,  pain","Mild case of Canker Sore. A small, shallow lesion on the soft tissues in your mouth. Target demographic: General.",Home remedies can alleviate symptoms.
475,Ear Infection,Ears,Acute,Adult,"ear pain, difficulty hearing, drainage from ear",Acute case of Ear Infection. A bacterial or viral infection that affects the middle ear. Target demographic: Adult.,Monitor symptoms closely.
476,Hypertension,Cardiovascular,Acute,General,"headaches, shortness of breath, nosebleeds",Acute case of Hypertension. High blood pressure is a common condition where blood pressure is elevated. Target demographic: General.,Over-the-counter medication may help.
477,Acid Reflux,Digestive,Severe,Female,"heartburn, chest pain, regurgitation, difficulty swallowing, fatigue, dehydration",Severe case of Acid Reflux. A digestive disease where stomach acid irritates the food pipe. Target demographic: Female.,Over-the-counter medication may help.
478,Heartburn,Digestive,Severe,Adult,"burning pain in chest, sour taste in mouth, pain worsening when lying down, fatigue, dehydration","Severe case of Heartburn. A burning sensation in the chest, just behind the breastbone. Target demographic: Adult.",Monitor symptoms closely.
479,Anxiety,Mental Health,Acute,Male,"nervousness, rapid heart rate, trembling, sweating","Acute case of Anxiety. Intense, excessive, and persistent worry and fear. Target demographic: Male.",Consult a doctor if symptoms persist for more than 48 hours.
480,Canker Sore,Dental,Moderate,Male,"small ulcer in mouth, pain, difficulty eating","Moderate case of Canker Sore. A small, shallow lesion on the soft tissues in your mouth. Target demographic: Male.",Monitor symptoms closely.
481,Bunion,Musculoskeletal,Mild,Female,"bump on big toe joint,  redness",Mild case of Bunion. A bony bump that forms on the joint at the base of your big toe. Target demographic: Female.,Avoid triggers like spicy food or allergens.
482,Hemorrhoids,Digestive,Severe,Elderly,"rectal bleeding, itching, pain, swelling, fatigue, dehydration",Severe case of Hemorrhoids. Swollen veins in the lowest part of your rectum and anus. Target demographic: Elderly.,Prescription medication might be required.
483,Sunburn,Skin,Moderate,General,"red skin, pain, swelling, blisters",Moderate case of Sunburn. Skin damage caused by ultraviolet (UV) rays from the sun. Target demographic: General.,Consult a doctor if symptoms persist for more than 48 hours.
484,Motion Sickness,Neurological,Acute,Elderly,"nausea, vomiting, dizziness, cold sweats","Acute case of Motion Sickness. A sick feeling triggered by movement from cars, planes, or boats. Target demographic: Elderly.",Maintain good hygiene.
485,Migraine,Neurological,Chronic,Elderly,"severe headache, nausea, sensitivity to light, blurred vision",Chronic case of Migraine. A neurological condition characterized by intense headaches. Target demographic: Elderly.,Avoid triggers like spicy food or allergens.
486,Ear Infection,Ears,Mild,Child,"ear pain,  difficulty hearing",Mild case of Ear Infection. A bacterial or viral infection that affects the middle ear. Target demographic: Child.,Prescription medication might be required.
487,Dandruff,Skin,Moderate,Adult,"flaking scalp, itching, dry skin",Moderate case of Dandruff. A common condition that causes the skin on the scalp to flake. Target demographic: Adult.,Consult a doctor if symptoms persist for more than 48 hours.
488,Sunburn,Skin,Acute,Male,"red skin, pain, swelling, blisters",Acute case of Sunburn. Skin damage caused by ultraviolet (UV) rays from the sun. Target demographic: Male.,Rest and hydration recommended.
489,Food Poisoning,Digestive,Mild,Male,"nausea,  vomiting",Mild case of Food Poisoning. Illness caused by consuming contaminated food. Target demographic: Male.,Over-the-counter medication may help.
490,Bronchitis,Respiratory,Moderate,Adult,"cough with mucus, fatigue, shortness of breath, chest discomfort",Moderate case of Bronchitis. Inflammation of the bronchial tubes. Target demographic: Adult.,Home remedies can alleviate symptoms.
491,Viral Pharyngitis,Respiratory,Mild,Adult,"sore throat,  scratchy throat","Mild case of Viral Pharyngitis. Inflammation of the pharynx, usually caused by a viral infection. Target demographic: Adult.",Over-the-counter medication may help.
492,Bunion,Musculoskeletal,Chronic,Female,"bump on big toe joint, redness, pain, swelling",Chronic case of Bunion. A bony bump that forms on the joint at the base of your big toe. Target demographic: Female.,Monitor symptoms closely.
493,Allergic Rhinitis,Immune,Severe,Adult,"sneezing, runny nose, itchy eyes, congestion, fatigue, dehydration",Severe case of Allergic Rhinitis. An allergic response to allergens like pollen or dust. Target demographic: Adult.,Over-the-counter medication may help.
494,Allergic Rhinitis,Immune,Chronic,Male,"sneezing, runny nose, itchy eyes, congestion",Chronic case of Allergic Rhinitis. An allergic response to allergens like pollen or dust. Target demographic: Male.,Over-the-counter medication may help.
495,Eczema,Skin,Chronic,Adult,"dry, itchy skin, redness, cracked skin","Chronic case of Eczema. A condition where patches of skin become inflamed, itchy, and cracked. Target demographic: Adult.",Apply ice or heat to the affected area.
496,Lower Back Pain,Musculoskeletal,Mild,Elderly,"pain in lower back,  stiffness","Mild case of Lower Back Pain. Common disorder involving the muscles, nerves, and bones of the back. Target demographic: Elderly.",Monitor symptoms closely.
497,Pink Eye,Eyes,Severe,General,"redness, itching, discharge, tearing, fatigue, dehydration",Severe case of Pink Eye. Inflammation or infection of the transparent membrane lining the eyelid. Target demographic: General.,Monitor symptoms closely.
498,Menstrual Cramps,Reproductive,Chronic,Elderly,"throbbing pain in lower abdomen, nausea, headache",Chronic case of Menstrual Cramps. Pain in the lower abdomen that occurs during a menstrual period. Target demographic: Elderly.,Home remedies can alleviate symptoms.
499,Eczema,Skin,Moderate,Elderly,"dry, itchy skin, redness, cracked skin","Moderate case of Eczema. A condition where patches of skin become inflamed, itchy, and cracked. Target demographic: Elderly.",Seek immediate medical attention.
500,Bronchitis,Respiratory,Moderate,Child,"cough with mucus, fatigue, shortness of breath, chest discomfort",Moderate case of Bronchitis. Inflammation of the bronchial tubes. Target demographic: Child.,Home remedies can alleviate symptoms.
501,Eczema,Skin,Severe,Female,"dry, itchy skin, redness, cracked skin, fatigue, dehydration","Severe case of Eczema. A condition where patches of skin become inflamed, itchy, and cracked. Target demographic: Female.",Rest and hydration recommended.
502,Canker Sore,Dental,Mild,Male,"small ulcer in mouth,  pain","Mild case of Canker Sore. A small, shallow lesion on the soft tissues in your mouth. Target demographic: Male.",Monitor symptoms closely.
503,Osteoarthritis,Musculoskeletal,Moderate,Elderly,"joint pain, stiffness, tenderness, loss of flexibility","Moderate case of Osteoarthritis. The most common form of arthritis, caused by wear and tear of cartilage. Target demographic: Elderly.",Prescription medication might be required.
504,Insomnia,Mental Health,Mild,Elderly,"difficulty falling asleep,  waking up frequently",Mild case of Insomnia. A sleep disorder characterized by persistent problems falling and staying asleep. Target demographic: Elderly.,Seek immediate medical attention.
505,Strep Throat,Respiratory,Moderate,General,"throat pain, fever, swollen lymph nodes, white patches on tonsils",Moderate case of Strep Throat. A bacterial infection that causes inflammation and pain in the throat. Target demographic: General.,Prescription medication might be required.
506,Eczema,Skin,Mild,Adult,"dry,  itchy skin","Mild case of Eczema. A condition where patches of skin become inflamed, itchy, and cracked. Target demographic: Adult.",Maintain good hygiene.
507,Acid Reflux,Digestive,Mild,Female,"heartburn,  chest pain",Mild case of Acid Reflux. A digestive disease where stomach acid irritates the food pipe. Target demographic: Female.,Monitor symptoms closely.
508,Yeast Infection,Reproductive,Moderate,Child,"itching, irritation, vaginal discharge, pain during urination","Moderate case of Yeast Infection. A fungal infection that causes irritation, discharge, and intense itchiness. Target demographic: Child.",Prescription medication might be required.
509,Carpal Tunnel,Musculoskeletal,Chronic,Female,"numbness, tingling, weakness in hand",Chronic case of Carpal Tunnel. Pressure on the median nerve causing numbness and tingling in the hand. Target demographic: Female.,Avoid triggers like spicy food or allergens.
510,Osteoarthritis,Musculoskeletal,Moderate,General,"joint pain, stiffness, tenderness, loss of flexibility","Moderate case of Osteoarthritis. The most common form of arthritis, caused by wear and tear of cartilage. Target demographic: General.",Apply ice or heat to the affected area.
511,Fever,General,Chronic,Adult,"elevated body temperature, sweating, chills, headache","Chronic case of Fever. A temporary increase in body temperature, often due to an illness. Target demographic: Adult.",Consult a doctor if symptoms persist for more than 48 hours.
512,Canker Sore,Dental,Severe,Female,"small ulcer in mouth, pain, difficulty eating, fatigue, dehydration","Severe case of Canker Sore. A small, shallow lesion on the soft tissues in your mouth. Target demographic: Female.",Seek immediate medical attention.
513,Bronchitis,Respiratory,Mild,Female,"cough with mucus,  fatigue",Mild case of Bronchitis. Inflammation of the bronchial tubes. Target demographic: Female.,Apply ice or heat to the affected area.
514,Hemorrhoids,Digestive,Chronic,Female,"rectal bleeding, itching, pain, swelling",Chronic case of Hemorrhoids. Swollen veins in the lowest part of your rectum and anus. Target demographic: Female.,Home remedies can alleviate symptoms.
515,Contact Dermatitis,Skin,Mild,Adult,"red rash,  itching",Mild case of Contact Dermatitis. A skin reaction caused by contact with an allergen or irritant. Target demographic: Adult.,Consult a doctor if symptoms persist for more than 48 hours.
516,Urinary Tract Infection,Urinary,Severe,General,"burning during urination, frequent urge to urinate, cloudy urine, fatigue, dehydration",Severe case of Urinary Tract Infection. An infection in any part of the urinary system. Target demographic: General.,Rest and hydration recommended.
517,Anxiety,Mental Health,Moderate,Male,"nervousness, rapid heart rate, trembling, sweating","Moderate case of Anxiety. Intense, excessive, and persistent worry and fear. Target demographic: Male.",Maintain good hygiene.
518,Ear Infection,Ears,Severe,Female,"ear pain, difficulty hearing, drainage from ear, fatigue, dehydration",Severe case of Ear Infection. A bacterial or viral infection that affects the middle ear. Target demographic: Female.,Over-the-counter medication may help.
519,Heartburn,Digestive,Severe,Child,"burning pain in chest, sour taste in mouth, pain worsening when lying down, fatigue, dehydration","Severe case of Heartburn. A burning sensation in the chest, just behind the breastbone. Target demographic: Child.",Monitor symptoms closely.
520,Gingivitis,Dental,Mild,Female,"swollen gums,  bleeding gums",Mild case of Gingivitis. A common and mild form of gum disease that causes irritation. Target demographic: Female.,Prescription medication might be required.
521,Insomnia,Mental Health,Mild,Female,"difficulty falling asleep,  waking up frequently",Mild case of Insomnia. A sleep disorder characterized by persistent problems falling and staying asleep. Target demographic: Female.,Avoid triggers like spicy food or allergens.
522,Menstrual Cramps,Reproductive,Severe,Child,"throbbing pain in lower abdomen, nausea, headache, fatigue, dehydration",Severe case of Menstrual Cramps. Pain in the lower abdomen that occurs during a menstrual period. Target demographic: Child.,Consult a doctor if symptoms persist for more than 48 hours.
523,Migraine,Neurological,Moderate,Child,"severe headache, nausea, sensitivity to light, blurred vision",Moderate case of Migraine. A neurological condition characterized by intense headaches. Target demographic: Child.,Over-the-counter medication may help.
524,Indigestion,Digestive,Mild,Child,"upper abdominal pain,  bloating",Mild case of Indigestion. Discomfort in your upper abdomen often caused by eating too much or too fast. Target demographic: Child.,Over-the-counter medication may help.
525,Acid Reflux,Digestive,Mild,Female,"heartburn,  chest pain",Mild case of Acid Reflux. A digestive disease where stomach acid irritates the food pipe. Target demographic: Female.,Maintain good hygiene.
526,Migraine,Neurological,Severe,Adult,"severe headache, nausea, sensitivity to light, blurred vision, fatigue, dehydration",Severe case of Migraine. A neurological condition characterized by intense headaches. Target demographic: Adult.,Home remedies can alleviate symptoms.
527,Fever,General,Moderate,Elderly,"elevated body temperature, sweating, chills, headache","Moderate case of Fever. A temporary increase in body temperature, often due to an illness. Target demographic: Elderly.",Maintain good hygiene.
528,Common Cold,Respiratory,Moderate,Adult,"runny nose, sore throat, coughing, sneezing",Moderate case of Common Cold. A viral infection of the upper respiratory tract. Target demographic: Adult.,Home remedies can alleviate symptoms.
529,Athlete's Foot,Skin,Mild,Child,"scaly rash,  itching",Mild case of Athlete's Foot. A fungal infection that usually begins between the toes. Target demographic: Child.,Consult a doctor if symptoms persist for more than 48 hours.
530,Tennis Elbow,Musculoskeletal,Severe,Male,"pain on outer elbow, weak grip, burning sensation, fatigue, dehydration","Severe case of Tennis Elbow. Painful condition caused by overuse of arm, forearm, and hand muscles. Target demographic: Male.",Rest and hydration recommended.
531,Tension Headache,Neurological,Moderate,Adult,"dull head pain, pressure across forehead, scalp tenderness","Moderate case of Tension Headache. The most common type of headache, often stress-related. Target demographic: Adult.",Prescription medication might be required.
532,Menstrual Cramps,Reproductive,Acute,Adult,"throbbing pain in lower abdomen, nausea, headache",Acute case of Menstrual Cramps. Pain in the lower abdomen that occurs during a menstrual period. Target demographic: Adult.,Prescription medication might be required.
533,Jock Itch,Skin,Severe,Female,"red, itchy rash in the groin area, burning sensation, fatigue, dehydration","Severe case of Jock Itch. A fungal infection that causes a red, itchy rash in warm, moist areas of the body. Target demographic: Female.",Prescription medication might be required.
534,Toothache,Dental,Moderate,Adult,"tooth pain, swelling around tooth, fever, drainage",Moderate case of Toothache. Pain in or around a tooth caused by various dental problems. Target demographic: Adult.,Maintain good hygiene.
535,Viral Pharyngitis,Respiratory,Severe,Child,"sore throat, scratchy throat, difficulty swallowing, fatigue, dehydration","Severe case of Viral Pharyngitis. Inflammation of the pharynx, usually caused by a viral infection. Target demographic: Child.",Avoid triggers like spicy food or allergens.
536,Influenza,Respiratory,Severe,Adult,"high fever, chills, muscle aches, fatigue, cough, fatigue, dehydration",Severe case of Influenza. A contagious respiratory illness caused by influenza viruses. Target demographic: Adult.,Over-the-counter medication may help.
537,Contact Dermatitis,Skin,Chronic,General,"red rash, itching, dry skin, blisters",Chronic case of Contact Dermatitis. A skin reaction caused by contact with an allergen or irritant. Target demographic: General.,Maintain good hygiene.
538,Laryngitis,Respiratory,Severe,Elderly,"hoarseness, weak voice, sore throat, dry cough, fatigue, dehydration","Severe case of Laryngitis. Inflammation of the voice box (larynx) from overuse, irritation or infection. Target demographic: Elderly.",Rest and hydration recommended.
539,Yeast Infection,Reproductive,Acute,Male,"itching, irritation, vaginal discharge, pain during urination","Acute case of Yeast Infection. A fungal infection that causes irritation, discharge, and intense itchiness. Target demographic: Male.",Apply ice or heat to the affected area.
540,Carpal Tunnel,Musculoskeletal,Mild,General,"numbness,  tingling",Mild case of Carpal Tunnel. Pressure on the median nerve causing numbness and tingling in the hand. Target demographic: General.,Seek immediate medical attention.
541,Sinusitis,Respiratory,Acute,Male,"facial pain, thick nasal discharge, headache, cough",Acute case of Sinusitis. Inflammation or swelling of the tissue lining the sinuses. Target demographic: Male.,Maintain good hygiene.
542,Strep Throat,Respiratory,Mild,Child,"throat pain,  fever",Mild case of Strep Throat. A bacterial infection that causes inflammation and pain in the throat. Target demographic: Child.,Prescription medication might be required.
543,Menstrual Cramps,Reproductive,Severe,General,"throbbing pain in lower abdomen, nausea, headache, fatigue, dehydration",Severe case of Menstrual Cramps. Pain in the lower abdomen that occurs during a menstrual period. Target demographic: General.,Consult a doctor if symptoms persist for more than 48 hours.
544,Hives,Skin,Moderate,General,"red welts, itching, swelling, burning sensation","Moderate case of Hives. A skin reaction that causes itchy welts, often triggered by allergens. Target demographic: General.",Avoid triggers like spicy food or allergens.
545,Ear Infection,Ears,Chronic,Elderly,"ear pain, difficulty hearing, drainage from ear",Chronic case of Ear Infection. A bacterial or viral infection that affects the middle ear. Target demographic: Elderly.,Rest and hydration recommended.
546,Common Cold,Respiratory,Moderate,Female,"runny nose, sore throat, coughing, sneezing",Moderate case of Common Cold. A viral infection of the upper respiratory tract. Target demographic: Female.,Rest and hydration recommended.
547,Ear Infection,Ears,Acute,Adult,"ear pain, difficulty hearing, drainage from ear",Acute case of Ear Infection. A bacterial or viral infection that affects the middle ear. Target demographic: Adult.,Maintain good hygiene.
548,Toothache,Dental,Severe,Elderly,"tooth pain, swelling around tooth, fever, drainage, fatigue, dehydration",Severe case of Toothache. Pain in or around a tooth caused by various dental problems. Target demographic: Elderly.,Prescription medication might be required.
549,Carpal Tunnel,Musculoskeletal,Severe,Adult,"numbness, tingling, weakness in hand, fatigue, dehydration",Severe case of Carpal Tunnel. Pressure on the median nerve causing numbness and tingling in the hand. Target demographic: Adult.,Maintain good hygiene.
550,Viral Pharyngitis,Respiratory,Severe,Adult,"sore throat, scratchy throat, difficulty swallowing, fatigue, dehydration","Severe case of Viral Pharyngitis. Inflammation of the pharynx, usually caused by a viral infection. Target demographic: Adult.",Monitor symptoms closely.
551,Migraine,Neurological,Severe,Elderly,"severe headache, nausea, sensitivity to light, blurred vision, fatigue, dehydration",Severe case of Migraine. A neurological condition characterized by intense headaches. Target demographic: Elderly.,Avoid triggers like spicy food or allergens.
552,Heat Exhaustion,Environmental,Chronic,Elderly,"heavy sweating, faintness, dizziness, fatigue, cool skin",Chronic case of Heat Exhaustion. A condition where the body overheats due to exposure to high temperatures. Target demographic: Elderly.,Seek immediate medical attention.
553,Carpal Tunnel,Musculoskeletal,Chronic,Male,"numbness, tingling, weakness in hand",Chronic case of Carpal Tunnel. Pressure on the median nerve causing numbness and tingling in the hand. Target demographic: Male.,Home remedies can alleviate symptoms.
554,Gastroenteritis,Digestive,Moderate,Child,"diarrhea, stomach cramps, nausea, vomiting","Moderate case of Gastroenteritis. Inflammation of the stomach and intestines, often called stomach flu. Target demographic: Child.",Over-the-counter medication may help.
555,Pink Eye,Eyes,Mild,Child,"redness,  itching",Mild case of Pink Eye. Inflammation or infection of the transparent membrane lining the eyelid. Target demographic: Child.,Prescription medication might be required.
556,Hemorrhoids,Digestive,Acute,Elderly,"rectal bleeding, itching, pain, swelling",Acute case of Hemorrhoids. Swollen veins in the lowest part of your rectum and anus. Target demographic: Elderly.,Monitor symptoms closely.
557,Fever,General,Acute,Adult,"elevated body temperature, sweating, chills, headache","Acute case of Fever. A temporary increase in body temperature, often due to an illness. Target demographic: Adult.",Consult a doctor if symptoms persist for more than 48 hours.
558,Indigestion,Digestive,Mild,Child,"upper abdominal pain,  bloating",Mild case of Indigestion. Discomfort in your upper abdomen often caused by eating too much or too fast. Target demographic: Child.,Consult a doctor if symptoms persist for more than 48 hours.
559,Nausea,Digestive,Severe,Female,"feeling sick to stomach, urge to vomit, dizziness, fatigue, dehydration",Severe case of Nausea. An uncomfortable sensation in the stomach that leads to an urge to vomit. Target demographic: Female.,Rest and hydration recommended.
560,Carpal Tunnel,Musculoskeletal,Moderate,Elderly,"numbness, tingling, weakness in hand",Moderate case of Carpal Tunnel. Pressure on the median nerve causing numbness and tingling in the hand. Target demographic: Elderly.,Maintain good hygiene.
561,Sinusitis,Respiratory,Mild,Child,"facial pain,  thick nasal discharge",Mild case of Sinusitis. Inflammation or swelling of the tissue lining the sinuses. Target demographic: Child.,Rest and hydration recommended.
562,Bunion,Musculoskeletal,Acute,Male,"bump on big toe joint, redness, pain, swelling",Acute case of Bunion. A bony bump that forms on the joint at the base of your big toe. Target demographic: Male.,Avoid triggers like spicy food or allergens.
563,Bronchitis,Respiratory,Acute,Female,"cough with mucus, fatigue, shortness of breath, chest discomfort",Acute case of Bronchitis. Inflammation of the bronchial tubes. Target demographic: Female.,Over-the-counter medication may help.
564,Carpal Tunnel,Musculoskeletal,Moderate,Male,"numbness, tingling, weakness in hand",Moderate case of Carpal Tunnel. Pressure on the median nerve causing numbness and tingling in the hand. Target demographic: Male.,Consult a doctor if symptoms persist for more than 48 hours.
565,Allergic Rhinitis,Immune,Chronic,Elderly,"sneezing, runny nose, itchy eyes, congestion",Chronic case of Allergic Rhinitis. An allergic response to allergens like pollen or dust. Target demographic: Elderly.,Maintain good hygiene.
566,Urinary Tract Infection,Urinary,Severe,General,"burning during urination, frequent urge to urinate, cloudy urine, fatigue, dehydration",Severe case of Urinary Tract Infection. An infection in any part of the urinary system. Target demographic: General.,Consult a doctor if symptoms persist for more than 48 hours.
567,Gingivitis,Dental,Chronic,Female,"swollen gums, bleeding gums, bad breath, receding gums",Chronic case of Gingivitis. A common and mild form of gum disease that causes irritation. Target demographic: Female.,Apply ice or heat to the affected area.
568,Influenza B,Respiratory,Moderate,General,"fever, chills, muscle aches, cough, fatigue","Moderate case of Influenza B. A specific strain of the flu virus, typically appearing in seasonal outbreaks. Target demographic: General.",Prescription medication might be required.
569,Influenza B,Respiratory,Chronic,Child,"fever, chills, muscle aches, cough, fatigue","Chronic case of Influenza B. A specific strain of the flu virus, typically appearing in seasonal outbreaks. Target demographic: Child.",Prescription medication might be required.
570,Type 2 Diabetes,Metabolic,Chronic,Male,"increased thirst, frequent urination, hunger, fatigue",Chronic case of Type 2 Diabetes. A chronic condition that affects the way the body processes blood sugar. Target demographic: Male.,Avoid triggers like spicy food or allergens.
571,Pink Eye,Eyes,Moderate,Adult,"redness, itching, discharge, tearing",Moderate case of Pink Eye. Inflammation or infection of the transparent membrane lining the eyelid. Target demographic: Adult.,Seek immediate medical attention.
572,Laryngitis,Respiratory,Chronic,Adult,"hoarseness, weak voice, sore throat, dry cough","Chronic case of Laryngitis. Inflammation of the voice box (larynx) from overuse, irritation or infection. Target demographic: Adult.",Monitor symptoms closely.
573,Pink Eye,Eyes,Moderate,Male,"redness, itching, discharge, tearing",Moderate case of Pink Eye. Inflammation or infection of the transparent membrane lining the eyelid. Target demographic: Male.,Seek immediate medical attention.
574,Heartburn,Digestive,Moderate,Adult,"burning pain in chest, sour taste in mouth, pain worsening when lying down","Moderate case of Heartburn. A burning sensation in the chest, just behind the breastbone. Target demographic: Adult.",Rest and hydration recommended.
575,Type 2 Diabetes,Metabolic,Severe,Elderly,"increased thirst, frequent urination, hunger, fatigue, fatigue, dehydration",Severe case of Type 2 Diabetes. A chronic condition that affects the way the body processes blood sugar. Target demographic: Elderly.,Over-the-counter medication may help.
576,Heat Exhaustion,Environmental,Moderate,General,"heavy sweating, faintness, dizziness, fatigue, cool skin",Moderate case of Heat Exhaustion. A condition where the body overheats due to exposure to high temperatures. Target demographic: General.,Avoid triggers like spicy food or allergens.
577,Hypertension,Cardiovascular,Mild,Male,"headaches,  shortness of breath",Mild case of Hypertension. High blood pressure is a common condition where blood pressure is elevated. Target demographic: Male.,Maintain good hygiene.
578,Contact Dermatitis,Skin,Moderate,Male,"red rash, itching, dry skin, blisters",Moderate case of Contact Dermatitis. A skin reaction caused by contact with an allergen or irritant. Target demographic: Male.,Prescription medication might be required.
579,Menstrual Cramps,Reproductive,Acute,Elderly,"throbbing pain in lower abdomen, nausea, headache",Acute case of Menstrual Cramps. Pain in the lower abdomen that occurs during a menstrual period. Target demographic: Elderly.,Prescription medication might be required.
580,Canker Sore,Dental,Chronic,Child,"small ulcer in mouth, pain, difficulty eating","Chronic case of Canker Sore. A small, shallow lesion on the soft tissues in your mouth. Target demographic: Child.",Seek immediate medical attention.
581,Influenza B,Respiratory,Chronic,General,"fever, chills, muscle aches, cough, fatigue","Chronic case of Influenza B. A specific strain of the flu virus, typically appearing in seasonal outbreaks. Target demographic: General.",Avoid triggers like spicy food or allergens.
582,Tension Headache,Neurological,Mild,Female,"dull head pain,  pressure across forehead","Mild case of Tension Headache. The most common type of headache, often stress-related. Target demographic: Female.",Maintain good hygiene.
583,Hives,Skin,Moderate,Male,"red welts, itching, swelling, burning sensation","Moderate case of Hives. A skin reaction that causes itchy welts, often triggered by allergens. Target demographic: Male.",Rest and hydration recommended.
584,Type 2 Diabetes,Metabolic,Chronic,Child,"increased thirst, frequent urination, hunger, fatigue",Chronic case of Type 2 Diabetes. A chronic condition that affects the way the body processes blood sugar. Target demographic: Child.,Home remedies can alleviate symptoms.
585,Type 2 Diabetes,Metabolic,Moderate,Child,"increased thirst, frequent urination, hunger, fatigue",Moderate case of Type 2 Diabetes. A chronic condition that affects the way the body processes blood sugar. Target demographic: Child.,Apply ice or heat to the affected area.
586,Allergic Rhinitis,Immune,Severe,Elderly,"sneezing, runny nose, itchy eyes, congestion, fatigue, dehydration",Severe case of Allergic Rhinitis. An allergic response to allergens like pollen or dust. Target demographic: Elderly.,Consult a doctor if symptoms persist for more than 48 hours.
587,Allergic Rhinitis,Immune,Chronic,Male,"sneezing, runny nose, itchy eyes, congestion",Chronic case of Allergic Rhinitis. An allergic response to allergens like pollen or dust. Target demographic: Male.,Home remedies can alleviate symptoms.
588,Hives,Skin,Mild,General,"red welts,  itching","Mild case of Hives. A skin reaction that causes itchy welts, often triggered by allergens. Target demographic: General.",Apply ice or heat to the affected area.
589,Asthma,Respiratory,Chronic,Adult,"wheezing, shortness of breath, chest tightness, coughing",Chronic case of Asthma. A condition in which airways narrow and swell and may produce extra mucus. Target demographic: Adult.,Home remedies can alleviate symptoms.
590,Common Cold,Respiratory,Moderate,Male,"runny nose, sore throat, coughing, sneezing",Moderate case of Common Cold. A viral infection of the upper respiratory tract. Target demographic: Male.,Avoid triggers like spicy food or allergens.
591,Common Cold,Respiratory,Acute,Child,"runny nose, sore throat, coughing, sneezing",Acute case of Common Cold. A viral infection of the upper respiratory tract. Target demographic: Child.,Rest and hydration recommended.
592,Allergic Rhinitis,Immune,Severe,Male,"sneezing, runny nose, itchy eyes, congestion, fatigue, dehydration",Severe case of Allergic Rhinitis. An allergic response to allergens like pollen or dust. Target demographic: Male.,Over-the-counter medication may help.
593,Influenza,Respiratory,Moderate,Female,"high fever, chills, muscle aches, fatigue, cough",Moderate case of Influenza. A contagious respiratory illness caused by influenza viruses. Target demographic: Female.,Monitor symptoms closely.
594,Carpal Tunnel,Musculoskeletal,Mild,Adult,"numbness,  tingling",Mild case of Carpal Tunnel. Pressure on the median nerve causing numbness and tingling in the hand. Target demographic: Adult.,Avoid triggers like spicy food or allergens.
595,Acid Reflux,Digestive,Mild,Male,"heartburn,  chest pain",Mild case of Acid Reflux. A digestive disease where stomach acid irritates the food pipe. Target demographic: Male.,Avoid triggers like spicy food or allergens.
596,Heartburn,Digestive,Acute,Adult,"burning pain in chest, sour taste in mouth, pain worsening when lying down","Acute case of Heartburn. A burning sensation in the chest, just behind the breastbone. Target demographic: Adult.",Apply ice or heat to the affected area.
597,Migraine,Neurological,Severe,General,"severe headache, nausea, sensitivity to light, blurred vision, fatigue, dehydration",Severe case of Migraine. A neurological condition characterized by intense headaches. Target demographic: General.,Maintain good hygiene.
598,Sunburn,Skin,Chronic,Female,"red skin, pain, swelling, blisters",Chronic case of Sunburn. Skin damage caused by ultraviolet (UV) rays from the sun. Target demographic: Female.,Home remedies can alleviate symptoms.
599,Sinusitis,Respiratory,Chronic,Child,"facial pain, thick nasal discharge, headache, cough",Chronic case of Sinusitis. Inflammation or swelling of the tissue lining the sinuses. Target demographic: Child.,Maintain good hygiene.
600,Fever,General,Chronic,General,"elevated body temperature, sweating, chills, headache","Chronic case of Fever. A temporary increase in body temperature, often due to an illness. Target demographic: General.",Over-the-counter medication may help.
601,Hives,Skin,Mild,General,"red welts,  itching","Mild case of Hives. A skin reaction that causes itchy welts, often triggered by allergens. Target demographic: General.",Over-the-counter medication may help.
602,Osteoarthritis,Musculoskeletal,Moderate,General,"joint pain, stiffness, tenderness, loss of flexibility","Moderate case of Osteoarthritis. The most common form of arthritis, caused by wear and tear of cartilage. Target demographic: General.",Maintain good hygiene.
603,Insomnia,Mental Health,Severe,General,"difficulty falling asleep, waking up frequently, daytime tiredness, fatigue, dehydration",Severe case of Insomnia. A sleep disorder characterized by persistent problems falling and staying asleep. Target demographic: General.,Maintain good hygiene.
604,Contact Dermatitis,Skin,Mild,Adult,"red rash,  itching",Mild case of Contact Dermatitis. A skin reaction caused by contact with an allergen or irritant. Target demographic: Adult.,Home remedies can alleviate symptoms.
605,Insomnia,Mental Health,Mild,Elderly,"difficulty falling asleep,  waking up frequently",Mild case of Insomnia. A sleep disorder characterized by persistent problems falling and staying asleep. Target demographic: Elderly.,Rest and hydration recommended.
606,Gingivitis,Dental,Moderate,Female,"swollen gums, bleeding gums, bad breath, receding gums",Moderate case of Gingivitis. A common and mild form of gum disease that causes irritation. Target demographic: Female.,Consult a doctor if symptoms persist for more than 48 hours.
607,Bronchitis,Respiratory,Acute,Child,"cough with mucus, fatigue, shortness of breath, chest discomfort",Acute case of Bronchitis. Inflammation of the bronchial tubes. Target demographic: Child.,Avoid triggers like spicy food or allergens.
608,Tension Headache,Neurological,Chronic,Adult,"dull head pain, pressure across forehead, scalp tenderness","Chronic case of Tension Headache. The most common type of headache, often stress-related. Target demographic: Adult.",Maintain good hygiene.
609,Asthma,Respiratory,Acute,Adult,"wheezing, shortness of breath, chest tightness, coughing",Acute case of Asthma. A condition in which airways narrow and swell and may produce extra mucus. Target demographic: Adult.,Consult a doctor if symptoms persist for more than 48 hours.
610,Indigestion,Digestive,Chronic,Adult,"upper abdominal pain, bloating, belching, nausea",Chronic case of Indigestion. Discomfort in your upper abdomen often caused by eating too much or too fast. Target demographic: Adult.,Over-the-counter medication may help.
611,Muscle Strain,Musculoskeletal,Chronic,General,"sudden pain, swelling, muscle weakness, bruising",Chronic case of Muscle Strain. Damage to a muscle or its attaching tendons. Target demographic: General.,Over-the-counter medication may help.
612,Strep Throat,Respiratory,Mild,General,"throat pain,  fever",Mild case of Strep Throat. A bacterial infection that causes inflammation and pain in the throat. Target demographic: General.,Rest and hydration recommended.
613,Gingivitis,Dental,Moderate,Elderly,"swollen gums, bleeding gums, bad breath, receding gums",Moderate case of Gingivitis. A common and mild form of gum disease that causes irritation. Target demographic: Elderly.,Over-the-counter medication may help.
614,Hypertension,Cardiovascular,Mild,Adult,"headaches,  shortness of breath",Mild case of Hypertension. High blood pressure is a common condition where blood pressure is elevated. Target demographic: Adult.,Seek immediate medical attention.
615,Tennis Elbow,Musculoskeletal,Mild,Child,"pain on outer elbow,  weak grip","Mild case of Tennis Elbow. Painful condition caused by overuse of arm, forearm, and hand muscles. Target demographic: Child.",Apply ice or heat to the affected area.
616,Motion Sickness,Neurological,Severe,Elderly,"nausea, vomiting, dizziness, cold sweats, fatigue, dehydration","Severe case of Motion Sickness. A sick feeling triggered by movement from cars, planes, or boats. Target demographic: Elderly.",Home remedies can alleviate symptoms.
617,Heartburn,Digestive,Mild,Child,"burning pain in chest,  sour taste in mouth","Mild case of Heartburn. A burning sensation in the chest, just behind the breastbone. Target demographic: Child.",Prescription medication might be required.
618,Tennis Elbow,Musculoskeletal,Moderate,Female,"pain on outer elbow, weak grip, burning sensation","Moderate case of Tennis Elbow. Painful condition caused by overuse of arm, forearm, and hand muscles. Target demographic: Female.",Consult a doctor if symptoms persist for more than 48 hours.
619,Viral Pharyngitis,Respiratory,Acute,Elderly,"sore throat, scratchy throat, difficulty swallowing","Acute case of Viral Pharyngitis. Inflammation of the pharynx, usually caused by a viral infection. Target demographic: Elderly.",Monitor symptoms closely.
620,Athlete's Foot,Skin,Severe,Elderly,"scaly rash, itching, stinging, blisters on feet, fatigue, dehydration",Severe case of Athlete's Foot. A fungal infection that usually begins between the toes. Target demographic: Elderly.,Home remedies can alleviate symptoms.
621,Menstrual Cramps,Reproductive,Chronic,Male,"throbbing pain in lower abdomen, nausea, headache",Chronic case of Menstrual Cramps. Pain in the lower abdomen that occurs during a menstrual period. Target demographic: Male.,Home remedies can alleviate symptoms.
622,Yeast Infection,Reproductive,Mild,General,"itching,  irritation","Mild case of Yeast Infection. A fungal infection that causes irritation, discharge, and intense itchiness. Target demographic: General.",Monitor symptoms closely.
623,Influenza,Respiratory,Mild,Male,"high fever,  chills",Mild case of Influenza. A contagious respiratory illness caused by influenza viruses. Target demographic: Male.,Consult a doctor if symptoms persist for more than 48 hours.
624,Osteoarthritis,Musculoskeletal,Acute,General,"joint pain, stiffness, tenderness, loss of flexibility","Acute case of Osteoarthritis. The most common form of arthritis, caused by wear and tear of cartilage. Target demographic: General.",Seek immediate medical attention.
625,Contact Dermatitis,Skin,Severe,Adult,"red rash, itching, dry skin, blisters, fatigue, dehydration",Severe case of Contact Dermatitis. A skin reaction caused by contact with an allergen or irritant. Target demographic: Adult.,Monitor symptoms closely.
626,Sunburn,Skin,Moderate,Adult,"red skin, pain, swelling, blisters",Moderate case of Sunburn. Skin damage caused by ultraviolet (UV) rays from the sun. Target demographic: Adult.,Over-the-counter medication may help.
627,Eczema,Skin,Chronic,Elderly,"dry, itchy skin, redness, cracked skin","Chronic case of Eczema. A condition where patches of skin become inflamed, itchy, and cracked. Target demographic: Elderly.",Avoid triggers like spicy food or allergens.
628,Hemorrhoids,Digestive,Mild,Elderly,"rectal bleeding,  itching",Mild case of Hemorrhoids. Swollen veins in the lowest part of your rectum and anus. Target demographic: Elderly.,Avoid triggers like spicy food or allergens.
629,Asthma,Respiratory,Chronic,General,"wheezing, shortness of breath, chest tightness, coughing",Chronic case of Asthma. A condition in which airways narrow and swell and may produce extra mucus. Target demographic: General.,Rest and hydration recommended.
630,Canker Sore,Dental,Moderate,Adult,"small ulcer in mouth, pain, difficulty eating","Moderate case of Canker Sore. A small, shallow lesion on the soft tissues in your mouth. Target demographic: Adult.",Consult a doctor if symptoms persist for more than 48 hours.
631,Anxiety,Mental Health,Moderate,Female,"nervousness, rapid heart rate, trembling, sweating","Moderate case of Anxiety. Intense, excessive, and persistent worry and fear. Target demographic: Female.",Apply ice or heat to the affected area.
632,Urinary Tract Infection,Urinary,Mild,Child,"burning during urination,  frequent urge to urinate",Mild case of Urinary Tract Infection. An infection in any part of the urinary system. Target demographic: Child.,Seek immediate medical attention.
633,Allergic Rhinitis,Immune,Mild,Elderly,"sneezing,  runny nose",Mild case of Allergic Rhinitis. An allergic response to allergens like pollen or dust. Target demographic: Elderly.,Consult a doctor if symptoms persist for more than 48 hours.
634,Eczema,Skin,Moderate,Female,"dry, itchy skin, redness, cracked skin","Moderate case of Eczema. A condition where patches of skin become inflamed, itchy, and cracked. Target demographic: Female.",Apply ice or heat to the affected area.
635,Gastroenteritis,Digestive,Severe,Female,"diarrhea, stomach cramps, nausea, vomiting, fatigue, dehydration","Severe case of Gastroenteritis. Inflammation of the stomach and intestines, often called stomach flu. Target demographic: Female.",Over-the-counter medication may help.
636,Nausea,Digestive,Chronic,Adult,"feeling sick to stomach, urge to vomit, dizziness",Chronic case of Nausea. An uncomfortable sensation in the stomach that leads to an urge to vomit. Target demographic: Adult.,Rest and hydration recommended.
637,Muscle Strain,Musculoskeletal,Acute,Child,"sudden pain, swelling, muscle weakness, bruising",Acute case of Muscle Strain. Damage to a muscle or its attaching tendons. Target demographic: Child.,Home remedies can alleviate symptoms.
638,Ear Infection,Ears,Severe,Child,"ear pain, difficulty hearing, drainage from ear, fatigue, dehydration",Severe case of Ear Infection. A bacterial or viral infection that affects the middle ear. Target demographic: Child.,Prescription medication might be required.
639,Osteoarthritis,Musculoskeletal,Acute,General,"joint pain, stiffness, tenderness, loss of flexibility","Acute case of Osteoarthritis. The most common form of arthritis, caused by wear and tear of cartilage. Target demographic: General.",Apply ice or heat to the affected area.
640,Influenza,Respiratory,Severe,Child,"high fever, chills, muscle aches, fatigue, cough, fatigue, dehydration",Severe case of Influenza. A contagious respiratory illness caused by influenza viruses. Target demographic: Child.,Consult a doctor if symptoms persist for more than 48 hours.
641,Influenza B,Respiratory,Mild,Female,"fever,  chills","Mild case of Influenza B. A specific strain of the flu virus, typically appearing in seasonal outbreaks. Target demographic: Female.",Consult a doctor if symptoms persist for more than 48 hours.
642,Sinusitis,Respiratory,Chronic,Female,"facial pain, thick nasal discharge, headache, cough",Chronic case of Sinusitis. Inflammation or swelling of the tissue lining the sinuses. Target demographic: Female.,Seek immediate medical attention.
643,Gingivitis,Dental,Moderate,Child,"swollen gums, bleeding gums, bad breath, receding gums",Moderate case of Gingivitis. A common and mild form of gum disease that causes irritation. Target demographic: Child.,Monitor symptoms closely.
644,Bronchitis,Respiratory,Acute,Elderly,"cough with mucus, fatigue, shortness of breath, chest discomfort",Acute case of Bronchitis. Inflammation of the bronchial tubes. Target demographic: Elderly.,Home remedies can alleviate symptoms.
645,Ear Infection,Ears,Moderate,Child,"ear pain, difficulty hearing, drainage from ear",Moderate case of Ear Infection. A bacterial or viral infection that affects the middle ear. Target demographic: Child.,Rest and hydration recommended.
646,Bunion,Musculoskeletal,Mild,General,"bump on big toe joint,  redness",Mild case of Bunion. A bony bump that forms on the joint at the base of your big toe. Target demographic: General.,Consult a doctor if symptoms persist for more than 48 hours.
647,Laryngitis,Respiratory,Moderate,General,"hoarseness, weak voice, sore throat, dry cough","Moderate case of Laryngitis. Inflammation of the voice box (larynx) from overuse, irritation or infection. Target demographic: General.",Home remedies can alleviate symptoms.
648,Dehydration,Metabolic,Mild,Elderly,"extreme thirst,  dry mouth",Mild case of Dehydration. Occurs when you use or lose more fluid than you take in. Target demographic: Elderly.,Seek immediate medical attention.
649,Hemorrhoids,Digestive,Acute,General,"rectal bleeding, itching, pain, swelling",Acute case of Hemorrhoids. Swollen veins in the lowest part of your rectum and anus. Target demographic: General.,Apply ice or heat to the affected area.
650,Menstrual Cramps,Reproductive,Severe,Child,"throbbing pain in lower abdomen, nausea, headache, fatigue, dehydration",Severe case of Menstrual Cramps. Pain in the lower abdomen that occurs during a menstrual period. Target demographic: Child.,Consult a doctor if symptoms persist for more than 48 hours.
651,Pink Eye,Eyes,Moderate,Female,"redness, itching, discharge, tearing",Moderate case of Pink Eye. Inflammation or infection of the transparent membrane lining the eyelid. Target demographic: Female.,Seek immediate medical attention.
652,Canker Sore,Dental,Mild,General,"small ulcer in mouth,  pain","Mild case of Canker Sore. A small, shallow lesion on the soft tissues in your mouth. Target demographic: General.",Apply ice or heat to the affected area.
653,Contact Dermatitis,Skin,Severe,Adult,"red rash, itching, dry skin, blisters, fatigue, dehydration",Severe case of Contact Dermatitis. A skin reaction caused by contact with an allergen or irritant. Target demographic: Adult.,Rest and hydration recommended.
654,Acid Reflux,Digestive,Chronic,Child,"heartburn, chest pain, regurgitation, difficulty swallowing",Chronic case of Acid Reflux. A digestive disease where stomach acid irritates the food pipe. Target demographic: Child.,Prescription medication might be required.
655,Strep Throat,Respiratory,Moderate,Female,"throat pain, fever, swollen lymph nodes, white patches on tonsils",Moderate case of Strep Throat. A bacterial infection that causes inflammation and pain in the throat. Target demographic: Female.,Avoid triggers like spicy food or allergens.
656,Migraine,Neurological,Severe,Female,"severe headache, nausea, sensitivity to light, blurred vision, fatigue, dehydration",Severe case of Migraine. A neurological condition characterized by intense headaches. Target demographic: Female.,Avoid triggers like spicy food or allergens.
657,Pink Eye,Eyes,Moderate,General,"redness, itching, discharge, tearing",Moderate case of Pink Eye. Inflammation or infection of the transparent membrane lining the eyelid. Target demographic: General.,Monitor symptoms closely.
658,Hypertension,Cardiovascular,Chronic,Adult,"headaches, shortness of breath, nosebleeds",Chronic case of Hypertension. High blood pressure is a common condition where blood pressure is elevated. Target demographic: Adult.,Seek immediate medical attention.
659,Muscle Strain,Musculoskeletal,Severe,Male,"sudden pain, swelling, muscle weakness, bruising, fatigue, dehydration",Severe case of Muscle Strain. Damage to a muscle or its attaching tendons. Target demographic: Male.,Rest and hydration recommended.
660,Sinusitis,Respiratory,Moderate,Male,"facial pain, thick nasal discharge, headache, cough",Moderate case of Sinusitis. Inflammation or swelling of the tissue lining the sinuses. Target demographic: Male.,Monitor symptoms closely.
661,Heat Exhaustion,Environmental,Moderate,Elderly,"heavy sweating, faintness, dizziness, fatigue, cool skin",Moderate case of Heat Exhaustion. A condition where the body overheats due to exposure to high temperatures. Target demographic: Elderly.,Avoid triggers like spicy food or allergens.
662,Migraine,Neurological,Acute,Male,"severe headache, nausea, sensitivity to light, blurred vision",Acute case of Migraine. A neurological condition characterized by intense headaches. Target demographic: Male.,Home remedies can alleviate symptoms.
663,Urinary Tract Infection,Urinary,Severe,Male,"burning during urination, frequent urge to urinate, cloudy urine, fatigue, dehydration",Severe case of Urinary Tract Infection. An infection in any part of the urinary system. Target demographic: Male.,Avoid triggers like spicy food or allergens.
664,Constipation,Digestive,Acute,Female,"infrequent bowel movements, hard stools, straining",Acute case of Constipation. Infrequent bowel movements or difficult passage of stools. Target demographic: Female.,Monitor symptoms closely.
665,Lower Back Pain,Musculoskeletal,Moderate,Adult,"pain in lower back, stiffness, reduced range of motion","Moderate case of Lower Back Pain. Common disorder involving the muscles, nerves, and bones of the back. Target demographic: Adult.",Rest and hydration recommended.
666,Contact Dermatitis,Skin,Acute,Elderly,"red rash, itching, dry skin, blisters",Acute case of Contact Dermatitis. A skin reaction caused by contact with an allergen or irritant. Target demographic: Elderly.,Prescription medication might be required.
667,Urinary Tract Infection,Urinary,Severe,Child,"burning during urination, frequent urge to urinate, cloudy urine, fatigue, dehydration",Severe case of Urinary Tract Infection. An infection in any part of the urinary system. Target demographic: Child.,Consult a doctor if symptoms persist for more than 48 hours.
668,Nausea,Digestive,Severe,Female,"feeling sick to stomach, urge to vomit, dizziness, fatigue, dehydration",Severe case of Nausea. An uncomfortable sensation in the stomach that leads to an urge to vomit. Target demographic: Female.,Consult a doctor if symptoms persist for more than 48 hours.
669,Hives,Skin,Chronic,Child,"red welts, itching, swelling, burning sensation","Chronic case of Hives. A skin reaction that causes itchy welts, often triggered by allergens. Target demographic: Child.",Monitor symptoms closely.
670,Hemorrhoids,Digestive,Mild,Female,"rectal bleeding,  itching",Mild case of Hemorrhoids. Swollen veins in the lowest part of your rectum and anus. Target demographic: Female.,Seek immediate medical attention.
671,Pink Eye,Eyes,Moderate,General,"redness, itching, discharge, tearing",Moderate case of Pink Eye. Inflammation or infection of the transparent membrane lining the eyelid. Target demographic: General.,Home remedies can alleviate symptoms.
672,Sunburn,Skin,Severe,Elderly,"red skin, pain, swelling, blisters, fatigue, dehydration",Severe case of Sunburn. Skin damage caused by ultraviolet (UV) rays from the sun. Target demographic: Elderly.,Consult a doctor if symptoms persist for more than 48 hours.
673,Gastroenteritis,Digestive,Chronic,General,"diarrhea, stomach cramps, nausea, vomiting","Chronic case of Gastroenteritis. Inflammation of the stomach and intestines, often called stomach flu. Target demographic: General.",Home remedies can alleviate symptoms.
674,Cold Sore,Skin,Severe,Female,"tingling, blisters on lip, pain, itching, fatigue, dehydration",Severe case of Cold Sore. A group of fluid-filled blisters caused by the herpes simplex virus. Target demographic: Female.,Over-the-counter medication may help.
675,Viral Pharyngitis,Respiratory,Chronic,General,"sore throat, scratchy throat, difficulty swallowing","Chronic case of Viral Pharyngitis. Inflammation of the pharynx, usually caused by a viral infection. Target demographic: General.",Seek immediate medical attention.
676,Influenza,Respiratory,Mild,Elderly,"high fever,  chills",Mild case of Influenza. A contagious respiratory illness caused by influenza viruses. Target demographic: Elderly.,Maintain good hygiene.
677,Gastroenteritis,Digestive,Moderate,Child,"diarrhea, stomach cramps, nausea, vomiting","Moderate case of Gastroenteritis. Inflammation of the stomach and intestines, often called stomach flu. Target demographic: Child.",Prescription medication might be required.
678,Muscle Strain,Musculoskeletal,Moderate,Adult,"sudden pain, swelling, muscle weakness, bruising",Moderate case of Muscle Strain. Damage to a muscle or its attaching tendons. Target demographic: Adult.,Apply ice or heat to the affected area.
679,Viral Pharyngitis,Respiratory,Severe,Elderly,"sore throat, scratchy throat, difficulty swallowing, fatigue, dehydration","Severe case of Viral Pharyngitis. Inflammation of the pharynx, usually caused by a viral infection. Target demographic: Elderly.",Seek immediate medical attention.
680,Pink Eye,Eyes,Mild,General,"redness,  itching",Mild case of Pink Eye. Inflammation or infection of the transparent membrane lining the eyelid. Target demographic: General.,Prescription medication might be required.
681,Nausea,Digestive,Moderate,Adult,"feeling sick to stomach, urge to vomit, dizziness",Moderate case of Nausea. An uncomfortable sensation in the stomach that leads to an urge to vomit. Target demographic: Adult.,Avoid triggers like spicy food or allergens.
682,Jock Itch,Skin,Mild,Adult,"red,  itchy rash in the groin area","Mild case of Jock Itch. A fungal infection that causes a red, itchy rash in warm, moist areas of the body. Target demographic: Adult.",Home remedies can alleviate symptoms.
683,Canker Sore,Dental,Moderate,Male,"small ulcer in mouth, pain, difficulty eating","Moderate case of Canker Sore. A small, shallow lesion on the soft tissues in your mouth. Target demographic: Male.",Monitor symptoms closely.
684,Tension Headache,Neurological,Severe,Elderly,"dull head pain, pressure across forehead, scalp tenderness, fatigue, dehydration","Severe case of Tension Headache. The most common type of headache, often stress-related. Target demographic: Elderly.",Consult a doctor if symptoms persist for more than 48 hours.
685,Osteoarthritis,Musculoskeletal,Acute,Adult,"joint pain, stiffness, tenderness, loss of flexibility","Acute case of Osteoarthritis. The most common form of arthritis, caused by wear and tear of cartilage. Target demographic: Adult.",Monitor symptoms closely.
686,Gingivitis,Dental,Chronic,Female,"swollen gums, bleeding gums, bad breath, receding gums",Chronic case of Gingivitis. A common and mild form of gum disease that causes irritation. Target demographic: Female.,Apply ice or heat to the affected area.
687,Menstrual Cramps,Reproductive,Moderate,Female,"throbbing pain in lower abdomen, nausea, headache",Moderate case of Menstrual Cramps. Pain in the lower abdomen that occurs during a menstrual period. Target demographic: Female.,Apply ice or heat to the affected area.
688,Viral Pharyngitis,Respiratory,Moderate,Elderly,"sore throat, scratchy throat, difficulty swallowing","Moderate case of Viral Pharyngitis. Inflammation of the pharynx, usually caused by a viral infection. Target demographic: Elderly.",Over-the-counter medication may help.
689,Indigestion,Digestive,Moderate,Elderly,"upper abdominal pain, bloating, belching, nausea",Moderate case of Indigestion. Discomfort in your upper abdomen often caused by eating too much or too fast. Target demographic: Elderly.,Seek immediate medical attention.
690,Influenza B,Respiratory,Mild,Female,"fever,  chills","Mild case of Influenza B. A specific strain of the flu virus, typically appearing in seasonal outbreaks. Target demographic: Female.",Maintain good hygiene.
691,Athlete's Foot,Skin,Chronic,General,"scaly rash, itching, stinging, blisters on feet",Chronic case of Athlete's Foot. A fungal infection that usually begins between the toes. Target demographic: General.,Seek immediate medical attention.
692,Asthma,Respiratory,Mild,Adult,"wheezing,  shortness of breath",Mild case of Asthma. A condition in which airways narrow and swell and may produce extra mucus. Target demographic: Adult.,Seek immediate medical attention.
693,Influenza,Respiratory,Moderate,Male,"high fever, chills, muscle aches, fatigue, cough",Moderate case of Influenza. A contagious respiratory illness caused by influenza viruses. Target demographic: Male.,Seek immediate medical attention.
694,Nausea,Digestive,Severe,General,"feeling sick to stomach, urge to vomit, dizziness, fatigue, dehydration",Severe case of Nausea. An uncomfortable sensation in the stomach that leads to an urge to vomit. Target demographic: General.,Avoid triggers like spicy food or allergens.
695,Viral Pharyngitis,Respiratory,Moderate,General,"sore throat, scratchy throat, difficulty swallowing","Moderate case of Viral Pharyngitis. Inflammation of the pharynx, usually caused by a viral infection. Target demographic: General.",Rest and hydration recommended.
696,Bronchitis,Respiratory,Severe,Child,"cough with mucus, fatigue, shortness of breath, chest discomfort, fatigue, dehydration",Severe case of Bronchitis. Inflammation of the bronchial tubes. Target demographic: Child.,Maintain good hygiene.
697,Muscle Strain,Musculoskeletal,Acute,Elderly,"sudden pain, swelling, muscle weakness, bruising",Acute case of Muscle Strain. Damage to a muscle or its attaching tendons. Target demographic: Elderly.,Seek immediate medical attention.
698,Jock Itch,Skin,Moderate,Child,"red, itchy rash in the groin area, burning sensation","Moderate case of Jock Itch. A fungal infection that causes a red, itchy rash in warm, moist areas of the body. Target demographic: Child.",Home remedies can alleviate symptoms.
699,Nosebleed,General,Moderate,Female,"bleeding from nose, dry nasal membranes","Moderate case of Nosebleed. Bleeding from the inside of the nose, common in dry climates. Target demographic: Female.",Prescription medication might be required.
700,Gastroenteritis,Digestive,Severe,Male,"diarrhea, stomach cramps, nausea, vomiting, fatigue, dehydration","Severe case of Gastroenteritis. Inflammation of the stomach and intestines, often called stomach flu. Target demographic: Male.",Prescription medication might be required.
701,Gingivitis,Dental,Acute,General,"swollen gums, bleeding gums, bad breath, receding gums",Acute case of Gingivitis. A common and mild form of gum disease that causes irritation. Target demographic: General.,Avoid triggers like spicy food or allergens.
702,Viral Pharyngitis,Respiratory,Severe,Adult,"sore throat, scratchy throat, difficulty swallowing, fatigue, dehydration","Severe case of Viral Pharyngitis. Inflammation of the pharynx, usually caused by a viral infection. Target demographic: Adult.",Home remedies can alleviate symptoms.
703,Tennis Elbow,Musculoskeletal,Severe,Female,"pain on outer elbow, weak grip, burning sensation, fatigue, dehydration","Severe case of Tennis Elbow. Painful condition caused by overuse of arm, forearm, and hand muscles. Target demographic: Female.",Prescription medication might be required.
704,Tennis Elbow,Musculoskeletal,Acute,Adult,"pain on outer elbow, weak grip, burning sensation","Acute case of Tennis Elbow. Painful condition caused by overuse of arm, forearm, and hand muscles. Target demographic: Adult.",Apply ice or heat to the affected area.
705,Allergic Rhinitis,Immune,Mild,Male,"sneezing,  runny nose",Mild case of Allergic Rhinitis. An allergic response to allergens like pollen or dust. Target demographic: Male.,Over-the-counter medication may help.
706,Ear Infection,Ears,Mild,General,"ear pain,  difficulty hearing",Mild case of Ear Infection. A bacterial or viral infection that affects the middle ear. Target demographic: General.,Monitor symptoms closely.
707,Viral Pharyngitis,Respiratory,Moderate,Child,"sore throat, scratchy throat, difficulty swallowing","Moderate case of Viral Pharyngitis. Inflammation of the pharynx, usually caused by a viral infection. Target demographic: Child.",Apply ice or heat to the affected area.
708,Acid Reflux,Digestive,Mild,Child,"heartburn,  chest pain",Mild case of Acid Reflux. A digestive disease where stomach acid irritates the food pipe. Target demographic: Child.,Maintain good hygiene.
709,Nosebleed,General,Moderate,Elderly,"bleeding from nose, dry nasal membranes","Moderate case of Nosebleed. Bleeding from the inside of the nose, common in dry climates. Target demographic: Elderly.",Maintain good hygiene.
710,Migraine,Neurological,Acute,Adult,"severe headache, nausea, sensitivity to light, blurred vision",Acute case of Migraine. A neurological condition characterized by intense headaches. Target demographic: Adult.,Apply ice or heat to the affected area.
711,Common Cold,Respiratory,Acute,Elderly,"runny nose, sore throat, coughing, sneezing",Acute case of Common Cold. A viral infection of the upper respiratory tract. Target demographic: Elderly.,Rest and hydration recommended.
712,Type 2 Diabetes,Metabolic,Acute,General,"increased thirst, frequent urination, hunger, fatigue",Acute case of Type 2 Diabetes. A chronic condition that affects the way the body processes blood sugar. Target demographic: General.,Apply ice or heat to the affected area.
713,Tennis Elbow,Musculoskeletal,Severe,Female,"pain on outer elbow, weak grip, burning sensation, fatigue, dehydration","Severe case of Tennis Elbow. Painful condition caused by overuse of arm, forearm, and hand muscles. Target demographic: Female.",Rest and hydration recommended.
714,Constipation,Digestive,Acute,General,"infrequent bowel movements, hard stools, straining",Acute case of Constipation. Infrequent bowel movements or difficult passage of stools. Target demographic: General.,Seek immediate medical attention.
715,Yeast Infection,Reproductive,Mild,Child,"itching,  irritation","Mild case of Yeast Infection. A fungal infection that causes irritation, discharge, and intense itchiness. Target demographic: Child.",Maintain good hygiene.
716,Sinusitis,Respiratory,Moderate,Child,"facial pain, thick nasal discharge, headache, cough",Moderate case of Sinusitis. Inflammation or swelling of the tissue lining the sinuses. Target demographic: Child.,Prescription medication might be required.
717,Menstrual Cramps,Reproductive,Chronic,General,"throbbing pain in lower abdomen, nausea, headache",Chronic case of Menstrual Cramps. Pain in the lower abdomen that occurs during a menstrual period. Target demographic: General.,Rest and hydration recommended.
718,Food Poisoning,Digestive,Moderate,Adult,"nausea, vomiting, watery diarrhea, abdominal pain",Moderate case of Food Poisoning. Illness caused by consuming contaminated food. Target demographic: Adult.,Monitor symptoms closely.
719,Common Cold,Respiratory,Moderate,General,"runny nose, sore throat, coughing, sneezing",Moderate case of Common Cold. A viral infection of the upper respiratory tract. Target demographic: General.,Maintain good hygiene.
720,Ear Infection,Ears,Chronic,Adult,"ear pain, difficulty hearing, drainage from ear",Chronic case of Ear Infection. A bacterial or viral infection that affects the middle ear. Target demographic: Adult.,Home remedies can alleviate symptoms.
721,Tension Headache,Neurological,Acute,Female,"dull head pain, pressure across forehead, scalp tenderness","Acute case of Tension Headache. The most common type of headache, often stress-related. Target demographic: Female.",Maintain good hygiene.
722,Viral Pharyngitis,Respiratory,Severe,Female,"sore throat, scratchy throat, difficulty swallowing, fatigue, dehydration","Severe case of Viral Pharyngitis. Inflammation of the pharynx, usually caused by a viral infection. Target demographic: Female.",Avoid triggers like spicy food or allergens.
723,Type 2 Diabetes,Metabolic,Chronic,Elderly,"increased thirst, frequent urination, hunger, fatigue",Chronic case of Type 2 Diabetes. A chronic condition that affects the way the body processes blood sugar. Target demographic: Elderly.,Monitor symptoms closely.
724,Sunburn,Skin,Chronic,Adult,"red skin, pain, swelling, blisters",Chronic case of Sunburn. Skin damage caused by ultraviolet (UV) rays from the sun. Target demographic: Adult.,Seek immediate medical attention.
725,Pink Eye,Eyes,Acute,Elderly,"redness, itching, discharge, tearing",Acute case of Pink Eye. Inflammation or infection of the transparent membrane lining the eyelid. Target demographic: Elderly.,Home remedies can alleviate symptoms.
726,Anxiety,Mental Health,Acute,Adult,"nervousness, rapid heart rate, trembling, sweating","Acute case of Anxiety. Intense, excessive, and persistent worry and fear. Target demographic: Adult.",Seek immediate medical attention.
727,Bunion,Musculoskeletal,Mild,Elderly,"bump on big toe joint,  redness",Mild case of Bunion. A bony bump that forms on the joint at the base of your big toe. Target demographic: Elderly.,Home remedies can alleviate symptoms.
728,Acid Reflux,Digestive,Chronic,Adult,"heartburn, chest pain, regurgitation, difficulty swallowing",Chronic case of Acid Reflux. A digestive disease where stomach acid irritates the food pipe. Target demographic: Adult.,Prescription medication might be required.
729,Influenza B,Respiratory,Severe,Elderly,"fever, chills, muscle aches, cough, fatigue, fatigue, dehydration","Severe case of Influenza B. A specific strain of the flu virus, typically appearing in seasonal outbreaks. Target demographic: Elderly.",Prescription medication might be required.
730,Cold Sore,Skin,Acute,General,"tingling, blisters on lip, pain, itching",Acute case of Cold Sore. A group of fluid-filled blisters caused by the herpes simplex virus. Target demographic: General.,Monitor symptoms closely.
731,Common Cold,Respiratory,Acute,Adult,"runny nose, sore throat, coughing, sneezing",Acute case of Common Cold. A viral infection of the upper respiratory tract. Target demographic: Adult.,Apply ice or heat to the affected area.
732,Ear Infection,Ears,Severe,Elderly,"ear pain, difficulty hearing, drainage from ear, fatigue, dehydration",Severe case of Ear Infection. A bacterial or viral infection that affects the middle ear. Target demographic: Elderly.,Maintain good hygiene.
733,Pink Eye,Eyes,Moderate,Adult,"redness, itching, discharge, tearing",Moderate case of Pink Eye. Inflammation or infection of the transparent membrane lining the eyelid. Target demographic: Adult.,Rest and hydration recommended.
734,Constipation,Digestive,Severe,Elderly,"infrequent bowel movements, hard stools, straining, fatigue, dehydration",Severe case of Constipation. Infrequent bowel movements or difficult passage of stools. Target demographic: Elderly.,Prescription medication might be required.
735,Muscle Strain,Musculoskeletal,Acute,General,"sudden pain, swelling, muscle weakness, bruising",Acute case of Muscle Strain. Damage to a muscle or its attaching tendons. Target demographic: General.,Avoid triggers like spicy food or allergens.
736,Hypertension,Cardiovascular,Acute,Elderly,"headaches, shortness of breath, nosebleeds",Acute case of Hypertension. High blood pressure is a common condition where blood pressure is elevated. Target demographic: Elderly.,Monitor symptoms closely.
737,Osteoarthritis,Musculoskeletal,Severe,Child,"joint pain, stiffness, tenderness, loss of flexibility, fatigue, dehydration","Severe case of Osteoarthritis. The most common form of arthritis, caused by wear and tear of cartilage. Target demographic: Child.",Apply ice or heat to the affected area.
738,Bunion,Musculoskeletal,Mild,Adult,"bump on big toe joint,  redness",Mild case of Bunion. A bony bump that forms on the joint at the base of your big toe. Target demographic: Adult.,Rest and hydration recommended.
739,Jock Itch,Skin,Severe,Adult,"red, itchy rash in the groin area, burning sensation, fatigue, dehydration","Severe case of Jock Itch. A fungal infection that causes a red, itchy rash in warm, moist areas of the body. Target demographic: Adult.",Rest and hydration recommended.
740,Heat Exhaustion,Environmental,Moderate,Child,"heavy sweating, faintness, dizziness, fatigue, cool skin",Moderate case of Heat Exhaustion. A condition where the body overheats due to exposure to high temperatures. Target demographic: Child.,Maintain good hygiene.
741,Ear Infection,Ears,Acute,Adult,"ear pain, difficulty hearing, drainage from ear",Acute case of Ear Infection. A bacterial or viral infection that affects the middle ear. Target demographic: Adult.,Over-the-counter medication may help.
742,Tension Headache,Neurological,Mild,Male,"dull head pain,  pressure across forehead","Mild case of Tension Headache. The most common type of headache, often stress-related. Target demographic: Male.",Apply ice or heat to the affected area.
743,Ear Infection,Ears,Severe,Male,"ear pain, difficulty hearing, drainage from ear, fatigue, dehydration",Severe case of Ear Infection. A bacterial or viral infection that affects the middle ear. Target demographic: Male.,Consult a doctor if symptoms persist for more than 48 hours.
744,Yeast Infection,Reproductive,Severe,Male,"itching, irritation, vaginal discharge, pain during urination, fatigue, dehydration","Severe case of Yeast Infection. A fungal infection that causes irritation, discharge, and intense itchiness. Target demographic: Male.",Consult a doctor if symptoms persist for more than 48 hours.
745,Menstrual Cramps,Reproductive,Chronic,Female,"throbbing pain in lower abdomen, nausea, headache",Chronic case of Menstrual Cramps. Pain in the lower abdomen that occurs during a menstrual period. Target demographic: Female.,Prescription medication might be required.
746,Toothache,Dental,Acute,Child,"tooth pain, swelling around tooth, fever, drainage",Acute case of Toothache. Pain in or around a tooth caused by various dental problems. Target demographic: Child.,Maintain good hygiene.
747,Hypertension,Cardiovascular,Mild,Child,"headaches,  shortness of breath",Mild case of Hypertension. High blood pressure is a common condition where blood pressure is elevated. Target demographic: Child.,Monitor symptoms closely.
748,Tension Headache,Neurological,Chronic,Male,"dull head pain, pressure across forehead, scalp tenderness","Chronic case of Tension Headache. The most common type of headache, often stress-related. Target demographic: Male.",Monitor symptoms closely.
749,Cold Sore,Skin,Chronic,Female,"tingling, blisters on lip, pain, itching",Chronic case of Cold Sore. A group of fluid-filled blisters caused by the herpes simplex virus. Target demographic: Female.,Avoid triggers like spicy food or allergens.
750,Osteoarthritis,Musculoskeletal,Mild,Female,"joint pain,  stiffness","Mild case of Osteoarthritis. The most common form of arthritis, caused by wear and tear of cartilage. Target demographic: Female.",Consult a doctor if symptoms persist for more than 48 hours.
751,Sinusitis,Respiratory,Severe,Child,"facial pain, thick nasal discharge, headache, cough, fatigue, dehydration",Severe case of Sinusitis. Inflammation or swelling of the tissue lining the sinuses. Target demographic: Child.,Avoid triggers like spicy food or allergens.
752,Sinusitis,Respiratory,Chronic,Male,"facial pain, thick nasal discharge, headache, cough",Chronic case of Sinusitis. Inflammation or swelling of the tissue lining the sinuses. Target demographic: Male.,Home remedies can alleviate symptoms.
753,Eczema,Skin,Chronic,Male,"dry, itchy skin, redness, cracked skin","Chronic case of Eczema. A condition where patches of skin become inflamed, itchy, and cracked. Target demographic: Male.",Home remedies can alleviate symptoms.
754,Sinusitis,Respiratory,Severe,Elderly,"facial pain, thick nasal discharge, headache, cough, fatigue, dehydration",Severe case of Sinusitis. Inflammation or swelling of the tissue lining the sinuses. Target demographic: Elderly.,Monitor symptoms closely.
755,Common Cold,Respiratory,Mild,Child,"runny nose,  sore throat",Mild case of Common Cold. A viral infection of the upper respiratory tract. Target demographic: Child.,Maintain good hygiene.
756,Tension Headache,Neurological,Severe,General,"dull head pain, pressure across forehead, scalp tenderness, fatigue, dehydration","Severe case of Tension Headache. The most common type of headache, often stress-related. Target demographic: General.",Consult a doctor if symptoms persist for more than 48 hours.
757,Sunburn,Skin,Mild,Female,"red skin,  pain",Mild case of Sunburn. Skin damage caused by ultraviolet (UV) rays from the sun. Target demographic: Female.,Maintain good hygiene.
758,Canker Sore,Dental,Acute,General,"small ulcer in mouth, pain, difficulty eating","Acute case of Canker Sore. A small, shallow lesion on the soft tissues in your mouth. Target demographic: General.",Monitor symptoms closely.
759,Eczema,Skin,Moderate,Elderly,"dry, itchy skin, redness, cracked skin","Moderate case of Eczema. A condition where patches of skin become inflamed, itchy, and cracked. Target demographic: Elderly.",Avoid triggers like spicy food or allergens.
760,Heartburn,Digestive,Moderate,General,"burning pain in chest, sour taste in mouth, pain worsening when lying down","Moderate case of Heartburn. A burning sensation in the chest, just behind the breastbone. Target demographic: General.",Seek immediate medical attention.
761,Gingivitis,Dental,Moderate,Female,"swollen gums, bleeding gums, bad breath, receding gums",Moderate case of Gingivitis. A common and mild form of gum disease that causes irritation. Target demographic: Female.,Apply ice or heat to the affected area.
762,Nosebleed,General,Acute,Female,"bleeding from nose, dry nasal membranes","Acute case of Nosebleed. Bleeding from the inside of the nose, common in dry climates. Target demographic: Female.",Maintain good hygiene.
763,Motion Sickness,Neurological,Moderate,Female,"nausea, vomiting, dizziness, cold sweats","Moderate case of Motion Sickness. A sick feeling triggered by movement from cars, planes, or boats. Target demographic: Female.",Apply ice or heat to the affected area.
764,Sinusitis,Respiratory,Moderate,Child,"facial pain, thick nasal discharge, headache, cough",Moderate case of Sinusitis. Inflammation or swelling of the tissue lining the sinuses. Target demographic: Child.,Consult a doctor if symptoms persist for more than 48 hours.
765,Cold Sore,Skin,Acute,Elderly,"tingling, blisters on lip, pain, itching",Acute case of Cold Sore. A group of fluid-filled blisters caused by the herpes simplex virus. Target demographic: Elderly.,Apply ice or heat to the affected area.
766,Toothache,Dental,Chronic,Female,"tooth pain, swelling around tooth, fever, drainage",Chronic case of Toothache. Pain in or around a tooth caused by various dental problems. Target demographic: Female.,Avoid triggers like spicy food or allergens.
767,Tennis Elbow,Musculoskeletal,Severe,Female,"pain on outer elbow, weak grip, burning sensation, fatigue, dehydration","Severe case of Tennis Elbow. Painful condition caused by overuse of arm, forearm, and hand muscles. Target demographic: Female.",Avoid triggers like spicy food or allergens.
768,Dandruff,Skin,Chronic,Elderly,"flaking scalp, itching, dry skin",Chronic case of Dandruff. A common condition that causes the skin on the scalp to flake. Target demographic: Elderly.,Apply ice or heat to the affected area.
769,Type 2 Diabetes,Metabolic,Severe,Male,"increased thirst, frequent urination, hunger, fatigue, fatigue, dehydration",Severe case of Type 2 Diabetes. A chronic condition that affects the way the body processes blood sugar. Target demographic: Male.,Monitor symptoms closely.
770,Athlete's Foot,Skin,Mild,Elderly,"scaly rash,  itching",Mild case of Athlete's Foot. A fungal infection that usually begins between the toes. Target demographic: Elderly.,Consult a doctor if symptoms persist for more than 48 hours.
771,Tension Headache,Neurological,Severe,Child,"dull head pain, pressure across forehead, scalp tenderness, fatigue, dehydration","Severe case of Tension Headache. The most common type of headache, often stress-related. Target demographic: Child.",Over-the-counter medication may help.
772,Gingivitis,Dental,Acute,Adult,"swollen gums, bleeding gums, bad breath, receding gums",Acute case of Gingivitis. A common and mild form of gum disease that causes irritation. Target demographic: Adult.,Maintain good hygiene.
773,Common Cold,Respiratory,Acute,Elderly,"runny nose, sore throat, coughing, sneezing",Acute case of Common Cold. A viral infection of the upper respiratory tract. Target demographic: Elderly.,Monitor symptoms closely.
774,Hemorrhoids,Digestive,Chronic,Male,"rectal bleeding, itching, pain, swelling",Chronic case of Hemorrhoids. Swollen veins in the lowest part of your rectum and anus. Target demographic: Male.,Rest and hydration recommended.
775,Jock Itch,Skin,Chronic,General,"red, itchy rash in the groin area, burning sensation","Chronic case of Jock Itch. A fungal infection that causes a red, itchy rash in warm, moist areas of the body. Target demographic: General.",Rest and hydration recommended.
776,Cold Sore,Skin,Chronic,Elderly,"tingling, blisters on lip, pain, itching",Chronic case of Cold Sore. A group of fluid-filled blisters caused by the herpes simplex virus. Target demographic: Elderly.,Avoid triggers like spicy food or allergens.
777,Constipation,Digestive,Moderate,General,"infrequent bowel movements, hard stools, straining",Moderate case of Constipation. Infrequent bowel movements or difficult passage of stools. Target demographic: General.,Rest and hydration recommended.
778,Common Cold,Respiratory,Severe,Male,"runny nose, sore throat, coughing, sneezing, fatigue, dehydration",Severe case of Common Cold. A viral infection of the upper respiratory tract. Target demographic: Male.,Apply ice or heat to the affected area.
779,Canker Sore,Dental,Acute,Female,"small ulcer in mouth, pain, difficulty eating","Acute case of Canker Sore. A small, shallow lesion on the soft tissues in your mouth. Target demographic: Female.",Home remedies can alleviate symptoms.
780,Canker Sore,Dental,Chronic,General,"small ulcer in mouth, pain, difficulty eating","Chronic case of Canker Sore. A small, shallow lesion on the soft tissues in your mouth. Target demographic: General.",Over-the-counter medication may help.
781,Anxiety,Mental Health,Chronic,Male,"nervousness, rapid heart rate, trembling, sweating","Chronic case of Anxiety. Intense, excessive, and persistent worry and fear. Target demographic: Male.",Apply ice or heat to the affected area.
782,Insomnia,Mental Health,Mild,Male,"difficulty falling asleep,  waking up frequently",Mild case of Insomnia. A sleep disorder characterized by persistent problems falling and staying asleep. Target demographic: Male.,Home remedies can alleviate symptoms.
783,Hives,Skin,Severe,General,"red welts, itching, swelling, burning sensation, fatigue, dehydration","Severe case of Hives. A skin reaction that causes itchy welts, often triggered by allergens. Target demographic: General.",Consult a doctor if symptoms persist for more than 48 hours.
784,Allergic Rhinitis,Immune,Chronic,Male,"sneezing, runny nose, itchy eyes, congestion",Chronic case of Allergic Rhinitis. An allergic response to allergens like pollen or dust. Target demographic: Male.,Avoid triggers like spicy food or allergens.
785,Hives,Skin,Severe,Female,"red welts, itching, swelling, burning sensation, fatigue, dehydration","Severe case of Hives. A skin reaction that causes itchy welts, often triggered by allergens. Target demographic: Female.",Prescription medication might be required.
786,Eczema,Skin,Moderate,Child,"dry, itchy skin, redness, cracked skin","Moderate case of Eczema. A condition where patches of skin become inflamed, itchy, and cracked. Target demographic: Child.",Prescription medication might be required.
787,Influenza B,Respiratory,Severe,Elderly,"fever, chills, muscle aches, cough, fatigue, fatigue, dehydration","Severe case of Influenza B. A specific strain of the flu virus, typically appearing in seasonal outbreaks. Target demographic: Elderly.",Home remedies can alleviate symptoms.
788,Osteoarthritis,Musculoskeletal,Acute,General,"joint pain, stiffness, tenderness, loss of flexibility","Acute case of Osteoarthritis. The most common form of arthritis, caused by wear and tear of cartilage. Target demographic: General.",Monitor symptoms closely.
789,Cold Sore,Skin,Severe,Child,"tingling, blisters on lip, pain, itching, fatigue, dehydration",Severe case of Cold Sore. A group of fluid-filled blisters caused by the herpes simplex virus. Target demographic: Child.,Home remedies can alleviate symptoms.
790,Indigestion,Digestive,Moderate,Elderly,"upper abdominal pain, bloating, belching, nausea",Moderate case of Indigestion. Discomfort in your upper abdomen often caused by eating too much or too fast. Target demographic: Elderly.,Maintain good hygiene.
791,Anxiety,Mental Health,Severe,General,"nervousness, rapid heart rate, trembling, sweating, fatigue, dehydration","Severe case of Anxiety. Intense, excessive, and persistent worry and fear. Target demographic: General.",Home remedies can alleviate symptoms.
792,Common Cold,Respiratory,Acute,Child,"runny nose, sore throat, coughing, sneezing",Acute case of Common Cold. A viral infection of the upper respiratory tract. Target demographic: Child.,Prescription medication might be required.
793,Constipation,Digestive,Moderate,Elderly,"infrequent bowel movements, hard stools, straining",Moderate case of Constipation. Infrequent bowel movements or difficult passage of stools. Target demographic: Elderly.,Consult a doctor if symptoms persist for more than 48 hours.
794,Type 2 Diabetes,Metabolic,Mild,Child,"increased thirst,  frequent urination",Mild case of Type 2 Diabetes. A chronic condition that affects the way the body processes blood sugar. Target demographic: Child.,Apply ice or heat to the affected area.
795,Dehydration,Metabolic,Mild,Child,"extreme thirst,  dry mouth",Mild case of Dehydration. Occurs when you use or lose more fluid than you take in. Target demographic: Child.,Over-the-counter medication may help.
796,Dandruff,Skin,Severe,Elderly,"flaking scalp, itching, dry skin, fatigue, dehydration",Severe case of Dandruff. A common condition that causes the skin on the scalp to flake. Target demographic: Elderly.,Avoid triggers like spicy food or allergens.
797,Osteoarthritis,Musculoskeletal,Acute,Child,"joint pain, stiffness, tenderness, loss of flexibility","Acute case of Osteoarthritis. The most common form of arthritis, caused by wear and tear of cartilage. Target demographic: Child.",Apply ice or heat to the affected area.
798,Contact Dermatitis,Skin,Mild,Elderly,"red rash,  itching",Mild case of Contact Dermatitis. A skin reaction caused by contact with an allergen or irritant. Target demographic: Elderly.,Avoid triggers like spicy food or allergens.
799,Anxiety,Mental Health,Severe,Adult,"nervousness, rapid heart rate, trembling, sweating, fatigue, dehydration","Severe case of Anxiety. Intense, excessive, and persistent worry and fear. Target demographic: Adult.",Maintain good hygiene.
800,Pink Eye,Eyes,Severe,General,"redness, itching, discharge, tearing, fatigue, dehydration",Severe case of Pink Eye. Inflammation or infection of the transparent membrane lining the eyelid. Target demographic: General.,Maintain good hygiene.
801,Osteoarthritis,Musculoskeletal,Moderate,General,"joint pain, stiffness, tenderness, loss of flexibility","Moderate case of Osteoarthritis. The most common form of arthritis, caused by wear and tear of cartilage. Target demographic: General.",Avoid triggers like spicy food or allergens.
802,Insomnia,Mental Health,Mild,Elderly,"difficulty falling asleep,  waking up frequently",Mild case of Insomnia. A sleep disorder characterized by persistent problems falling and staying asleep. Target demographic: Elderly.,Rest and hydration recommended.
803,Viral Pharyngitis,Respiratory,Severe,Female,"sore throat, scratchy throat, difficulty swallowing, fatigue, dehydration","Severe case of Viral Pharyngitis. Inflammation of the pharynx, usually caused by a viral infection. Target demographic: Female.",Consult a doctor if symptoms persist for more than 48 hours.
804,Acid Reflux,Digestive,Acute,Child,"heartburn, chest pain, regurgitation, difficulty swallowing",Acute case of Acid Reflux. A digestive disease where stomach acid irritates the food pipe. Target demographic: Child.,Rest and hydration recommended.
805,Muscle Strain,Musculoskeletal,Mild,Female,"sudden pain,  swelling",Mild case of Muscle Strain. Damage to a muscle or its attaching tendons. Target demographic: Female.,Home remedies can alleviate symptoms.
806,Laryngitis,Respiratory,Acute,Female,"hoarseness, weak voice, sore throat, dry cough","Acute case of Laryngitis. Inflammation of the voice box (larynx) from overuse, irritation or infection. Target demographic: Female.",Consult a doctor if symptoms persist for more than 48 hours.
807,Dandruff,Skin,Acute,Elderly,"flaking scalp, itching, dry skin",Acute case of Dandruff. A common condition that causes the skin on the scalp to flake. Target demographic: Elderly.,Maintain good hygiene.
808,Migraine,Neurological,Acute,Child,"severe headache, nausea, sensitivity to light, blurred vision",Acute case of Migraine. A neurological condition characterized by intense headaches. Target demographic: Child.,Rest and hydration recommended.
809,Cold Sore,Skin,Moderate,Female,"tingling, blisters on lip, pain, itching",Moderate case of Cold Sore. A group of fluid-filled blisters caused by the herpes simplex virus. Target demographic: Female.,Rest and hydration recommended.
810,Gastroenteritis,Digestive,Chronic,Female,"diarrhea, stomach cramps, nausea, vomiting","Chronic case of Gastroenteritis. Inflammation of the stomach and intestines, often called stomach flu. Target demographic: Female.",Avoid triggers like spicy food or allergens.
811,Canker Sore,Dental,Mild,Elderly,"small ulcer in mouth,  pain","Mild case of Canker Sore. A small, shallow lesion on the soft tissues in your mouth. Target demographic: Elderly.",Consult a doctor if symptoms persist for more than 48 hours.
812,Migraine,Neurological,Acute,Child,"severe headache, nausea, sensitivity to light, blurred vision",Acute case of Migraine. A neurological condition characterized by intense headaches. Target demographic: Child.,Over-the-counter medication may help.
813,Muscle Strain,Musculoskeletal,Severe,Adult,"sudden pain, swelling, muscle weakness, bruising, fatigue, dehydration",Severe case of Muscle Strain. Damage to a muscle or its attaching tendons. Target demographic: Adult.,Over-the-counter medication may help.
814,Athlete's Foot,Skin,Acute,Adult,"scaly rash, itching, stinging, blisters on feet",Acute case of Athlete's Foot. A fungal infection that usually begins between the toes. Target demographic: Adult.,Apply ice or heat to the affected area.
815,Tennis Elbow,Musculoskeletal,Moderate,Adult,"pain on outer elbow, weak grip, burning sensation","Moderate case of Tennis Elbow. Painful condition caused by overuse of arm, forearm, and hand muscles. Target demographic: Adult.",Apply ice or heat to the affected area.
816,Ear Infection,Ears,Chronic,Elderly,"ear pain, difficulty hearing, drainage from ear",Chronic case of Ear Infection. A bacterial or viral infection that affects the middle ear. Target demographic: Elderly.,Seek immediate medical attention.
817,Carpal Tunnel,Musculoskeletal,Severe,General,"numbness, tingling, weakness in hand, fatigue, dehydration",Severe case of Carpal Tunnel. Pressure on the median nerve causing numbness and tingling in the hand. Target demographic: General.,Over-the-counter medication may help.
818,Menstrual Cramps,Reproductive,Moderate,Adult,"throbbing pain in lower abdomen, nausea, headache",Moderate case of Menstrual Cramps. Pain in the lower abdomen that occurs during a menstrual period. Target demographic: Adult.,Monitor symptoms closely.
819,Heartburn,Digestive,Mild,General,"burning pain in chest,  sour taste in mouth","Mild case of Heartburn. A burning sensation in the chest, just behind the breastbone. Target demographic: General.",Over-the-counter medication may help.
820,Toothache,Dental,Acute,Female,"tooth pain, swelling around tooth, fever, drainage",Acute case of Toothache. Pain in or around a tooth caused by various dental problems. Target demographic: Female.,Maintain good hygiene.
821,Ear Infection,Ears,Acute,Adult,"ear pain, difficulty hearing, drainage from ear",Acute case of Ear Infection. A bacterial or viral infection that affects the middle ear. Target demographic: Adult.,Seek immediate medical attention.
822,Hives,Skin,Chronic,Elderly,"red welts, itching, swelling, burning sensation","Chronic case of Hives. A skin reaction that causes itchy welts, often triggered by allergens. Target demographic: Elderly.",Home remedies can alleviate symptoms.
823,Indigestion,Digestive,Chronic,Male,"upper abdominal pain, bloating, belching, nausea",Chronic case of Indigestion. Discomfort in your upper abdomen often caused by eating too much or too fast. Target demographic: Male.,Apply ice or heat to the affected area.
824,Tennis Elbow,Musculoskeletal,Severe,Female,"pain on outer elbow, weak grip, burning sensation, fatigue, dehydration","Severe case of Tennis Elbow. Painful condition caused by overuse of arm, forearm, and hand muscles. Target demographic: Female.",Over-the-counter medication may help.
825,Heartburn,Digestive,Acute,Child,"burning pain in chest, sour taste in mouth, pain worsening when lying down","Acute case of Heartburn. A burning sensation in the chest, just behind the breastbone. Target demographic: Child.",Avoid triggers like spicy food or allergens.
826,Yeast Infection,Reproductive,Moderate,Male,"itching, irritation, vaginal discharge, pain during urination","Moderate case of Yeast Infection. A fungal infection that causes irritation, discharge, and intense itchiness. Target demographic: Male.",Seek immediate medical attention.
827,Menstrual Cramps,Reproductive,Severe,Female,"throbbing pain in lower abdomen, nausea, headache, fatigue, dehydration",Severe case of Menstrual Cramps. Pain in the lower abdomen that occurs during a menstrual period. Target demographic: Female.,Seek immediate medical attention.
828,Tennis Elbow,Musculoskeletal,Severe,General,"pain on outer elbow, weak grip, burning sensation, fatigue, dehydration","Severe case of Tennis Elbow. Painful condition caused by overuse of arm, forearm, and hand muscles. Target demographic: General.",Over-the-counter medication may help.
829,Strep Throat,Respiratory,Chronic,Child,"throat pain, fever, swollen lymph nodes, white patches on tonsils",Chronic case of Strep Throat. A bacterial infection that causes inflammation and pain in the throat. Target demographic: Child.,Rest and hydration recommended.
830,Sinusitis,Respiratory,Mild,Adult,"facial pain,  thick nasal discharge",Mild case of Sinusitis. Inflammation or swelling of the tissue lining the sinuses. Target demographic: Adult.,Over-the-counter medication may help.
831,Motion Sickness,Neurological,Mild,Elderly,"nausea,  vomiting","Mild case of Motion Sickness. A sick feeling triggered by movement from cars, planes, or boats. Target demographic: Elderly.",Rest and hydration recommended.
832,Asthma,Respiratory,Severe,Elderly,"wheezing, shortness of breath, chest tightness, coughing, fatigue, dehydration",Severe case of Asthma. A condition in which airways narrow and swell and may produce extra mucus. Target demographic: Elderly.,Maintain good hygiene.
833,Sinusitis,Respiratory,Severe,Child,"facial pain, thick nasal discharge, headache, cough, fatigue, dehydration",Severe case of Sinusitis. Inflammation or swelling of the tissue lining the sinuses. Target demographic: Child.,Prescription medication might be required.
834,Food Poisoning,Digestive,Acute,General,"nausea, vomiting, watery diarrhea, abdominal pain",Acute case of Food Poisoning. Illness caused by consuming contaminated food. Target demographic: General.,Monitor symptoms closely.
835,Yeast Infection,Reproductive,Severe,Elderly,"itching, irritation, vaginal discharge, pain during urination, fatigue, dehydration","Severe case of Yeast Infection. A fungal infection that causes irritation, discharge, and intense itchiness. Target demographic: Elderly.",Apply ice or heat to the affected area.
836,Migraine,Neurological,Chronic,Male,"severe headache, nausea, sensitivity to light, blurred vision",Chronic case of Migraine. A neurological condition characterized by intense headaches. Target demographic: Male.,Monitor symptoms closely.
837,Hemorrhoids,Digestive,Mild,Adult,"rectal bleeding,  itching",Mild case of Hemorrhoids. Swollen veins in the lowest part of your rectum and anus. Target demographic: Adult.,Prescription medication might be required.
838,Gastroenteritis,Digestive,Chronic,General,"diarrhea, stomach cramps, nausea, vomiting","Chronic case of Gastroenteritis. Inflammation of the stomach and intestines, often called stomach flu. Target demographic: General.",Over-the-counter medication may help.
839,Insomnia,Mental Health,Chronic,Adult,"difficulty falling asleep, waking up frequently, daytime tiredness",Chronic case of Insomnia. A sleep disorder characterized by persistent problems falling and staying asleep. Target demographic: Adult.,Consult a doctor if symptoms persist for more than 48 hours.
840,Constipation,Digestive,Acute,Adult,"infrequent bowel movements, hard stools, straining",Acute case of Constipation. Infrequent bowel movements or difficult passage of stools. Target demographic: Adult.,Consult a doctor if symptoms persist for more than 48 hours.
841,Indigestion,Digestive,Mild,General,"upper abdominal pain,  bloating",Mild case of Indigestion. Discomfort in your upper abdomen often caused by eating too much or too fast. Target demographic: General.,Consult a doctor if symptoms persist for more than 48 hours.
842,Sinusitis,Respiratory,Mild,General,"facial pain,  thick nasal discharge",Mild case of Sinusitis. Inflammation or swelling of the tissue lining the sinuses. Target demographic: General.,Monitor symptoms closely.
843,Cold Sore,Skin,Chronic,Child,"tingling, blisters on lip, pain, itching",Chronic case of Cold Sore. A group of fluid-filled blisters caused by the herpes simplex virus. Target demographic: Child.,Over-the-counter medication may help.
844,Pink Eye,Eyes,Moderate,Male,"redness, itching, discharge, tearing",Moderate case of Pink Eye. Inflammation or infection of the transparent membrane lining the eyelid. Target demographic: Male.,Consult a doctor if symptoms persist for more than 48 hours.
845,Indigestion,Digestive,Moderate,Male,"upper abdominal pain, bloating, belching, nausea",Moderate case of Indigestion. Discomfort in your upper abdomen often caused by eating too much or too fast. Target demographic: Male.,Home remedies can alleviate symptoms.
846,Indigestion,Digestive,Moderate,Male,"upper abdominal pain, bloating, belching, nausea",Moderate case of Indigestion. Discomfort in your upper abdomen often caused by eating too much or too fast. Target demographic: Male.,Prescription medication might be required.
847,Nosebleed,General,Severe,Child,"bleeding from nose, dry nasal membranes, fatigue, dehydration","Severe case of Nosebleed. Bleeding from the inside of the nose, common in dry climates. Target demographic: Child.",Consult a doctor if symptoms persist for more than 48 hours.
848,Asthma,Respiratory,Severe,Adult,"wheezing, shortness of breath, chest tightness, coughing, fatigue, dehydration",Severe case of Asthma. A condition in which airways narrow and swell and may produce extra mucus. Target demographic: Adult.,Avoid triggers like spicy food or allergens.
849,Muscle Strain,Musculoskeletal,Moderate,Child,"sudden pain, swelling, muscle weakness, bruising",Moderate case of Muscle Strain. Damage to a muscle or its attaching tendons. Target demographic: Child.,Home remedies can alleviate symptoms.
850,Migraine,Neurological,Acute,Child,"severe headache, nausea, sensitivity to light, blurred vision",Acute case of Migraine. A neurological condition characterized by intense headaches. Target demographic: Child.,Rest and hydration recommended.
851,Tennis Elbow,Musculoskeletal,Chronic,Female,"pain on outer elbow, weak grip, burning sensation","Chronic case of Tennis Elbow. Painful condition caused by overuse of arm, forearm, and hand muscles. Target demographic: Female.",Consult a doctor if symptoms persist for more than 48 hours.
852,Pink Eye,Eyes,Moderate,Female,"redness, itching, discharge, tearing",Moderate case of Pink Eye. Inflammation or infection of the transparent membrane lining the eyelid. Target demographic: Female.,Home remedies can alleviate symptoms.
853,Constipation,Digestive,Chronic,Elderly,"infrequent bowel movements, hard stools, straining",Chronic case of Constipation. Infrequent bowel movements or difficult passage of stools. Target demographic: Elderly.,Monitor symptoms closely.
854,Cold Sore,Skin,Acute,Male,"tingling, blisters on lip, pain, itching",Acute case of Cold Sore. A group of fluid-filled blisters caused by the herpes simplex virus. Target demographic: Male.,Consult a doctor if symptoms persist for more than 48 hours.
855,Heartburn,Digestive,Severe,Male,"burning pain in chest, sour taste in mouth, pain worsening when lying down, fatigue, dehydration","Severe case of Heartburn. A burning sensation in the chest, just behind the breastbone. Target demographic: Male.",Seek immediate medical attention.
856,Osteoarthritis,Musculoskeletal,Severe,General,"joint pain, stiffness, tenderness, loss of flexibility, fatigue, dehydration","Severe case of Osteoarthritis. The most common form of arthritis, caused by wear and tear of cartilage. Target demographic: General.",Rest and hydration recommended.
857,Type 2 Diabetes,Metabolic,Moderate,General,"increased thirst, frequent urination, hunger, fatigue",Moderate case of Type 2 Diabetes. A chronic condition that affects the way the body processes blood sugar. Target demographic: General.,Avoid triggers like spicy food or allergens.
858,Allergic Rhinitis,Immune,Chronic,Elderly,"sneezing, runny nose, itchy eyes, congestion",Chronic case of Allergic Rhinitis. An allergic response to allergens like pollen or dust. Target demographic: Elderly.,Rest and hydration recommended.
859,Gingivitis,Dental,Acute,General,"swollen gums, bleeding gums, bad breath, receding gums",Acute case of Gingivitis. A common and mild form of gum disease that causes irritation. Target demographic: General.,Consult a doctor if symptoms persist for more than 48 hours.
860,Nosebleed,General,Chronic,Elderly,"bleeding from nose, dry nasal membranes","Chronic case of Nosebleed. Bleeding from the inside of the nose, common in dry climates. Target demographic: Elderly.",Avoid triggers like spicy food or allergens.
861,Allergic Rhinitis,Immune,Mild,Elderly,"sneezing,  runny nose",Mild case of Allergic Rhinitis. An allergic response to allergens like pollen or dust. Target demographic: Elderly.,Seek immediate medical attention.
862,Indigestion,Digestive,Mild,Female,"upper abdominal pain,  bloating",Mild case of Indigestion. Discomfort in your upper abdomen often caused by eating too much or too fast. Target demographic: Female.,Consult a doctor if symptoms persist for more than 48 hours.
863,Type 2 Diabetes,Metabolic,Acute,Female,"increased thirst, frequent urination, hunger, fatigue",Acute case of Type 2 Diabetes. A chronic condition that affects the way the body processes blood sugar. Target demographic: Female.,Over-the-counter medication may help.
864,Yeast Infection,Reproductive,Acute,Adult,"itching, irritation, vaginal discharge, pain during urination","Acute case of Yeast Infection. A fungal infection that causes irritation, discharge, and intense itchiness. Target demographic: Adult.",Prescription medication might be required.
865,Motion Sickness,Neurological,Moderate,Child,"nausea, vomiting, dizziness, cold sweats","Moderate case of Motion Sickness. A sick feeling triggered by movement from cars, planes, or boats. Target demographic: Child.",Seek immediate medical attention.
866,Influenza B,Respiratory,Chronic,Child,"fever, chills, muscle aches, cough, fatigue","Chronic case of Influenza B. A specific strain of the flu virus, typically appearing in seasonal outbreaks. Target demographic: Child.",Avoid triggers like spicy food or allergens.
867,Constipation,Digestive,Severe,General,"infrequent bowel movements, hard stools, straining, fatigue, dehydration",Severe case of Constipation. Infrequent bowel movements or difficult passage of stools. Target demographic: General.,Rest and hydration recommended.
868,Influenza B,Respiratory,Acute,Male,"fever, chills, muscle aches, cough, fatigue","Acute case of Influenza B. A specific strain of the flu virus, typically appearing in seasonal outbreaks. Target demographic: Male.",Avoid triggers like spicy food or allergens.
869,Constipation,Digestive,Moderate,Adult,"infrequent bowel movements, hard stools, straining",Moderate case of Constipation. Infrequent bowel movements or difficult passage of stools. Target demographic: Adult.,Avoid triggers like spicy food or allergens.
870,Hemorrhoids,Digestive,Chronic,General,"rectal bleeding, itching, pain, swelling",Chronic case of Hemorrhoids. Swollen veins in the lowest part of your rectum and anus. Target demographic: General.,Home remedies can alleviate symptoms.
871,Asthma,Respiratory,Chronic,Male,"wheezing, shortness of breath, chest tightness, coughing",Chronic case of Asthma. A condition in which airways narrow and swell and may produce extra mucus. Target demographic: Male.,Home remedies can alleviate symptoms.
872,Menstrual Cramps,Reproductive,Chronic,Child,"throbbing pain in lower abdomen, nausea, headache",Chronic case of Menstrual Cramps. Pain in the lower abdomen that occurs during a menstrual period. Target demographic: Child.,Maintain good hygiene.
873,Canker Sore,Dental,Chronic,Child,"small ulcer in mouth, pain, difficulty eating","Chronic case of Canker Sore. A small, shallow lesion on the soft tissues in your mouth. Target demographic: Child.",Avoid triggers like spicy food or allergens.
874,Eczema,Skin,Mild,Adult,"dry,  itchy skin","Mild case of Eczema. A condition where patches of skin become inflamed, itchy, and cracked. Target demographic: Adult.",Home remedies can alleviate symptoms.
875,Fever,General,Acute,Female,"elevated body temperature, sweating, chills, headache","Acute case of Fever. A temporary increase in body temperature, often due to an illness. Target demographic: Female.",Prescription medication might be required.
876,Toothache,Dental,Acute,Elderly,"tooth pain, swelling around tooth, fever, drainage",Acute case of Toothache. Pain in or around a tooth caused by various dental problems. Target demographic: Elderly.,Rest and hydration recommended.
877,Eczema,Skin,Severe,Female,"dry, itchy skin, redness, cracked skin, fatigue, dehydration","Severe case of Eczema. A condition where patches of skin become inflamed, itchy, and cracked. Target demographic: Female.",Prescription medication might be required.
878,Sinusitis,Respiratory,Acute,Male,"facial pain, thick nasal discharge, headache, cough",Acute case of Sinusitis. Inflammation or swelling of the tissue lining the sinuses. Target demographic: Male.,Seek immediate medical attention.
879,Dehydration,Metabolic,Acute,Male,"extreme thirst, dry mouth, dark urine, fatigue",Acute case of Dehydration. Occurs when you use or lose more fluid than you take in. Target demographic: Male.,Prescription medication might be required.
880,Bronchitis,Respiratory,Moderate,Child,"cough with mucus, fatigue, shortness of breath, chest discomfort",Moderate case of Bronchitis. Inflammation of the bronchial tubes. Target demographic: Child.,Monitor symptoms closely.
881,Bronchitis,Respiratory,Acute,Elderly,"cough with mucus, fatigue, shortness of breath, chest discomfort",Acute case of Bronchitis. Inflammation of the bronchial tubes. Target demographic: Elderly.,Home remedies can alleviate symptoms.
882,Acid Reflux,Digestive,Moderate,Adult,"heartburn, chest pain, regurgitation, difficulty swallowing",Moderate case of Acid Reflux. A digestive disease where stomach acid irritates the food pipe. Target demographic: Adult.,Avoid triggers like spicy food or allergens.
883,Dehydration,Metabolic,Acute,General,"extreme thirst, dry mouth, dark urine, fatigue",Acute case of Dehydration. Occurs when you use or lose more fluid than you take in. Target demographic: General.,Monitor symptoms closely.
884,Viral Pharyngitis,Respiratory,Severe,Child,"sore throat, scratchy throat, difficulty swallowing, fatigue, dehydration","Severe case of Viral Pharyngitis. Inflammation of the pharynx, usually caused by a viral infection. Target demographic: Child.",Over-the-counter medication may help.
885,Type 2 Diabetes,Metabolic,Acute,Female,"increased thirst, frequent urination, hunger, fatigue",Acute case of Type 2 Diabetes. A chronic condition that affects the way the body processes blood sugar. Target demographic: Female.,Over-the-counter medication may help.
886,Sunburn,Skin,Mild,Adult,"red skin,  pain",Mild case of Sunburn. Skin damage caused by ultraviolet (UV) rays from the sun. Target demographic: Adult.,Over-the-counter medication may help.
887,Influenza B,Respiratory,Chronic,Child,"fever, chills, muscle aches, cough, fatigue","Chronic case of Influenza B. A specific strain of the flu virus, typically appearing in seasonal outbreaks. Target demographic: Child.",Home remedies can alleviate symptoms.
888,Bronchitis,Respiratory,Chronic,Adult,"cough with mucus, fatigue, shortness of breath, chest discomfort",Chronic case of Bronchitis. Inflammation of the bronchial tubes. Target demographic: Adult.,Maintain good hygiene.
889,Laryngitis,Respiratory,Severe,Adult,"hoarseness, weak voice, sore throat, dry cough, fatigue, dehydration","Severe case of Laryngitis. Inflammation of the voice box (larynx) from overuse, irritation or infection. Target demographic: Adult.",Prescription medication might be required.
890,Sinusitis,Respiratory,Chronic,Elderly,"facial pain, thick nasal discharge, headache, cough",Chronic case of Sinusitis. Inflammation or swelling of the tissue lining the sinuses. Target demographic: Elderly.,Prescription medication might be required.
891,Bunion,Musculoskeletal,Chronic,Child,"bump on big toe joint, redness, pain, swelling",Chronic case of Bunion. A bony bump that forms on the joint at the base of your big toe. Target demographic: Child.,Consult a doctor if symptoms persist for more than 48 hours.
892,Nosebleed,General,Acute,Child,"bleeding from nose, dry nasal membranes","Acute case of Nosebleed. Bleeding from the inside of the nose, common in dry climates. Target demographic: Child.",Home remedies can alleviate symptoms.
893,Dandruff,Skin,Chronic,General,"flaking scalp, itching, dry skin",Chronic case of Dandruff. A common condition that causes the skin on the scalp to flake. Target demographic: General.,Home remedies can alleviate symptoms.
894,Gingivitis,Dental,Moderate,Female,"swollen gums, bleeding gums, bad breath, receding gums",Moderate case of Gingivitis. A common and mild form of gum disease that causes irritation. Target demographic: Female.,Avoid triggers like spicy food or allergens.
895,Gingivitis,Dental,Severe,Female,"swollen gums, bleeding gums, bad breath, receding gums, fatigue, dehydration",Severe case of Gingivitis. A common and mild form of gum disease that causes irritation. Target demographic: Female.,Home remedies can alleviate symptoms.
896,Type 2 Diabetes,Metabolic,Acute,Female,"increased thirst, frequent urination, hunger, fatigue",Acute case of Type 2 Diabetes. A chronic condition that affects the way the body processes blood sugar. Target demographic: Female.,Over-the-counter medication may help.
897,Muscle Strain,Musculoskeletal,Chronic,Child,"sudden pain, swelling, muscle weakness, bruising",Chronic case of Muscle Strain. Damage to a muscle or its attaching tendons. Target demographic: Child.,Seek immediate medical attention.
898,Cold Sore,Skin,Chronic,Elderly,"tingling, blisters on lip, pain, itching",Chronic case of Cold Sore. A group of fluid-filled blisters caused by the herpes simplex virus. Target demographic: Elderly.,Over-the-counter medication may help.
899,Influenza B,Respiratory,Chronic,Child,"fever, chills, muscle aches, cough, fatigue","Chronic case of Influenza B. A specific strain of the flu virus, typically appearing in seasonal outbreaks. Target demographic: Child.",Monitor symptoms closely.
900,Indigestion,Digestive,Mild,Female,"upper abdominal pain,  bloating",Mild case of Indigestion. Discomfort in your upper abdomen often caused by eating too much or too fast. Target demographic: Female.,Home remedies can alleviate symptoms.
901,Fever,General,Chronic,Male,"elevated body temperature, sweating, chills, headache","Chronic case of Fever. A temporary increase in body temperature, often due to an illness. Target demographic: Male.",Prescription medication might be required.
902,Bunion,Musculoskeletal,Mild,Female,"bump on big toe joint,  redness",Mild case of Bunion. A bony bump that forms on the joint at the base of your big toe. Target demographic: Female.,Rest and hydration recommended.
903,Strep Throat,Respiratory,Chronic,Male,"throat pain, fever, swollen lymph nodes, white patches on tonsils",Chronic case of Strep Throat. A bacterial infection that causes inflammation and pain in the throat. Target demographic: Male.,Rest and hydration recommended.
904,Canker Sore,Dental,Acute,General,"small ulcer in mouth, pain, difficulty eating","Acute case of Canker Sore. A small, shallow lesion on the soft tissues in your mouth. Target demographic: General.",Home remedies can alleviate symptoms.
905,Bronchitis,Respiratory,Mild,General,"cough with mucus,  fatigue",Mild case of Bronchitis. Inflammation of the bronchial tubes. Target demographic: General.,Maintain good hygiene.
906,Asthma,Respiratory,Chronic,Child,"wheezing, shortness of breath, chest tightness, coughing",Chronic case of Asthma. A condition in which airways narrow and swell and may produce extra mucus. Target demographic: Child.,Maintain good hygiene.
907,Asthma,Respiratory,Mild,Elderly,"wheezing,  shortness of breath",Mild case of Asthma. A condition in which airways narrow and swell and may produce extra mucus. Target demographic: Elderly.,Apply ice or heat to the affected area.
908,Toothache,Dental,Mild,Female,"tooth pain,  swelling around tooth",Mild case of Toothache. Pain in or around a tooth caused by various dental problems. Target demographic: Female.,Consult a doctor if symptoms persist for more than 48 hours.
909,Constipation,Digestive,Severe,General,"infrequent bowel movements, hard stools, straining, fatigue, dehydration",Severe case of Constipation. Infrequent bowel movements or difficult passage of stools. Target demographic: General.,Avoid triggers like spicy food or allergens.
910,Dehydration,Metabolic,Severe,Child,"extreme thirst, dry mouth, dark urine, fatigue, fatigue, dehydration",Severe case of Dehydration. Occurs when you use or lose more fluid than you take in. Target demographic: Child.,Avoid triggers like spicy food or allergens.
911,Motion Sickness,Neurological,Acute,Male,"nausea, vomiting, dizziness, cold sweats","Acute case of Motion Sickness. A sick feeling triggered by movement from cars, planes, or boats. Target demographic: Male.",Over-the-counter medication may help.
912,Type 2 Diabetes,Metabolic,Acute,Elderly,"increased thirst, frequent urination, hunger, fatigue",Acute case of Type 2 Diabetes. A chronic condition that affects the way the body processes blood sugar. Target demographic: Elderly.,Rest and hydration recommended.
913,Heat Exhaustion,Environmental,Severe,Elderly,"heavy sweating, faintness, dizziness, fatigue, cool skin, fatigue, dehydration",Severe case of Heat Exhaustion. A condition where the body overheats due to exposure to high temperatures. Target demographic: Elderly.,Apply ice or heat to the affected area.
914,Urinary Tract Infection,Urinary,Mild,Female,"burning during urination,  frequent urge to urinate",Mild case of Urinary Tract Infection. An infection in any part of the urinary system. Target demographic: Female.,Seek immediate medical attention.
915,Contact Dermatitis,Skin,Acute,Female,"red rash, itching, dry skin, blisters",Acute case of Contact Dermatitis. A skin reaction caused by contact with an allergen or irritant. Target demographic: Female.,Seek immediate medical attention.
916,Constipation,Digestive,Chronic,Adult,"infrequent bowel movements, hard stools, straining",Chronic case of Constipation. Infrequent bowel movements or difficult passage of stools. Target demographic: Adult.,Home remedies can alleviate symptoms.
917,Influenza B,Respiratory,Chronic,Female,"fever, chills, muscle aches, cough, fatigue","Chronic case of Influenza B. A specific strain of the flu virus, typically appearing in seasonal outbreaks. Target demographic: Female.",Over-the-counter medication may help.
918,Bunion,Musculoskeletal,Acute,Male,"bump on big toe joint, redness, pain, swelling",Acute case of Bunion. A bony bump that forms on the joint at the base of your big toe. Target demographic: Male.,Home remedies can alleviate symptoms.
919,Viral Pharyngitis,Respiratory,Chronic,General,"sore throat, scratchy throat, difficulty swallowing","Chronic case of Viral Pharyngitis. Inflammation of the pharynx, usually caused by a viral infection. Target demographic: General.",Home remedies can alleviate symptoms.
920,Hypertension,Cardiovascular,Mild,Adult,"headaches,  shortness of breath",Mild case of Hypertension. High blood pressure is a common condition where blood pressure is elevated. Target demographic: Adult.,Seek immediate medical attention.
921,Type 2 Diabetes,Metabolic,Moderate,Male,"increased thirst, frequent urination, hunger, fatigue",Moderate case of Type 2 Diabetes. A chronic condition that affects the way the body processes blood sugar. Target demographic: Male.,Avoid triggers like spicy food or allergens.
922,Nausea,Digestive,Acute,Male,"feeling sick to stomach, urge to vomit, dizziness",Acute case of Nausea. An uncomfortable sensation in the stomach that leads to an urge to vomit. Target demographic: Male.,Prescription medication might be required.
923,Strep Throat,Respiratory,Chronic,Child,"throat pain, fever, swollen lymph nodes, white patches on tonsils",Chronic case of Strep Throat. A bacterial infection that causes inflammation and pain in the throat. Target demographic: Child.,Over-the-counter medication may help.
924,Nausea,Digestive,Severe,Adult,"feeling sick to stomach, urge to vomit, dizziness, fatigue, dehydration",Severe case of Nausea. An uncomfortable sensation in the stomach that leads to an urge to vomit. Target demographic: Adult.,Apply ice or heat to the affected area.
925,Common Cold,Respiratory,Severe,Elderly,"runny nose, sore throat, coughing, sneezing, fatigue, dehydration",Severe case of Common Cold. A viral infection of the upper respiratory tract. Target demographic: Elderly.,Over-the-counter medication may help.
926,Strep Throat,Respiratory,Acute,Child,"throat pain, fever, swollen lymph nodes, white patches on tonsils",Acute case of Strep Throat. A bacterial infection that causes inflammation and pain in the throat. Target demographic: Child.,Over-the-counter medication may help.
927,Muscle Strain,Musculoskeletal,Chronic,General,"sudden pain, swelling, muscle weakness, bruising",Chronic case of Muscle Strain. Damage to a muscle or its attaching tendons. Target demographic: General.,Avoid triggers like spicy food or allergens.
928,Sunburn,Skin,Mild,General,"red skin,  pain",Mild case of Sunburn. Skin damage caused by ultraviolet (UV) rays from the sun. Target demographic: General.,Home remedies can alleviate symptoms.
929,Heat Exhaustion,Environmental,Chronic,Adult,"heavy sweating, faintness, dizziness, fatigue, cool skin",Chronic case of Heat Exhaustion. A condition where the body overheats due to exposure to high temperatures. Target demographic: Adult.,Monitor symptoms closely.
930,Sinusitis,Respiratory,Acute,Elderly,"facial pain, thick nasal discharge, headache, cough",Acute case of Sinusitis. Inflammation or swelling of the tissue lining the sinuses. Target demographic: Elderly.,Avoid triggers like spicy food or allergens.
931,Indigestion,Digestive,Acute,Male,"upper abdominal pain, bloating, belching, nausea",Acute case of Indigestion. Discomfort in your upper abdomen often caused by eating too much or too fast. Target demographic: Male.,Consult a doctor if symptoms persist for more than 48 hours.
932,Dehydration,Metabolic,Acute,Child,"extreme thirst, dry mouth, dark urine, fatigue",Acute case of Dehydration. Occurs when you use or lose more fluid than you take in. Target demographic: Child.,Consult a doctor if symptoms persist for more than 48 hours.
933,Muscle Strain,Musculoskeletal,Acute,Adult,"sudden pain, swelling, muscle weakness, bruising",Acute case of Muscle Strain. Damage to a muscle or its attaching tendons. Target demographic: Adult.,Monitor symptoms closely.
934,Sunburn,Skin,Severe,Child,"red skin, pain, swelling, blisters, fatigue, dehydration",Severe case of Sunburn. Skin damage caused by ultraviolet (UV) rays from the sun. Target demographic: Child.,Home remedies can alleviate symptoms.
935,Hypertension,Cardiovascular,Moderate,Child,"headaches, shortness of breath, nosebleeds",Moderate case of Hypertension. High blood pressure is a common condition where blood pressure is elevated. Target demographic: Child.,Over-the-counter medication may help.
936,Migraine,Neurological,Acute,Child,"severe headache, nausea, sensitivity to light, blurred vision",Acute case of Migraine. A neurological condition characterized by intense headaches. Target demographic: Child.,Avoid triggers like spicy food or allergens.
937,Jock Itch,Skin,Chronic,Adult,"red, itchy rash in the groin area, burning sensation","Chronic case of Jock Itch. A fungal infection that causes a red, itchy rash in warm, moist areas of the body. Target demographic: Adult.",Monitor symptoms closely.
938,Migraine,Neurological,Severe,Elderly,"severe headache, nausea, sensitivity to light, blurred vision, fatigue, dehydration",Severe case of Migraine. A neurological condition characterized by intense headaches. Target demographic: Elderly.,Rest and hydration recommended.
939,Toothache,Dental,Mild,Child,"tooth pain,  swelling around tooth",Mild case of Toothache. Pain in or around a tooth caused by various dental problems. Target demographic: Child.,Rest and hydration recommended.
940,Ear Infection,Ears,Severe,General,"ear pain, difficulty hearing, drainage from ear, fatigue, dehydration",Severe case of Ear Infection. A bacterial or viral infection that affects the middle ear. Target demographic: General.,Home remedies can alleviate symptoms.
941,Anxiety,Mental Health,Acute,Female,"nervousness, rapid heart rate, trembling, sweating","Acute case of Anxiety. Intense, excessive, and persistent worry and fear. Target demographic: Female.",Over-the-counter medication may help.
942,Anxiety,Mental Health,Chronic,Male,"nervousness, rapid heart rate, trembling, sweating","Chronic case of Anxiety. Intense, excessive, and persistent worry and fear. Target demographic: Male.",Monitor symptoms closely.
943,Contact Dermatitis,Skin,Severe,Elderly,"red rash, itching, dry skin, blisters, fatigue, dehydration",Severe case of Contact Dermatitis. A skin reaction caused by contact with an allergen or irritant. Target demographic: Elderly.,Monitor symptoms closely.
944,Osteoarthritis,Musculoskeletal,Chronic,Elderly,"joint pain, stiffness, tenderness, loss of flexibility","Chronic case of Osteoarthritis. The most common form of arthritis, caused by wear and tear of cartilage. Target demographic: Elderly.",Avoid triggers like spicy food or allergens.
945,Canker Sore,Dental,Chronic,Female,"small ulcer in mouth, pain, difficulty eating","Chronic case of Canker Sore. A small, shallow lesion on the soft tissues in your mouth. Target demographic: Female.",Seek immediate medical attention.
946,Dandruff,Skin,Moderate,Male,"flaking scalp, itching, dry skin",Moderate case of Dandruff. A common condition that causes the skin on the scalp to flake. Target demographic: Male.,Home remedies can alleviate symptoms.
947,Strep Throat,Respiratory,Moderate,Male,"throat pain, fever, swollen lymph nodes, white patches on tonsils",Moderate case of Strep Throat. A bacterial infection that causes inflammation and pain in the throat. Target demographic: Male.,Apply ice or heat to the affected area.
948,Heartburn,Digestive,Mild,General,"burning pain in chest,  sour taste in mouth","Mild case of Heartburn. A burning sensation in the chest, just behind the breastbone. Target demographic: General.",Avoid triggers like spicy food or allergens.
949,Eczema,Skin,Mild,Adult,"dry,  itchy skin","Mild case of Eczema. A condition where patches of skin become inflamed, itchy, and cracked. Target demographic: Adult.",Consult a doctor if symptoms persist for more than 48 hours.
950,Cold Sore,Skin,Acute,Male,"tingling, blisters on lip, pain, itching",Acute case of Cold Sore. A group of fluid-filled blisters caused by the herpes simplex virus. Target demographic: Male.,Monitor symptoms closely.
951,Indigestion,Digestive,Moderate,Adult,"upper abdominal pain, bloating, belching, nausea",Moderate case of Indigestion. Discomfort in your upper abdomen often caused by eating too much or too fast. Target demographic: Adult.,Home remedies can alleviate symptoms.
952,Tennis Elbow,Musculoskeletal,Acute,Adult,"pain on outer elbow, weak grip, burning sensation","Acute case of Tennis Elbow. Painful condition caused by overuse of arm, forearm, and hand muscles. Target demographic: Adult.",Monitor symptoms closely.
953,Contact Dermatitis,Skin,Moderate,Adult,"red rash, itching, dry skin, blisters",Moderate case of Contact Dermatitis. A skin reaction caused by contact with an allergen or irritant. Target demographic: Adult.,Maintain good hygiene.
954,Laryngitis,Respiratory,Mild,Female,"hoarseness,  weak voice","Mild case of Laryngitis. Inflammation of the voice box (larynx) from overuse, irritation or infection. Target demographic: Female.",Avoid triggers like spicy food or allergens.
955,Type 2 Diabetes,Metabolic,Severe,Female,"increased thirst, frequent urination, hunger, fatigue, fatigue, dehydration",Severe case of Type 2 Diabetes. A chronic condition that affects the way the body processes blood sugar. Target demographic: Female.,Over-the-counter medication may help.
956,Yeast Infection,Reproductive,Chronic,Elderly,"itching, irritation, vaginal discharge, pain during urination","Chronic case of Yeast Infection. A fungal infection that causes irritation, discharge, and intense itchiness. Target demographic: Elderly.",Maintain good hygiene.
957,Indigestion,Digestive,Chronic,Male,"upper abdominal pain, bloating, belching, nausea",Chronic case of Indigestion. Discomfort in your upper abdomen often caused by eating too much or too fast. Target demographic: Male.,Avoid triggers like spicy food or allergens.
958,Constipation,Digestive,Severe,Adult,"infrequent bowel movements, hard stools, straining, fatigue, dehydration",Severe case of Constipation. Infrequent bowel movements or difficult passage of stools. Target demographic: Adult.,Over-the-counter medication may help.
959,Muscle Strain,Musculoskeletal,Chronic,Male,"sudden pain, swelling, muscle weakness, bruising",Chronic case of Muscle Strain. Damage to a muscle or its attaching tendons. Target demographic: Male.,Seek immediate medical attention.
960,Influenza,Respiratory,Moderate,Child,"high fever, chills, muscle aches, fatigue, cough",Moderate case of Influenza. A contagious respiratory illness caused by influenza viruses. Target demographic: Child.,Maintain good hygiene.
961,Laryngitis,Respiratory,Chronic,Elderly,"hoarseness, weak voice, sore throat, dry cough","Chronic case of Laryngitis. Inflammation of the voice box (larynx) from overuse, irritation or infection. Target demographic: Elderly.",Apply ice or heat to the affected area.
962,Ear Infection,Ears,Severe,Adult,"ear pain, difficulty hearing, drainage from ear, fatigue, dehydration",Severe case of Ear Infection. A bacterial or viral infection that affects the middle ear. Target demographic: Adult.,Over-the-counter medication may help.
963,Jock Itch,Skin,Mild,Male,"red,  itchy rash in the groin area","Mild case of Jock Itch. A fungal infection that causes a red, itchy rash in warm, moist areas of the body. Target demographic: Male.",Apply ice or heat to the affected area.
964,Fever,General,Chronic,Adult,"elevated body temperature, sweating, chills, headache","Chronic case of Fever. A temporary increase in body temperature, often due to an illness. Target demographic: Adult.",Over-the-counter medication may help.
965,Bronchitis,Respiratory,Acute,Elderly,"cough with mucus, fatigue, shortness of breath, chest discomfort",Acute case of Bronchitis. Inflammation of the bronchial tubes. Target demographic: Elderly.,Maintain good hygiene.
966,Influenza B,Respiratory,Chronic,Child,"fever, chills, muscle aches, cough, fatigue","Chronic case of Influenza B. A specific strain of the flu virus, typically appearing in seasonal outbreaks. Target demographic: Child.",Apply ice or heat to the affected area.
967,Eczema,Skin,Moderate,Male,"dry, itchy skin, redness, cracked skin","Moderate case of Eczema. A condition where patches of skin become inflamed, itchy, and cracked. Target demographic: Male.",Maintain good hygiene.
968,Hemorrhoids,Digestive,Acute,Adult,"rectal bleeding, itching, pain, swelling",Acute case of Hemorrhoids. Swollen veins in the lowest part of your rectum and anus. Target demographic: Adult.,Consult a doctor if symptoms persist for more than 48 hours.
969,Viral Pharyngitis,Respiratory,Mild,Male,"sore throat,  scratchy throat","Mild case of Viral Pharyngitis. Inflammation of the pharynx, usually caused by a viral infection. Target demographic: Male.",Monitor symptoms closely.
970,Tension Headache,Neurological,Moderate,General,"dull head pain, pressure across forehead, scalp tenderness","Moderate case of Tension Headache. The most common type of headache, often stress-related. Target demographic: General.",Consult a doctor if symptoms persist for more than 48 hours.
971,Migraine,Neurological,Severe,Adult,"severe headache, nausea, sensitivity to light, blurred vision, fatigue, dehydration",Severe case of Migraine. A neurological condition characterized by intense headaches. Target demographic: Adult.,Prescription medication might be required.
972,Insomnia,Mental Health,Mild,General,"difficulty falling asleep,  waking up frequently",Mild case of Insomnia. A sleep disorder characterized by persistent problems falling and staying asleep. Target demographic: General.,Rest and hydration recommended.
973,Gingivitis,Dental,Mild,Female,"swollen gums,  bleeding gums",Mild case of Gingivitis. A common and mild form of gum disease that causes irritation. Target demographic: Female.,Rest and hydration recommended.
974,Acid Reflux,Digestive,Acute,Child,"heartburn, chest pain, regurgitation, difficulty swallowing",Acute case of Acid Reflux. A digestive disease where stomach acid irritates the food pipe. Target demographic: Child.,Consult a doctor if symptoms persist for more than 48 hours.
975,Strep Throat,Respiratory,Mild,Elderly,"throat pain,  fever",Mild case of Strep Throat. A bacterial infection that causes inflammation and pain in the throat. Target demographic: Elderly.,Apply ice or heat to the affected area.
976,Pink Eye,Eyes,Chronic,Female,"redness, itching, discharge, tearing",Chronic case of Pink Eye. Inflammation or infection of the transparent membrane lining the eyelid. Target demographic: Female.,Home remedies can alleviate symptoms.
977,Migraine,Neurological,Mild,Child,"severe headache,  nausea",Mild case of Migraine. A neurological condition characterized by intense headaches. Target demographic: Child.,Rest and hydration recommended.
978,Cold Sore,Skin,Acute,Child,"tingling, blisters on lip, pain, itching",Acute case of Cold Sore. A group of fluid-filled blisters caused by the herpes simplex virus. Target demographic: Child.,Rest and hydration recommended.
979,Influenza,Respiratory,Moderate,General,"high fever, chills, muscle aches, fatigue, cough",Moderate case of Influenza. A contagious respiratory illness caused by influenza viruses. Target demographic: General.,Maintain good hygiene.
980,Nosebleed,General,Moderate,General,"bleeding from nose, dry nasal membranes","Moderate case of Nosebleed. Bleeding from the inside of the nose, common in dry climates. Target demographic: General.",Prescription medication might be required.
981,Influenza B,Respiratory,Chronic,Elderly,"fever, chills, muscle aches, cough, fatigue","Chronic case of Influenza B. A specific strain of the flu virus, typically appearing in seasonal outbreaks. Target demographic: Elderly.",Home remedies can alleviate symptoms.
982,Laryngitis,Respiratory,Severe,Female,"hoarseness, weak voice, sore throat, dry cough, fatigue, dehydration","Severe case of Laryngitis. Inflammation of the voice box (larynx) from overuse, irritation or infection. Target demographic: Female.",Monitor symptoms closely.
983,Muscle Strain,Musculoskeletal,Severe,Child,"sudden pain, swelling, muscle weakness, bruising, fatigue, dehydration",Severe case of Muscle Strain. Damage to a muscle or its attaching tendons. Target demographic: Child.,Monitor symptoms closely.
984,Common Cold,Respiratory,Moderate,General,"runny nose, sore throat, coughing, sneezing",Moderate case of Common Cold. A viral infection of the upper respiratory tract. Target demographic: General.,Rest and hydration recommended.
985,Allergic Rhinitis,Immune,Chronic,General,"sneezing, runny nose, itchy eyes, congestion",Chronic case of Allergic Rhinitis. An allergic response to allergens like pollen or dust. Target demographic: General.,Seek immediate medical attention.
986,Heartburn,Digestive,Moderate,Elderly,"burning pain in chest, sour taste in mouth, pain worsening when lying down","Moderate case of Heartburn. A burning sensation in the chest, just behind the breastbone. Target demographic: Elderly.",Consult a doctor if symptoms persist for more than 48 hours.
987,Allergic Rhinitis,Immune,Acute,General,"sneezing, runny nose, itchy eyes, congestion",Acute case of Allergic Rhinitis. An allergic response to allergens like pollen or dust. Target demographic: General.,Home remedies can alleviate symptoms.
988,Yeast Infection,Reproductive,Acute,Male,"itching, irritation, vaginal discharge, pain during urination","Acute case of Yeast Infection. A fungal infection that causes irritation, discharge, and intense itchiness. Target demographic: Male.",Apply ice or heat to the affected area.
989,Gastroenteritis,Digestive,Severe,Male,"diarrhea, stomach cramps, nausea, vomiting, fatigue, dehydration","Severe case of Gastroenteritis. Inflammation of the stomach and intestines, often called stomach flu. Target demographic: Male.",Seek immediate medical attention.
990,Nosebleed,General,Acute,General,"bleeding from nose, dry nasal membranes","Acute case of Nosebleed. Bleeding from the inside of the nose, common in dry climates. Target demographic: General.",Maintain good hygiene.
991,Type 2 Diabetes,Metabolic,Severe,Child,"increased thirst, frequent urination, hunger, fatigue, fatigue, dehydration",Severe case of Type 2 Diabetes. A chronic condition that affects the way the body processes blood sugar. Target demographic: Child.,Maintain good hygiene.
992,Migraine,Neurological,Chronic,Male,"severe headache, nausea, sensitivity to light, blurred vision",Chronic case of Migraine. A neurological condition characterized by intense headaches. Target demographic: Male.,Prescription medication might be required.
993,Toothache,Dental,Severe,Female,"tooth pain, swelling around tooth, fever, drainage, fatigue, dehydration",Severe case of Toothache. Pain in or around a tooth caused by various dental problems. Target demographic: Female.,Monitor symptoms closely.
994,Hemorrhoids,Digestive,Severe,General,"rectal bleeding, itching, pain, swelling, fatigue, dehydration",Severe case of Hemorrhoids. Swollen veins in the lowest part of your rectum and anus. Target demographic: General.,Home remedies can alleviate symptoms.
995,Cold Sore,Skin,Acute,Male,"tingling, blisters on lip, pain, itching",Acute case of Cold Sore. A group of fluid-filled blisters caused by the herpes simplex virus. Target demographic: Male.,Maintain good hygiene.
996,Laryngitis,Respiratory,Severe,Male,"hoarseness, weak voice, sore throat, dry cough, fatigue, dehydration","Severe case of Laryngitis. Inflammation of the voice box (larynx) from overuse, irritation or infection. Target demographic: Male.",Rest and hydration recommended.
997,Yeast Infection,Reproductive,Moderate,General,"itching, irritation, vaginal discharge, pain during urination","Moderate case of Yeast Infection. A fungal infection that causes irritation, discharge, and intense itchiness. Target demographic: General.",Consult a doctor if symptoms persist for more than 48 hours.
998,Influenza B,Respiratory,Acute,Elderly,"fever, chills, muscle aches, cough, fatigue","Acute case of Influenza B. A specific strain of the flu virus, typically appearing in seasonal outbreaks. Target demographic: Elderly.",Seek immediate medical attention.
999,Hemorrhoids,Digestive,Acute,Adult,"rectal bleeding, itching, pain, swelling",Acute case of Hemorrhoids. Swollen veins in the lowest part of your rectum and anus. Target demographic: Adult.,Consult a doctor if symptoms persist for more than 48 hours.
1000,Gastroenteritis,Digestive,Mild,Child,"diarrhea,  stomach cramps","Mild case of Gastroenteritis. Inflammation of the stomach and intestines, often called stomach flu. Target demographic: Child.",Consult a doctor if symptoms persist for more than 48 hours.
