disease,description,cause,category,severity,disease_progression,common_complications,prevalence,primary_management
Acute Respiratory Syndrome 1,Acute Respiratory Syndrome 1 affects related physiological systems and may present with characteristic symptom clusters.,7,4,1,Acute onset may resolve with care,Organ dysfunction,0,2
Chronic Respiratory Syndrome 2,Chronic Respiratory Syndrome 2 affects related physiological systems and may present with characteristic symptom clusters.,1,1,2,Progressive condition needing monitoring,Secondary infection,2,1
Autoimmune Respiratory Syndrome 3,Autoimmune Respiratory Syndrome 3 affects related physiological systems and may present with characteristic symptom clusters.,3,5,3,Chronic condition requiring long-term management,Inflammation complications,1,0
Idiopathic Respiratory Syndrome 4,Idiopathic Respiratory Syndrome 4 affects related physiological systems and may present with characteristic symptom clusters.,4,2,4,Potentially severe if untreated,Metabolic imbalance,0,3
Primary Respiratory Syndrome 5,Primary Respiratory Syndrome 5 affects related physiological systems and may present with characteristic symptom clusters.,0,7,1,Acute onset may resolve with care,Neurological complications,2,2
Secondary Respiratory Syndrome 6,Secondary Respiratory Syndrome 6 affects related physiological systems and may present with characteristic symptom clusters.,6,3,2,Progressive condition needing monitoring,Organ dysfunction,1,1
Progressive Respiratory Syndrome 7,Progressive Respiratory Syndrome 7 affects related physiological systems and may present with characteristic symptom clusters.,5,6,3,Chronic condition requiring long-term management,Secondary infection,0,0
Congenital Respiratory Syndrome 8,Congenital Respiratory Syndrome 8 affects related physiological systems and may present with characteristic symptom clusters.,2,0,4,Potentially severe if untreated,Inflammation complications,2,3
Inflammatory Respiratory Syndrome 9,Inflammatory Respiratory Syndrome 9 affects related physiological systems and may present with characteristic symptom clusters.,7,4,1,Acute onset may resolve with care,Metabolic imbalance,1,2
Metabolic Respiratory Syndrome 10,Metabolic Respiratory Syndrome 10 affects related physiological systems and may present with characteristic symptom clusters.,1,1,2,Progressive condition needing monitoring,Neurological complications,0,1
Acute Cardiac Syndrome 11,Acute Cardiac Syndrome 11 affects related physiological systems and may present with characteristic symptom clusters.,3,5,3,Chronic condition requiring long-term management,Organ dysfunction,2,0
Chronic Cardiac Syndrome 12,Chronic Cardiac Syndrome 12 affects related physiological systems and may present with characteristic symptom clusters.,4,2,4,Potentially severe if untreated,Secondary infection,1,3
Autoimmune Cardiac Syndrome 13,Autoimmune Cardiac Syndrome 13 affects related physiological systems and may present with characteristic symptom clusters.,0,7,1,Acute onset may resolve with care,Inflammation complications,0,2
Idiopathic Cardiac Syndrome 14,Idiopathic Cardiac Syndrome 14 affects related physiological systems and may present with characteristic symptom clusters.,6,3,2,Progressive condition needing monitoring,Metabolic imbalance,2,1
Primary Cardiac Syndrome 15,Primary Cardiac Syndrome 15 affects related physiological systems and may present with characteristic symptom clusters.,5,6,3,Chronic condition requiring long-term management,Neurological complications,1,0
Secondary Cardiac Syndrome 16,Secondary Cardiac Syndrome 16 affects related physiological systems and may present with characteristic symptom clusters.,2,0,4,Potentially severe if untreated,Organ dysfunction,0,3
Progressive Cardiac Syndrome 17,Progressive Cardiac Syndrome 17 affects related physiological systems and may present with characteristic symptom clusters.,7,4,1,Acute onset may resolve with care,Secondary infection,2,2
Congenital Cardiac Syndrome 18,Congenital Cardiac Syndrome 18 affects related physiological systems and may present with characteristic symptom clusters.,1,1,2,Progressive condition needing monitoring,Inflammation complications,1,1
Inflammatory Cardiac Syndrome 19,Inflammatory Cardiac Syndrome 19 affects related physiological systems and may present with characteristic symptom clusters.,3,5,3,Chronic condition requiring long-term management,Metabolic imbalance,0,0
Metabolic Cardiac Syndrome 20,Metabolic Cardiac Syndrome 20 affects related physiological systems and may present with characteristic symptom clusters.,4,2,4,Potentially severe if untreated,Neurological complications,2,3
Acute Neurological Syndrome 21,Acute Neurological Syndrome 21 affects related physiological systems and may present with characteristic symptom clusters.,0,7,1,Acute onset may resolve with care,Organ dysfunction,1,2
Chronic Neurological Syndrome 22,Chronic Neurological Syndrome 22 affects related physiological systems and may present with characteristic symptom clusters.,6,3,2,Progressive condition needing monitoring,Secondary infection,0,1
Autoimmune Neurological Syndrome 23,Autoimmune Neurological Syndrome 23 affects related physiological systems and may present with characteristic symptom clusters.,5,6,3,Chronic condition requiring long-term management,Inflammation complications,2,0
Idiopathic Neurological Syndrome 24,Idiopathic Neurological Syndrome 24 affects related physiological systems and may present with characteristic symptom clusters.,2,0,4,Potentially severe if untreated,Metabolic imbalance,1,3
Primary Neurological Syndrome 25,Primary Neurological Syndrome 25 affects related physiological systems and may present with characteristic symptom clusters.,7,4,1,Acute onset may resolve with care,Neurological complications,0,2
Secondary Neurological Syndrome 26,Secondary Neurological Syndrome 26 affects related physiological systems and may present with characteristic symptom clusters.,1,1,2,Progressive condition needing monitoring,Organ dysfunction,2,1
Progressive Neurological Syndrome 27,Progressive Neurological Syndrome 27 affects related physiological systems and may present with characteristic symptom clusters.,3,5,3,Chronic condition requiring long-term management,Secondary infection,1,0
Congenital Neurological Syndrome 28,Congenital Neurological Syndrome 28 affects related physiological systems and may present with characteristic symptom clusters.,4,2,4,Potentially severe if untreated,Inflammation complications,0,3
Inflammatory Neurological Syndrome 29,Inflammatory Neurological Syndrome 29 affects related physiological systems and may present with characteristic symptom clusters.,0,7,1,Acute onset may resolve with care,Metabolic imbalance,2,2
Metabolic Neurological Syndrome 30,Metabolic Neurological Syndrome 30 affects related physiological systems and may present with characteristic symptom clusters.,6,3,2,Progressive condition needing monitoring,Neurological complications,1,1
Acute Renal Syndrome 31,Acute Renal Syndrome 31 affects related physiological systems and may present with characteristic symptom clusters.,5,6,3,Chronic condition requiring long-term management,Organ dysfunction,0,0
Chronic Renal Syndrome 32,Chronic Renal Syndrome 32 affects related physiological systems and may present with characteristic symptom clusters.,2,0,4,Potentially severe if untreated,Secondary infection,2,3
Autoimmune Renal Syndrome 33,Autoimmune Renal Syndrome 33 affects related physiological systems and may present with characteristic symptom clusters.,7,4,1,Acute onset may resolve with care,Inflammation complications,1,2
Idiopathic Renal Syndrome 34,Idiopathic Renal Syndrome 34 affects related physiological systems and may present with characteristic symptom clusters.,1,1,2,Progressive condition needing monitoring,Metabolic imbalance,0,1
Primary Renal Syndrome 35,Primary Renal Syndrome 35 affects related physiological systems and may present with characteristic symptom clusters.,3,5,3,Chronic condition requiring long-term management,Neurological complications,2,0
Secondary Renal Syndrome 36,Secondary Renal Syndrome 36 affects related physiological systems and may present with characteristic symptom clusters.,4,2,4,Potentially severe if untreated,Organ dysfunction,1,3
Progressive Renal Syndrome 37,Progressive Renal Syndrome 37 affects related physiological systems and may present with characteristic symptom clusters.,0,7,1,Acute onset may resolve with care,Secondary infection,0,2
Congenital Renal Syndrome 38,Congenital Renal Syndrome 38 affects related physiological systems and may present with characteristic symptom clusters.,6,3,2,Progressive condition needing monitoring,Inflammation complications,2,1
Inflammatory Renal Syndrome 39,Inflammatory Renal Syndrome 39 affects related physiological systems and may present with characteristic symptom clusters.,5,6,3,Chronic condition requiring long-term management,Metabolic imbalance,1,0
Metabolic Renal Syndrome 40,Metabolic Renal Syndrome 40 affects related physiological systems and may present with characteristic symptom clusters.,2,0,4,Potentially severe if untreated,Neurological complications,0,3
Acute Hepatic Syndrome 41,Acute Hepatic Syndrome 41 affects related physiological systems and may present with characteristic symptom clusters.,7,4,1,Acute onset may resolve with care,Organ dysfunction,2,2
Chronic Hepatic Syndrome 42,Chronic Hepatic Syndrome 42 affects related physiological systems and may present with characteristic symptom clusters.,1,1,2,Progressive condition needing monitoring,Secondary infection,1,1
Autoimmune Hepatic Syndrome 43,Autoimmune Hepatic Syndrome 43 affects related physiological systems and may present with characteristic symptom clusters.,3,5,3,Chronic condition requiring long-term management,Inflammation complications,0,0
Idiopathic Hepatic Syndrome 44,Idiopathic Hepatic Syndrome 44 affects related physiological systems and may present with characteristic symptom clusters.,4,2,4,Potentially severe if untreated,Metabolic imbalance,2,3
Primary Hepatic Syndrome 45,Primary Hepatic Syndrome 45 affects related physiological systems and may present with characteristic symptom clusters.,0,7,1,Acute onset may resolve with care,Neurological complications,1,2
Secondary Hepatic Syndrome 46,Secondary Hepatic Syndrome 46 affects related physiological systems and may present with characteristic symptom clusters.,6,3,2,Progressive condition needing monitoring,Organ dysfunction,0,1
Progressive Hepatic Syndrome 47,Progressive Hepatic Syndrome 47 affects related physiological systems and may present with characteristic symptom clusters.,5,6,3,Chronic condition requiring long-term management,Secondary infection,2,0
Congenital Hepatic Syndrome 48,Congenital Hepatic Syndrome 48 affects related physiological systems and may present with characteristic symptom clusters.,2,0,4,Potentially severe if untreated,Inflammation complications,1,3
Inflammatory Hepatic Syndrome 49,Inflammatory Hepatic Syndrome 49 affects related physiological systems and may present with characteristic symptom clusters.,7,4,1,Acute onset may resolve with care,Metabolic imbalance,0,2
Metabolic Hepatic Syndrome 50,Metabolic Hepatic Syndrome 50 affects related physiological systems and may present with characteristic symptom clusters.,1,1,2,Progressive condition needing monitoring,Neurological complications,2,1
Acute Endocrine Syndrome 51,Acute Endocrine Syndrome 51 affects related physiological systems and may present with characteristic symptom clusters.,3,5,3,Chronic condition requiring long-term management,Organ dysfunction,1,0
Chronic Endocrine Syndrome 52,Chronic Endocrine Syndrome 52 affects related physiological systems and may present with characteristic symptom clusters.,4,2,4,Potentially severe if untreated,Secondary infection,0,3
Autoimmune Endocrine Syndrome 53,Autoimmune Endocrine Syndrome 53 affects related physiological systems and may present with characteristic symptom clusters.,0,7,1,Acute onset may resolve with care,Inflammation complications,2,2
Idiopathic Endocrine Syndrome 54,Idiopathic Endocrine Syndrome 54 affects related physiological systems and may present with characteristic symptom clusters.,6,3,2,Progressive condition needing monitoring,Metabolic imbalance,1,1
Primary Endocrine Syndrome 55,Primary Endocrine Syndrome 55 affects related physiological systems and may present with characteristic symptom clusters.,5,6,3,Chronic condition requiring long-term management,Neurological complications,0,0
Secondary Endocrine Syndrome 56,Secondary Endocrine Syndrome 56 affects related physiological systems and may present with characteristic symptom clusters.,2,0,4,Potentially severe if untreated,Organ dysfunction,2,3
Progressive Endocrine Syndrome 57,Progressive Endocrine Syndrome 57 affects related physiological systems and may present with characteristic symptom clusters.,7,4,1,Acute onset may resolve with care,Secondary infection,1,2
Congenital Endocrine Syndrome 58,Congenital Endocrine Syndrome 58 affects related physiological systems and may present with characteristic symptom clusters.,1,1,2,Progressive condition needing monitoring,Inflammation complications,0,1
Inflammatory Endocrine Syndrome 59,Inflammatory Endocrine Syndrome 59 affects related physiological systems and may present with characteristic symptom clusters.,3,5,3,Chronic condition requiring long-term management,Metabolic imbalance,2,0
Metabolic Endocrine Syndrome 60,Metabolic Endocrine Syndrome 60 affects related physiological systems and may present with characteristic symptom clusters.,4,2,4,Potentially severe if untreated,Neurological complications,1,3
Acute Gastro Syndrome 61,Acute Gastro Syndrome 61 affects related physiological systems and may present with characteristic symptom clusters.,0,7,1,Acute onset may resolve with care,Organ dysfunction,0,2
Chronic Gastro Syndrome 62,Chronic Gastro Syndrome 62 affects related physiological systems and may present with characteristic symptom clusters.,6,3,2,Progressive condition needing monitoring,Secondary infection,2,1
Autoimmune Gastro Syndrome 63,Autoimmune Gastro Syndrome 63 affects related physiological systems and may present with characteristic symptom clusters.,5,6,3,Chronic condition requiring long-term management,Inflammation complications,1,0
Idiopathic Gastro Syndrome 64,Idiopathic Gastro Syndrome 64 affects related physiological systems and may present with characteristic symptom clusters.,2,0,4,Potentially severe if untreated,Metabolic imbalance,0,3
Primary Gastro Syndrome 65,Primary Gastro Syndrome 65 affects related physiological systems and may present with characteristic symptom clusters.,7,4,1,Acute onset may resolve with care,Neurological complications,2,2
Secondary Gastro Syndrome 66,Secondary Gastro Syndrome 66 affects related physiological systems and may present with characteristic symptom clusters.,1,1,2,Progressive condition needing monitoring,Organ dysfunction,1,1
Progressive Gastro Syndrome 67,Progressive Gastro Syndrome 67 affects related physiological systems and may present with characteristic symptom clusters.,3,5,3,Chronic condition requiring long-term management,Secondary infection,0,0
Congenital Gastro Syndrome 68,Congenital Gastro Syndrome 68 affects related physiological systems and may present with characteristic symptom clusters.,4,2,4,Potentially severe if untreated,Inflammation complications,2,3
Inflammatory Gastro Syndrome 69,Inflammatory Gastro Syndrome 69 affects related physiological systems and may present with characteristic symptom clusters.,0,7,1,Acute onset may resolve with care,Metabolic imbalance,1,2
Metabolic Gastro Syndrome 70,Metabolic Gastro Syndrome 70 affects related physiological systems and may present with characteristic symptom clusters.,6,3,2,Progressive condition needing monitoring,Neurological complications,0,1
Acute Dermatologic Syndrome 71,Acute Dermatologic Syndrome 71 affects related physiological systems and may present with characteristic symptom clusters.,5,6,3,Chronic condition requiring long-term management,Organ dysfunction,2,0
Chronic Dermatologic Syndrome 72,Chronic Dermatologic Syndrome 72 affects related physiological systems and may present with characteristic symptom clusters.,2,0,4,Potentially severe if untreated,Secondary infection,1,3
Autoimmune Dermatologic Syndrome 73,Autoimmune Dermatologic Syndrome 73 affects related physiological systems and may present with characteristic symptom clusters.,7,4,1,Acute onset may resolve with care,Inflammation complications,0,2
Idiopathic Dermatologic Syndrome 74,Idiopathic Dermatologic Syndrome 74 affects related physiological systems and may present with characteristic symptom clusters.,1,1,2,Progressive condition needing monitoring,Metabolic imbalance,2,1
Primary Dermatologic Syndrome 75,Primary Dermatologic Syndrome 75 affects related physiological systems and may present with characteristic symptom clusters.,3,5,3,Chronic condition requiring long-term management,Neurological complications,1,0
Secondary Dermatologic Syndrome 76,Secondary Dermatologic Syndrome 76 affects related physiological systems and may present with characteristic symptom clusters.,4,2,4,Potentially severe if untreated,Organ dysfunction,0,3
Progressive Dermatologic Syndrome 77,Progressive Dermatologic Syndrome 77 affects related physiological systems and may present with characteristic symptom clusters.,0,7,1,Acute onset may resolve with care,Secondary infection,2,2
Congenital Dermatologic Syndrome 78,Congenital Dermatologic Syndrome 78 affects related physiological systems and may present with characteristic symptom clusters.,6,3,2,Progressive condition needing monitoring,Inflammation complications,1,1
Inflammatory Dermatologic Syndrome 79,Inflammatory Dermatologic Syndrome 79 affects related physiological systems and may present with characteristic symptom clusters.,5,6,3,Chronic condition requiring long-term management,Metabolic imbalance,0,0
Metabolic Dermatologic Syndrome 80,Metabolic Dermatologic Syndrome 80 affects related physiological systems and may present with characteristic symptom clusters.,2,0,4,Potentially severe if untreated,Neurological complications,2,3
Acute Hematologic Syndrome 81,Acute Hematologic Syndrome 81 affects related physiological systems and may present with characteristic symptom clusters.,7,4,1,Acute onset may resolve with care,Organ dysfunction,1,2
Chronic Hematologic Syndrome 82,Chronic Hematologic Syndrome 82 affects related physiological systems and may present with characteristic symptom clusters.,1,1,2,Progressive condition needing monitoring,Secondary infection,0,1
Autoimmune Hematologic Syndrome 83,Autoimmune Hematologic Syndrome 83 affects related physiological systems and may present with characteristic symptom clusters.,3,5,3,Chronic condition requiring long-term management,Inflammation complications,2,0
Idiopathic Hematologic Syndrome 84,Idiopathic Hematologic Syndrome 84 affects related physiological systems and may present with characteristic symptom clusters.,4,2,4,Potentially severe if untreated,Metabolic imbalance,1,3
Primary Hematologic Syndrome 85,Primary Hematologic Syndrome 85 affects related physiological systems and may present with characteristic symptom clusters.,0,7,1,Acute onset may resolve with care,Neurological complications,0,2
Secondary Hematologic Syndrome 86,Secondary Hematologic Syndrome 86 affects related physiological systems and may present with characteristic symptom clusters.,6,3,2,Progressive condition needing monitoring,Organ dysfunction,2,1
Progressive Hematologic Syndrome 87,Progressive Hematologic Syndrome 87 affects related physiological systems and may present with characteristic symptom clusters.,5,6,3,Chronic condition requiring long-term management,Secondary infection,1,0
Congenital Hematologic Syndrome 88,Congenital Hematologic Syndrome 88 affects related physiological systems and may present with characteristic symptom clusters.,2,0,4,Potentially severe if untreated,Inflammation complications,0,3
Inflammatory Hematologic Syndrome 89,Inflammatory Hematologic Syndrome 89 affects related physiological systems and may present with characteristic symptom clusters.,7,4,1,Acute onset may resolve with care,Metabolic imbalance,2,2
Metabolic Hematologic Syndrome 90,Metabolic Hematologic Syndrome 90 affects related physiological systems and may present with characteristic symptom clusters.,1,1,2,Progressive condition needing monitoring,Neurological complications,1,1
Acute Musculoskeletal Syndrome 91,Acute Musculoskeletal Syndrome 91 affects related physiological systems and may present with characteristic symptom clusters.,3,5,3,Chronic condition requiring long-term management,Organ dysfunction,0,0
Chronic Musculoskeletal Syndrome 92,Chronic Musculoskeletal Syndrome 92 affects related physiological systems and may present with characteristic symptom clusters.,4,2,4,Potentially severe if untreated,Secondary infection,2,3
Autoimmune Musculoskeletal Syndrome 93,Autoimmune Musculoskeletal Syndrome 93 affects related physiological systems and may present with characteristic symptom clusters.,0,7,1,Acute onset may resolve with care,Inflammation complications,1,2
Idiopathic Musculoskeletal Syndrome 94,Idiopathic Musculoskeletal Syndrome 94 affects related physiological systems and may present with characteristic symptom clusters.,6,3,2,Progressive condition needing monitoring,Metabolic imbalance,0,1
Primary Musculoskeletal Syndrome 95,Primary Musculoskeletal Syndrome 95 affects related physiological systems and may present with characteristic symptom clusters.,5,6,3,Chronic condition requiring long-term management,Neurological complications,2,0
Secondary Musculoskeletal Syndrome 96,Secondary Musculoskeletal Syndrome 96 affects related physiological systems and may present with characteristic symptom clusters.,2,0,4,Potentially severe if untreated,Organ dysfunction,1,3
Progressive Musculoskeletal Syndrome 97,Progressive Musculoskeletal Syndrome 97 affects related physiological systems and may present with characteristic symptom clusters.,7,4,1,Acute onset may resolve with care,Secondary infection,0,2
Congenital Musculoskeletal Syndrome 98,Congenital Musculoskeletal Syndrome 98 affects related physiological systems and may present with characteristic symptom clusters.,1,1,2,Progressive condition needing monitoring,Inflammation complications,2,1
Inflammatory Musculoskeletal Syndrome 99,Inflammatory Musculoskeletal Syndrome 99 affects related physiological systems and may present with characteristic symptom clusters.,3,5,3,Chronic condition requiring long-term management,Metabolic imbalance,1,0
Metabolic Musculoskeletal Syndrome 100,Metabolic Musculoskeletal Syndrome 100 affects related physiological systems and may present with characteristic symptom clusters.,4,2,4,Potentially severe if untreated,Neurological complications,0,3
Acute Respiratory Disorder 101,Acute Respiratory Disorder 101 affects related physiological systems and may present with characteristic symptom clusters.,0,7,1,Acute onset may resolve with care,Organ dysfunction,2,2
Chronic Respiratory Disorder 102,Chronic Respiratory Disorder 102 affects related physiological systems and may present with characteristic symptom clusters.,6,3,2,Progressive condition needing monitoring,Secondary infection,1,1
Autoimmune Respiratory Disorder 103,Autoimmune Respiratory Disorder 103 affects related physiological systems and may present with characteristic symptom clusters.,5,6,3,Chronic condition requiring long-term management,Inflammation complications,0,0
Idiopathic Respiratory Disorder 104,Idiopathic Respiratory Disorder 104 affects related physiological systems and may present with characteristic symptom clusters.,2,0,4,Potentially severe if untreated,Metabolic imbalance,2,3
Primary Respiratory Disorder 105,Primary Respiratory Disorder 105 affects related physiological systems and may present with characteristic symptom clusters.,7,4,1,Acute onset may resolve with care,Neurological complications,1,2
Secondary Respiratory Disorder 106,Secondary Respiratory Disorder 106 affects related physiological systems and may present with characteristic symptom clusters.,1,1,2,Progressive condition needing monitoring,Organ dysfunction,0,1
Progressive Respiratory Disorder 107,Progressive Respiratory Disorder 107 affects related physiological systems and may present with characteristic symptom clusters.,3,5,3,Chronic condition requiring long-term management,Secondary infection,2,0
Congenital Respiratory Disorder 108,Congenital Respiratory Disorder 108 affects related physiological systems and may present with characteristic symptom clusters.,4,2,4,Potentially severe if untreated,Inflammation complications,1,3
Inflammatory Respiratory Disorder 109,Inflammatory Respiratory Disorder 109 affects related physiological systems and may present with characteristic symptom clusters.,0,7,1,Acute onset may resolve with care,Metabolic imbalance,0,2
Metabolic Respiratory Disorder 110,Metabolic Respiratory Disorder 110 affects related physiological systems and may present with characteristic symptom clusters.,6,3,2,Progressive condition needing monitoring,Neurological complications,2,1
Acute Cardiac Disorder 111,Acute Cardiac Disorder 111 affects related physiological systems and may present with characteristic symptom clusters.,5,6,3,Chronic condition requiring long-term management,Organ dysfunction,1,0
Chronic Cardiac Disorder 112,Chronic Cardiac Disorder 112 affects related physiological systems and may present with characteristic symptom clusters.,2,0,4,Potentially severe if untreated,Secondary infection,0,3
Autoimmune Cardiac Disorder 113,Autoimmune Cardiac Disorder 113 affects related physiological systems and may present with characteristic symptom clusters.,7,4,1,Acute onset may resolve with care,Inflammation complications,2,2
Idiopathic Cardiac Disorder 114,Idiopathic Cardiac Disorder 114 affects related physiological systems and may present with characteristic symptom clusters.,1,1,2,Progressive condition needing monitoring,Metabolic imbalance,1,1
Primary Cardiac Disorder 115,Primary Cardiac Disorder 115 affects related physiological systems and may present with characteristic symptom clusters.,3,5,3,Chronic condition requiring long-term management,Neurological complications,0,0
Secondary Cardiac Disorder 116,Secondary Cardiac Disorder 116 affects related physiological systems and may present with characteristic symptom clusters.,4,2,4,Potentially severe if untreated,Organ dysfunction,2,3
Progressive Cardiac Disorder 117,Progressive Cardiac Disorder 117 affects related physiological systems and may present with characteristic symptom clusters.,0,7,1,Acute onset may resolve with care,Secondary infection,1,2
Congenital Cardiac Disorder 118,Congenital Cardiac Disorder 118 affects related physiological systems and may present with characteristic symptom clusters.,6,3,2,Progressive condition needing monitoring,Inflammation complications,0,1
Inflammatory Cardiac Disorder 119,Inflammatory Cardiac Disorder 119 affects related physiological systems and may present with characteristic symptom clusters.,5,6,3,Chronic condition requiring long-term management,Metabolic imbalance,2,0
Metabolic Cardiac Disorder 120,Metabolic Cardiac Disorder 120 affects related physiological systems and may present with characteristic symptom clusters.,2,0,4,Potentially severe if untreated,Neurological complications,1,3
Acute Neurological Disorder 121,Acute Neurological Disorder 121 affects related physiological systems and may present with characteristic symptom clusters.,7,4,1,Acute onset may resolve with care,Organ dysfunction,0,2
Chronic Neurological Disorder 122,Chronic Neurological Disorder 122 affects related physiological systems and may present with characteristic symptom clusters.,1,1,2,Progressive condition needing monitoring,Secondary infection,2,1
Autoimmune Neurological Disorder 123,Autoimmune Neurological Disorder 123 affects related physiological systems and may present with characteristic symptom clusters.,3,5,3,Chronic condition requiring long-term management,Inflammation complications,1,0
Idiopathic Neurological Disorder 124,Idiopathic Neurological Disorder 124 affects related physiological systems and may present with characteristic symptom clusters.,4,2,4,Potentially severe if untreated,Metabolic imbalance,0,3
Primary Neurological Disorder 125,Primary Neurological Disorder 125 affects related physiological systems and may present with characteristic symptom clusters.,0,7,1,Acute onset may resolve with care,Neurological complications,2,2
Secondary Neurological Disorder 126,Secondary Neurological Disorder 126 affects related physiological systems and may present with characteristic symptom clusters.,6,3,2,Progressive condition needing monitoring,Organ dysfunction,1,1
Progressive Neurological Disorder 127,Progressive Neurological Disorder 127 affects related physiological systems and may present with characteristic symptom clusters.,5,6,3,Chronic condition requiring long-term management,Secondary infection,0,0
Congenital Neurological Disorder 128,Congenital Neurological Disorder 128 affects related physiological systems and may present with characteristic symptom clusters.,2,0,4,Potentially severe if untreated,Inflammation complications,2,3
Inflammatory Neurological Disorder 129,Inflammatory Neurological Disorder 129 affects related physiological systems and may present with characteristic symptom clusters.,7,4,1,Acute onset may resolve with care,Metabolic imbalance,1,2
Metabolic Neurological Disorder 130,Metabolic Neurological Disorder 130 affects related physiological systems and may present with characteristic symptom clusters.,1,1,2,Progressive condition needing monitoring,Neurological complications,0,1
Acute Renal Disorder 131,Acute Renal Disorder 131 affects related physiological systems and may present with characteristic symptom clusters.,3,5,3,Chronic condition requiring long-term management,Organ dysfunction,2,0
Chronic Renal Disorder 132,Chronic Renal Disorder 132 affects related physiological systems and may present with characteristic symptom clusters.,4,2,4,Potentially severe if untreated,Secondary infection,1,3
Autoimmune Renal Disorder 133,Autoimmune Renal Disorder 133 affects related physiological systems and may present with characteristic symptom clusters.,0,7,1,Acute onset may resolve with care,Inflammation complications,0,2
Idiopathic Renal Disorder 134,Idiopathic Renal Disorder 134 affects related physiological systems and may present with characteristic symptom clusters.,6,3,2,Progressive condition needing monitoring,Metabolic imbalance,2,1
Primary Renal Disorder 135,Primary Renal Disorder 135 affects related physiological systems and may present with characteristic symptom clusters.,5,6,3,Chronic condition requiring long-term management,Neurological complications,1,0
Secondary Renal Disorder 136,Secondary Renal Disorder 136 affects related physiological systems and may present with characteristic symptom clusters.,2,0,4,Potentially severe if untreated,Organ dysfunction,0,3
Progressive Renal Disorder 137,Progressive Renal Disorder 137 affects related physiological systems and may present with characteristic symptom clusters.,7,4,1,Acute onset may resolve with care,Secondary infection,2,2
Congenital Renal Disorder 138,Congenital Renal Disorder 138 affects related physiological systems and may present with characteristic symptom clusters.,1,1,2,Progressive condition needing monitoring,Inflammation complications,1,1
Inflammatory Renal Disorder 139,Inflammatory Renal Disorder 139 affects related physiological systems and may present with characteristic symptom clusters.,3,5,3,Chronic condition requiring long-term management,Metabolic imbalance,0,0
Metabolic Renal Disorder 140,Metabolic Renal Disorder 140 affects related physiological systems and may present with characteristic symptom clusters.,4,2,4,Potentially severe if untreated,Neurological complications,2,3
Acute Hepatic Disorder 141,Acute Hepatic Disorder 141 affects related physiological systems and may present with characteristic symptom clusters.,0,7,1,Acute onset may resolve with care,Organ dysfunction,1,2
Chronic Hepatic Disorder 142,Chronic Hepatic Disorder 142 affects related physiological systems and may present with characteristic symptom clusters.,6,3,2,Progressive condition needing monitoring,Secondary infection,0,1
Autoimmune Hepatic Disorder 143,Autoimmune Hepatic Disorder 143 affects related physiological systems and may present with characteristic symptom clusters.,5,6,3,Chronic condition requiring long-term management,Inflammation complications,2,0
Idiopathic Hepatic Disorder 144,Idiopathic Hepatic Disorder 144 affects related physiological systems and may present with characteristic symptom clusters.,2,0,4,Potentially severe if untreated,Metabolic imbalance,1,3
Primary Hepatic Disorder 145,Primary Hepatic Disorder 145 affects related physiological systems and may present with characteristic symptom clusters.,7,4,1,Acute onset may resolve with care,Neurological complications,0,2
Secondary Hepatic Disorder 146,Secondary Hepatic Disorder 146 affects related physiological systems and may present with characteristic symptom clusters.,1,1,2,Progressive condition needing monitoring,Organ dysfunction,2,1
Progressive Hepatic Disorder 147,Progressive Hepatic Disorder 147 affects related physiological systems and may present with characteristic symptom clusters.,3,5,3,Chronic condition requiring long-term management,Secondary infection,1,0
Congenital Hepatic Disorder 148,Congenital Hepatic Disorder 148 affects related physiological systems and may present with characteristic symptom clusters.,4,2,4,Potentially severe if untreated,Inflammation complications,0,3
Inflammatory Hepatic Disorder 149,Inflammatory Hepatic Disorder 149 affects related physiological systems and may present with characteristic symptom clusters.,0,7,1,Acute onset may resolve with care,Metabolic imbalance,2,2
Metabolic Hepatic Disorder 150,Metabolic Hepatic Disorder 150 affects related physiological systems and may present with characteristic symptom clusters.,6,3,2,Progressive condition needing monitoring,Neurological complications,1,1
Acute Endocrine Disorder 151,Acute Endocrine Disorder 151 affects related physiological systems and may present with characteristic symptom clusters.,5,6,3,Chronic condition requiring long-term management,Organ dysfunction,0,0
Chronic Endocrine Disorder 152,Chronic Endocrine Disorder 152 affects related physiological systems and may present with characteristic symptom clusters.,2,0,4,Potentially severe if untreated,Secondary infection,2,3
Autoimmune Endocrine Disorder 153,Autoimmune Endocrine Disorder 153 affects related physiological systems and may present with characteristic symptom clusters.,7,4,1,Acute onset may resolve with care,Inflammation complications,1,2
Idiopathic Endocrine Disorder 154,Idiopathic Endocrine Disorder 154 affects related physiological systems and may present with characteristic symptom clusters.,1,1,2,Progressive condition needing monitoring,Metabolic imbalance,0,1
Primary Endocrine Disorder 155,Primary Endocrine Disorder 155 affects related physiological systems and may present with characteristic symptom clusters.,3,5,3,Chronic condition requiring long-term management,Neurological complications,2,0
Secondary Endocrine Disorder 156,Secondary Endocrine Disorder 156 affects related physiological systems and may present with characteristic symptom clusters.,4,2,4,Potentially severe if untreated,Organ dysfunction,1,3
Progressive Endocrine Disorder 157,Progressive Endocrine Disorder 157 affects related physiological systems and may present with characteristic symptom clusters.,0,7,1,Acute onset may resolve with care,Secondary infection,0,2
Congenital Endocrine Disorder 158,Congenital Endocrine Disorder 158 affects related physiological systems and may present with characteristic symptom clusters.,6,3,2,Progressive condition needing monitoring,Inflammation complications,2,1
Inflammatory Endocrine Disorder 159,Inflammatory Endocrine Disorder 159 affects related physiological systems and may present with characteristic symptom clusters.,5,6,3,Chronic condition requiring long-term management,Metabolic imbalance,1,0
Metabolic Endocrine Disorder 160,Metabolic Endocrine Disorder 160 affects related physiological systems and may present with characteristic symptom clusters.,2,0,4,Potentially severe if untreated,Neurological complications,0,3
Acute Gastro Disorder 161,Acute Gastro Disorder 161 affects related physiological systems and may present with characteristic symptom clusters.,7,4,1,Acute onset may resolve with care,Organ dysfunction,2,2
Chronic Gastro Disorder 162,Chronic Gastro Disorder 162 affects related physiological systems and may present with characteristic symptom clusters.,1,1,2,Progressive condition needing monitoring,Secondary infection,1,1
Autoimmune Gastro Disorder 163,Autoimmune Gastro Disorder 163 affects related physiological systems and may present with characteristic symptom clusters.,3,5,3,Chronic condition requiring long-term management,Inflammation complications,0,0
Idiopathic Gastro Disorder 164,Idiopathic Gastro Disorder 164 affects related physiological systems and may present with characteristic symptom clusters.,4,2,4,Potentially severe if untreated,Metabolic imbalance,2,3
Primary Gastro Disorder 165,Primary Gastro Disorder 165 affects related physiological systems and may present with characteristic symptom clusters.,0,7,1,Acute onset may resolve with care,Neurological complications,1,2
Secondary Gastro Disorder 166,Secondary Gastro Disorder 166 affects related physiological systems and may present with characteristic symptom clusters.,6,3,2,Progressive condition needing monitoring,Organ dysfunction,0,1
Progressive Gastro Disorder 167,Progressive Gastro Disorder 167 affects related physiological systems and may present with characteristic symptom clusters.,5,6,3,Chronic condition requiring long-term management,Secondary infection,2,0
Congenital Gastro Disorder 168,Congenital Gastro Disorder 168 affects related physiological systems and may present with characteristic symptom clusters.,2,0,4,Potentially severe if untreated,Inflammation complications,1,3
Inflammatory Gastro Disorder 169,Inflammatory Gastro Disorder 169 affects related physiological systems and may present with characteristic symptom clusters.,7,4,1,Acute onset may resolve with care,Metabolic imbalance,0,2
Metabolic Gastro Disorder 170,Metabolic Gastro Disorder 170 affects related physiological systems and may present with characteristic symptom clusters.,1,1,2,Progressive condition needing monitoring,Neurological complications,2,1
Acute Dermatologic Disorder 171,Acute Dermatologic Disorder 171 affects related physiological systems and may present with characteristic symptom clusters.,3,5,3,Chronic condition requiring long-term management,Organ dysfunction,1,0
Chronic Dermatologic Disorder 172,Chronic Dermatologic Disorder 172 affects related physiological systems and may present with characteristic symptom clusters.,4,2,4,Potentially severe if untreated,Secondary infection,0,3
Autoimmune Dermatologic Disorder 173,Autoimmune Dermatologic Disorder 173 affects related physiological systems and may present with characteristic symptom clusters.,0,7,1,Acute onset may resolve with care,Inflammation complications,2,2
Idiopathic Dermatologic Disorder 174,Idiopathic Dermatologic Disorder 174 affects related physiological systems and may present with characteristic symptom clusters.,6,3,2,Progressive condition needing monitoring,Metabolic imbalance,1,1
Primary Dermatologic Disorder 175,Primary Dermatologic Disorder 175 affects related physiological systems and may present with characteristic symptom clusters.,5,6,3,Chronic condition requiring long-term management,Neurological complications,0,0
Secondary Dermatologic Disorder 176,Secondary Dermatologic Disorder 176 affects related physiological systems and may present with characteristic symptom clusters.,2,0,4,Potentially severe if untreated,Organ dysfunction,2,3
Progressive Dermatologic Disorder 177,Progressive Dermatologic Disorder 177 affects related physiological systems and may present with characteristic symptom clusters.,7,4,1,Acute onset may resolve with care,Secondary infection,1,2
Congenital Dermatologic Disorder 178,Congenital Dermatologic Disorder 178 affects related physiological systems and may present with characteristic symptom clusters.,1,1,2,Progressive condition needing monitoring,Inflammation complications,0,1
Inflammatory Dermatologic Disorder 179,Inflammatory Dermatologic Disorder 179 affects related physiological systems and may present with characteristic symptom clusters.,3,5,3,Chronic condition requiring long-term management,Metabolic imbalance,2,0
Metabolic Dermatologic Disorder 180,Metabolic Dermatologic Disorder 180 affects related physiological systems and may present with characteristic symptom clusters.,4,2,4,Potentially severe if untreated,Neurological complications,1,3
Acute Hematologic Disorder 181,Acute Hematologic Disorder 181 affects related physiological systems and may present with characteristic symptom clusters.,0,7,1,Acute onset may resolve with care,Organ dysfunction,0,2
Chronic Hematologic Disorder 182,Chronic Hematologic Disorder 182 affects related physiological systems and may present with characteristic symptom clusters.,6,3,2,Progressive condition needing monitoring,Secondary infection,2,1
Autoimmune Hematologic Disorder 183,Autoimmune Hematologic Disorder 183 affects related physiological systems and may present with characteristic symptom clusters.,5,6,3,Chronic condition requiring long-term management,Inflammation complications,1,0
Idiopathic Hematologic Disorder 184,Idiopathic Hematologic Disorder 184 affects related physiological systems and may present with characteristic symptom clusters.,2,0,4,Potentially severe if untreated,Metabolic imbalance,0,3
Primary Hematologic Disorder 185,Primary Hematologic Disorder 185 affects related physiological systems and may present with characteristic symptom clusters.,7,4,1,Acute onset may resolve with care,Neurological complications,2,2
Secondary Hematologic Disorder 186,Secondary Hematologic Disorder 186 affects related physiological systems and may present with characteristic symptom clusters.,1,1,2,Progressive condition needing monitoring,Organ dysfunction,1,1
Progressive Hematologic Disorder 187,Progressive Hematologic Disorder 187 affects related physiological systems and may present with characteristic symptom clusters.,3,5,3,Chronic condition requiring long-term management,Secondary infection,0,0
Congenital Hematologic Disorder 188,Congenital Hematologic Disorder 188 affects related physiological systems and may present with characteristic symptom clusters.,4,2,4,Potentially severe if untreated,Inflammation complications,2,3
Inflammatory Hematologic Disorder 189,Inflammatory Hematologic Disorder 189 affects related physiological systems and may present with characteristic symptom clusters.,0,7,1,Acute onset may resolve with care,Metabolic imbalance,1,2
Metabolic Hematologic Disorder 190,Metabolic Hematologic Disorder 190 affects related physiological systems and may present with characteristic symptom clusters.,6,3,2,Progressive condition needing monitoring,Neurological complications,0,1
Acute Musculoskeletal Disorder 191,Acute Musculoskeletal Disorder 191 affects related physiological systems and may present with characteristic symptom clusters.,5,6,3,Chronic condition requiring long-term management,Organ dysfunction,2,0
Chronic Musculoskeletal Disorder 192,Chronic Musculoskeletal Disorder 192 affects related physiological systems and may present with characteristic symptom clusters.,2,0,4,Potentially severe if untreated,Secondary infection,1,3
Autoimmune Musculoskeletal Disorder 193,Autoimmune Musculoskeletal Disorder 193 affects related physiological systems and may present with characteristic symptom clusters.,7,4,1,Acute onset may resolve with care,Inflammation complications,0,2
Idiopathic Musculoskeletal Disorder 194,Idiopathic Musculoskeletal Disorder 194 affects related physiological systems and may present with characteristic symptom clusters.,1,1,2,Progressive condition needing monitoring,Metabolic imbalance,2,1
Primary Musculoskeletal Disorder 195,Primary Musculoskeletal Disorder 195 affects related physiological systems and may present with characteristic symptom clusters.,3,5,3,Chronic condition requiring long-term management,Neurological complications,1,0
Secondary Musculoskeletal Disorder 196,Secondary Musculoskeletal Disorder 196 affects related physiological systems and may present with characteristic symptom clusters.,4,2,4,Potentially severe if untreated,Organ dysfunction,0,3
Progressive Musculoskeletal Disorder 197,Progressive Musculoskeletal Disorder 197 affects related physiological systems and may present with characteristic symptom clusters.,0,7,1,Acute onset may resolve with care,Secondary infection,2,2
Congenital Musculoskeletal Disorder 198,Congenital Musculoskeletal Disorder 198 affects related physiological systems and may present with characteristic symptom clusters.,6,3,2,Progressive condition needing monitoring,Inflammation complications,1,1
Inflammatory Musculoskeletal Disorder 199,Inflammatory Musculoskeletal Disorder 199 affects related physiological systems and may present with characteristic symptom clusters.,5,6,3,Chronic condition requiring long-term management,Metabolic imbalance,0,0
Metabolic Musculoskeletal Disorder 200,Metabolic Musculoskeletal Disorder 200 affects related physiological systems and may present with characteristic symptom clusters.,2,0,4,Potentially severe if untreated,Neurological complications,2,3
Acute Respiratory Disease 201,Acute Respiratory Disease 201 affects related physiological systems and may present with characteristic symptom clusters.,7,4,1,Acute onset may resolve with care,Organ dysfunction,1,2
Chronic Respiratory Disease 202,Chronic Respiratory Disease 202 affects related physiological systems and may present with characteristic symptom clusters.,1,1,2,Progressive condition needing monitoring,Secondary infection,0,1
Autoimmune Respiratory Disease 203,Autoimmune Respiratory Disease 203 affects related physiological systems and may present with characteristic symptom clusters.,3,5,3,Chronic condition requiring long-term management,Inflammation complications,2,0
Idiopathic Respiratory Disease 204,Idiopathic Respiratory Disease 204 affects related physiological systems and may present with characteristic symptom clusters.,4,2,4,Potentially severe if untreated,Metabolic imbalance,1,3
Primary Respiratory Disease 205,Primary Respiratory Disease 205 affects related physiological systems and may present with characteristic symptom clusters.,0,7,1,Acute onset may resolve with care,Neurological complications,0,2
Secondary Respiratory Disease 206,Secondary Respiratory Disease 206 affects related physiological systems and may present with characteristic symptom clusters.,6,3,2,Progressive condition needing monitoring,Organ dysfunction,2,1
Progressive Respiratory Disease 207,Progressive Respiratory Disease 207 affects related physiological systems and may present with characteristic symptom clusters.,5,6,3,Chronic condition requiring long-term management,Secondary infection,1,0
Congenital Respiratory Disease 208,Congenital Respiratory Disease 208 affects related physiological systems and may present with characteristic symptom clusters.,2,0,4,Potentially severe if untreated,Inflammation complications,0,3
Inflammatory Respiratory Disease 209,Inflammatory Respiratory Disease 209 affects related physiological systems and may present with characteristic symptom clusters.,7,4,1,Acute onset may resolve with care,Metabolic imbalance,2,2
Metabolic Respiratory Disease 210,Metabolic Respiratory Disease 210 affects related physiological systems and may present with characteristic symptom clusters.,1,1,2,Progressive condition needing monitoring,Neurological complications,1,1
Acute Cardiac Disease 211,Acute Cardiac Disease 211 affects related physiological systems and may present with characteristic symptom clusters.,3,5,3,Chronic condition requiring long-term management,Organ dysfunction,0,0
Chronic Cardiac Disease 212,Chronic Cardiac Disease 212 affects related physiological systems and may present with characteristic symptom clusters.,4,2,4,Potentially severe if untreated,Secondary infection,2,3
Autoimmune Cardiac Disease 213,Autoimmune Cardiac Disease 213 affects related physiological systems and may present with characteristic symptom clusters.,0,7,1,Acute onset may resolve with care,Inflammation complications,1,2
Idiopathic Cardiac Disease 214,Idiopathic Cardiac Disease 214 affects related physiological systems and may present with characteristic symptom clusters.,6,3,2,Progressive condition needing monitoring,Metabolic imbalance,0,1
Primary Cardiac Disease 215,Primary Cardiac Disease 215 affects related physiological systems and may present with characteristic symptom clusters.,5,6,3,Chronic condition requiring long-term management,Neurological complications,2,0
Secondary Cardiac Disease 216,Secondary Cardiac Disease 216 affects related physiological systems and may present with characteristic symptom clusters.,2,0,4,Potentially severe if untreated,Organ dysfunction,1,3
Progressive Cardiac Disease 217,Progressive Cardiac Disease 217 affects related physiological systems and may present with characteristic symptom clusters.,7,4,1,Acute onset may resolve with care,Secondary infection,0,2
Congenital Cardiac Disease 218,Congenital Cardiac Disease 218 affects related physiological systems and may present with characteristic symptom clusters.,1,1,2,Progressive condition needing monitoring,Inflammation complications,2,1
Inflammatory Cardiac Disease 219,Inflammatory Cardiac Disease 219 affects related physiological systems and may present with characteristic symptom clusters.,3,5,3,Chronic condition requiring long-term management,Metabolic imbalance,1,0
Metabolic Cardiac Disease 220,Metabolic Cardiac Disease 220 affects related physiological systems and may present with characteristic symptom clusters.,4,2,4,Potentially severe if untreated,Neurological complications,0,3
Acute Neurological Disease 221,Acute Neurological Disease 221 affects related physiological systems and may present with characteristic symptom clusters.,0,7,1,Acute onset may resolve with care,Organ dysfunction,2,2
Chronic Neurological Disease 222,Chronic Neurological Disease 222 affects related physiological systems and may present with characteristic symptom clusters.,6,3,2,Progressive condition needing monitoring,Secondary infection,1,1
Autoimmune Neurological Disease 223,Autoimmune Neurological Disease 223 affects related physiological systems and may present with characteristic symptom clusters.,5,6,3,Chronic condition requiring long-term management,Inflammation complications,0,0
Idiopathic Neurological Disease 224,Idiopathic Neurological Disease 224 affects related physiological systems and may present with characteristic symptom clusters.,2,0,4,Potentially severe if untreated,Metabolic imbalance,2,3
Primary Neurological Disease 225,Primary Neurological Disease 225 affects related physiological systems and may present with characteristic symptom clusters.,7,4,1,Acute onset may resolve with care,Neurological complications,1,2
Secondary Neurological Disease 226,Secondary Neurological Disease 226 affects related physiological systems and may present with characteristic symptom clusters.,1,1,2,Progressive condition needing monitoring,Organ dysfunction,0,1
Progressive Neurological Disease 227,Progressive Neurological Disease 227 affects related physiological systems and may present with characteristic symptom clusters.,3,5,3,Chronic condition requiring long-term management,Secondary infection,2,0
Congenital Neurological Disease 228,Congenital Neurological Disease 228 affects related physiological systems and may present with characteristic symptom clusters.,4,2,4,Potentially severe if untreated,Inflammation complications,1,3
Inflammatory Neurological Disease 229,Inflammatory Neurological Disease 229 affects related physiological systems and may present with characteristic symptom clusters.,0,7,1,Acute onset may resolve with care,Metabolic imbalance,0,2
Metabolic Neurological Disease 230,Metabolic Neurological Disease 230 affects related physiological systems and may present with characteristic symptom clusters.,6,3,2,Progressive condition needing monitoring,Neurological complications,2,1
Acute Renal Disease 231,Acute Renal Disease 231 affects related physiological systems and may present with characteristic symptom clusters.,5,6,3,Chronic condition requiring long-term management,Organ dysfunction,1,0
Chronic Renal Disease 232,Chronic Renal Disease 232 affects related physiological systems and may present with characteristic symptom clusters.,2,0,4,Potentially severe if untreated,Secondary infection,0,3
Autoimmune Renal Disease 233,Autoimmune Renal Disease 233 affects related physiological systems and may present with characteristic symptom clusters.,7,4,1,Acute onset may resolve with care,Inflammation complications,2,2
Idiopathic Renal Disease 234,Idiopathic Renal Disease 234 affects related physiological systems and may present with characteristic symptom clusters.,1,1,2,Progressive condition needing monitoring,Metabolic imbalance,1,1
Primary Renal Disease 235,Primary Renal Disease 235 affects related physiological systems and may present with characteristic symptom clusters.,3,5,3,Chronic condition requiring long-term management,Neurological complications,0,0
Secondary Renal Disease 236,Secondary Renal Disease 236 affects related physiological systems and may present with characteristic symptom clusters.,4,2,4,Potentially severe if untreated,Organ dysfunction,2,3
Progressive Renal Disease 237,Progressive Renal Disease 237 affects related physiological systems and may present with characteristic symptom clusters.,0,7,1,Acute onset may resolve with care,Secondary infection,1,2
Congenital Renal Disease 238,Congenital Renal Disease 238 affects related physiological systems and may present with characteristic symptom clusters.,6,3,2,Progressive condition needing monitoring,Inflammation complications,0,1
Inflammatory Renal Disease 239,Inflammatory Renal Disease 239 affects related physiological systems and may present with characteristic symptom clusters.,5,6,3,Chronic condition requiring long-term management,Metabolic imbalance,2,0
Metabolic Renal Disease 240,Metabolic Renal Disease 240 affects related physiological systems and may present with characteristic symptom clusters.,2,0,4,Potentially severe if untreated,Neurological complications,1,3
Acute Hepatic Disease 241,Acute Hepatic Disease 241 affects related physiological systems and may present with characteristic symptom clusters.,7,4,1,Acute onset may resolve with care,Organ dysfunction,0,2
Chronic Hepatic Disease 242,Chronic Hepatic Disease 242 affects related physiological systems and may present with characteristic symptom clusters.,1,1,2,Progressive condition needing monitoring,Secondary infection,2,1
Autoimmune Hepatic Disease 243,Autoimmune Hepatic Disease 243 affects related physiological systems and may present with characteristic symptom clusters.,3,5,3,Chronic condition requiring long-term management,Inflammation complications,1,0
Idiopathic Hepatic Disease 244,Idiopathic Hepatic Disease 244 affects related physiological systems and may present with characteristic symptom clusters.,4,2,4,Potentially severe if untreated,Metabolic imbalance,0,3
Primary Hepatic Disease 245,Primary Hepatic Disease 245 affects related physiological systems and may present with characteristic symptom clusters.,0,7,1,Acute onset may resolve with care,Neurological complications,2,2
Secondary Hepatic Disease 246,Secondary Hepatic Disease 246 affects related physiological systems and may present with characteristic symptom clusters.,6,3,2,Progressive condition needing monitoring,Organ dysfunction,1,1
Progressive Hepatic Disease 247,Progressive Hepatic Disease 247 affects related physiological systems and may present with characteristic symptom clusters.,5,6,3,Chronic condition requiring long-term management,Secondary infection,0,0
Congenital Hepatic Disease 248,Congenital Hepatic Disease 248 affects related physiological systems and may present with characteristic symptom clusters.,2,0,4,Potentially severe if untreated,Inflammation complications,2,3
Inflammatory Hepatic Disease 249,Inflammatory Hepatic Disease 249 affects related physiological systems and may present with characteristic symptom clusters.,7,4,1,Acute onset may resolve with care,Metabolic imbalance,1,2
Metabolic Hepatic Disease 250,Metabolic Hepatic Disease 250 affects related physiological systems and may present with characteristic symptom clusters.,1,1,2,Progressive condition needing monitoring,Neurological complications,0,1
Acute Endocrine Disease 251,Acute Endocrine Disease 251 affects related physiological systems and may present with characteristic symptom clusters.,3,5,3,Chronic condition requiring long-term management,Organ dysfunction,2,0
Chronic Endocrine Disease 252,Chronic Endocrine Disease 252 affects related physiological systems and may present with characteristic symptom clusters.,4,2,4,Potentially severe if untreated,Secondary infection,1,3
Autoimmune Endocrine Disease 253,Autoimmune Endocrine Disease 253 affects related physiological systems and may present with characteristic symptom clusters.,0,7,1,Acute onset may resolve with care,Inflammation complications,0,2
Idiopathic Endocrine Disease 254,Idiopathic Endocrine Disease 254 affects related physiological systems and may present with characteristic symptom clusters.,6,3,2,Progressive condition needing monitoring,Metabolic imbalance,2,1
Primary Endocrine Disease 255,Primary Endocrine Disease 255 affects related physiological systems and may present with characteristic symptom clusters.,5,6,3,Chronic condition requiring long-term management,Neurological complications,1,0
Secondary Endocrine Disease 256,Secondary Endocrine Disease 256 affects related physiological systems and may present with characteristic symptom clusters.,2,0,4,Potentially severe if untreated,Organ dysfunction,0,3
Progressive Endocrine Disease 257,Progressive Endocrine Disease 257 affects related physiological systems and may present with characteristic symptom clusters.,7,4,1,Acute onset may resolve with care,Secondary infection,2,2
Congenital Endocrine Disease 258,Congenital Endocrine Disease 258 affects related physiological systems and may present with characteristic symptom clusters.,1,1,2,Progressive condition needing monitoring,Inflammation complications,1,1
Inflammatory Endocrine Disease 259,Inflammatory Endocrine Disease 259 affects related physiological systems and may present with characteristic symptom clusters.,3,5,3,Chronic condition requiring long-term management,Metabolic imbalance,0,0
Metabolic Endocrine Disease 260,Metabolic Endocrine Disease 260 affects related physiological systems and may present with characteristic symptom clusters.,4,2,4,Potentially severe if untreated,Neurological complications,2,3
Acute Gastro Disease 261,Acute Gastro Disease 261 affects related physiological systems and may present with characteristic symptom clusters.,0,7,1,Acute onset may resolve with care,Organ dysfunction,1,2
Chronic Gastro Disease 262,Chronic Gastro Disease 262 affects related physiological systems and may present with characteristic symptom clusters.,6,3,2,Progressive condition needing monitoring,Secondary infection,0,1
Autoimmune Gastro Disease 263,Autoimmune Gastro Disease 263 affects related physiological systems and may present with characteristic symptom clusters.,5,6,3,Chronic condition requiring long-term management,Inflammation complications,2,0
Idiopathic Gastro Disease 264,Idiopathic Gastro Disease 264 affects related physiological systems and may present with characteristic symptom clusters.,2,0,4,Potentially severe if untreated,Metabolic imbalance,1,3
Primary Gastro Disease 265,Primary Gastro Disease 265 affects related physiological systems and may present with characteristic symptom clusters.,7,4,1,Acute onset may resolve with care,Neurological complications,0,2
Secondary Gastro Disease 266,Secondary Gastro Disease 266 affects related physiological systems and may present with characteristic symptom clusters.,1,1,2,Progressive condition needing monitoring,Organ dysfunction,2,1
Progressive Gastro Disease 267,Progressive Gastro Disease 267 affects related physiological systems and may present with characteristic symptom clusters.,3,5,3,Chronic condition requiring long-term management,Secondary infection,1,0
Congenital Gastro Disease 268,Congenital Gastro Disease 268 affects related physiological systems and may present with characteristic symptom clusters.,4,2,4,Potentially severe if untreated,Inflammation complications,0,3
Inflammatory Gastro Disease 269,Inflammatory Gastro Disease 269 affects related physiological systems and may present with characteristic symptom clusters.,0,7,1,Acute onset may resolve with care,Metabolic imbalance,2,2
Metabolic Gastro Disease 270,Metabolic Gastro Disease 270 affects related physiological systems and may present with characteristic symptom clusters.,6,3,2,Progressive condition needing monitoring,Neurological complications,1,1
Acute Dermatologic Disease 271,Acute Dermatologic Disease 271 affects related physiological systems and may present with characteristic symptom clusters.,5,6,3,Chronic condition requiring long-term management,Organ dysfunction,0,0
Chronic Dermatologic Disease 272,Chronic Dermatologic Disease 272 affects related physiological systems and may present with characteristic symptom clusters.,2,0,4,Potentially severe if untreated,Secondary infection,2,3
Autoimmune Dermatologic Disease 273,Autoimmune Dermatologic Disease 273 affects related physiological systems and may present with characteristic symptom clusters.,7,4,1,Acute onset may resolve with care,Inflammation complications,1,2
Idiopathic Dermatologic Disease 274,Idiopathic Dermatologic Disease 274 affects related physiological systems and may present with characteristic symptom clusters.,1,1,2,Progressive condition needing monitoring,Metabolic imbalance,0,1
Primary Dermatologic Disease 275,Primary Dermatologic Disease 275 affects related physiological systems and may present with characteristic symptom clusters.,3,5,3,Chronic condition requiring long-term management,Neurological complications,2,0
Secondary Dermatologic Disease 276,Secondary Dermatologic Disease 276 affects related physiological systems and may present with characteristic symptom clusters.,4,2,4,Potentially severe if untreated,Organ dysfunction,1,3
Progressive Dermatologic Disease 277,Progressive Dermatologic Disease 277 affects related physiological systems and may present with characteristic symptom clusters.,0,7,1,Acute onset may resolve with care,Secondary infection,0,2
Congenital Dermatologic Disease 278,Congenital Dermatologic Disease 278 affects related physiological systems and may present with characteristic symptom clusters.,6,3,2,Progressive condition needing monitoring,Inflammation complications,2,1
Inflammatory Dermatologic Disease 279,Inflammatory Dermatologic Disease 279 affects related physiological systems and may present with characteristic symptom clusters.,5,6,3,Chronic condition requiring long-term management,Metabolic imbalance,1,0
Metabolic Dermatologic Disease 280,Metabolic Dermatologic Disease 280 affects related physiological systems and may present with characteristic symptom clusters.,2,0,4,Potentially severe if untreated,Neurological complications,0,3
Acute Hematologic Disease 281,Acute Hematologic Disease 281 affects related physiological systems and may present with characteristic symptom clusters.,7,4,1,Acute onset may resolve with care,Organ dysfunction,2,2
Chronic Hematologic Disease 282,Chronic Hematologic Disease 282 affects related physiological systems and may present with characteristic symptom clusters.,1,1,2,Progressive condition needing monitoring,Secondary infection,1,1
Autoimmune Hematologic Disease 283,Autoimmune Hematologic Disease 283 affects related physiological systems and may present with characteristic symptom clusters.,3,5,3,Chronic condition requiring long-term management,Inflammation complications,0,0
Idiopathic Hematologic Disease 284,Idiopathic Hematologic Disease 284 affects related physiological systems and may present with characteristic symptom clusters.,4,2,4,Potentially severe if untreated,Metabolic imbalance,2,3
Primary Hematologic Disease 285,Primary Hematologic Disease 285 affects related physiological systems and may present with characteristic symptom clusters.,0,7,1,Acute onset may resolve with care,Neurological complications,1,2
Secondary Hematologic Disease 286,Secondary Hematologic Disease 286 affects related physiological systems and may present with characteristic symptom clusters.,6,3,2,Progressive condition needing monitoring,Organ dysfunction,0,1
Progressive Hematologic Disease 287,Progressive Hematologic Disease 287 affects related physiological systems and may present with characteristic symptom clusters.,5,6,3,Chronic condition requiring long-term management,Secondary infection,2,0
Congenital Hematologic Disease 288,Congenital Hematologic Disease 288 affects related physiological systems and may present with characteristic symptom clusters.,2,0,4,Potentially severe if untreated,Inflammation complications,1,3
Inflammatory Hematologic Disease 289,Inflammatory Hematologic Disease 289 affects related physiological systems and may present with characteristic symptom clusters.,7,4,1,Acute onset may resolve with care,Metabolic imbalance,0,2
Metabolic Hematologic Disease 290,Metabolic Hematologic Disease 290 affects related physiological systems and may present with characteristic symptom clusters.,1,1,2,Progressive condition needing monitoring,Neurological complications,2,1
Acute Musculoskeletal Disease 291,Acute Musculoskeletal Disease 291 affects related physiological systems and may present with characteristic symptom clusters.,3,5,3,Chronic condition requiring long-term management,Organ dysfunction,1,0
Chronic Musculoskeletal Disease 292,Chronic Musculoskeletal Disease 292 affects related physiological systems and may present with characteristic symptom clusters.,4,2,4,Potentially severe if untreated,Secondary infection,0,3
Autoimmune Musculoskeletal Disease 293,Autoimmune Musculoskeletal Disease 293 affects related physiological systems and may present with characteristic symptom clusters.,0,7,1,Acute onset may resolve with care,Inflammation complications,2,2
Idiopathic Musculoskeletal Disease 294,Idiopathic Musculoskeletal Disease 294 affects related physiological systems and may present with characteristic symptom clusters.,6,3,2,Progressive condition needing monitoring,Metabolic imbalance,1,1
Primary Musculoskeletal Disease 295,Primary Musculoskeletal Disease 295 affects related physiological systems and may present with characteristic symptom clusters.,5,6,3,Chronic condition requiring long-term management,Neurological complications,0,0
Secondary Musculoskeletal Disease 296,Secondary Musculoskeletal Disease 296 affects related physiological systems and may present with characteristic symptom clusters.,2,0,4,Potentially severe if untreated,Organ dysfunction,2,3
Progressive Musculoskeletal Disease 297,Progressive Musculoskeletal Disease 297 affects related physiological systems and may present with characteristic symptom clusters.,7,4,1,Acute onset may resolve with care,Secondary infection,1,2
Congenital Musculoskeletal Disease 298,Congenital Musculoskeletal Disease 298 affects related physiological systems and may present with characteristic symptom clusters.,1,1,2,Progressive condition needing monitoring,Inflammation complications,0,1
Inflammatory Musculoskeletal Disease 299,Inflammatory Musculoskeletal Disease 299 affects related physiological systems and may present with characteristic symptom clusters.,3,5,3,Chronic condition requiring long-term management,Metabolic imbalance,2,0
Metabolic Musculoskeletal Disease 300,Metabolic Musculoskeletal Disease 300 affects related physiological systems and may present with characteristic symptom clusters.,4,2,4,Potentially severe if untreated,Neurological complications,1,3
Acute Respiratory Condition 301,Acute Respiratory Condition 301 affects related physiological systems and may present with characteristic symptom clusters.,0,7,1,Acute onset may resolve with care,Organ dysfunction,0,2
Chronic Respiratory Condition 302,Chronic Respiratory Condition 302 affects related physiological systems and may present with characteristic symptom clusters.,6,3,2,Progressive condition needing monitoring,Secondary infection,2,1
Autoimmune Respiratory Condition 303,Autoimmune Respiratory Condition 303 affects related physiological systems and may present with characteristic symptom clusters.,5,6,3,Chronic condition requiring long-term management,Inflammation complications,1,0
Idiopathic Respiratory Condition 304,Idiopathic Respiratory Condition 304 affects related physiological systems and may present with characteristic symptom clusters.,2,0,4,Potentially severe if untreated,Metabolic imbalance,0,3
Primary Respiratory Condition 305,Primary Respiratory Condition 305 affects related physiological systems and may present with characteristic symptom clusters.,7,4,1,Acute onset may resolve with care,Neurological complications,2,2
Secondary Respiratory Condition 306,Secondary Respiratory Condition 306 affects related physiological systems and may present with characteristic symptom clusters.,1,1,2,Progressive condition needing monitoring,Organ dysfunction,1,1
Progressive Respiratory Condition 307,Progressive Respiratory Condition 307 affects related physiological systems and may present with characteristic symptom clusters.,3,5,3,Chronic condition requiring long-term management,Secondary infection,0,0
Congenital Respiratory Condition 308,Congenital Respiratory Condition 308 affects related physiological systems and may present with characteristic symptom clusters.,4,2,4,Potentially severe if untreated,Inflammation complications,2,3
Inflammatory Respiratory Condition 309,Inflammatory Respiratory Condition 309 affects related physiological systems and may present with characteristic symptom clusters.,0,7,1,Acute onset may resolve with care,Metabolic imbalance,1,2
Metabolic Respiratory Condition 310,Metabolic Respiratory Condition 310 affects related physiological systems and may present with characteristic symptom clusters.,6,3,2,Progressive condition needing monitoring,Neurological complications,0,1
Acute Cardiac Condition 311,Acute Cardiac Condition 311 affects related physiological systems and may present with characteristic symptom clusters.,5,6,3,Chronic condition requiring long-term management,Organ dysfunction,2,0
Chronic Cardiac Condition 312,Chronic Cardiac Condition 312 affects related physiological systems and may present with characteristic symptom clusters.,2,0,4,Potentially severe if untreated,Secondary infection,1,3
Autoimmune Cardiac Condition 313,Autoimmune Cardiac Condition 313 affects related physiological systems and may present with characteristic symptom clusters.,7,4,1,Acute onset may resolve with care,Inflammation complications,0,2
Idiopathic Cardiac Condition 314,Idiopathic Cardiac Condition 314 affects related physiological systems and may present with characteristic symptom clusters.,1,1,2,Progressive condition needing monitoring,Metabolic imbalance,2,1
Primary Cardiac Condition 315,Primary Cardiac Condition 315 affects related physiological systems and may present with characteristic symptom clusters.,3,5,3,Chronic condition requiring long-term management,Neurological complications,1,0
Secondary Cardiac Condition 316,Secondary Cardiac Condition 316 affects related physiological systems and may present with characteristic symptom clusters.,4,2,4,Potentially severe if untreated,Organ dysfunction,0,3
Progressive Cardiac Condition 317,Progressive Cardiac Condition 317 affects related physiological systems and may present with characteristic symptom clusters.,0,7,1,Acute onset may resolve with care,Secondary infection,2,2
Congenital Cardiac Condition 318,Congenital Cardiac Condition 318 affects related physiological systems and may present with characteristic symptom clusters.,6,3,2,Progressive condition needing monitoring,Inflammation complications,1,1
Inflammatory Cardiac Condition 319,Inflammatory Cardiac Condition 319 affects related physiological systems and may present with characteristic symptom clusters.,5,6,3,Chronic condition requiring long-term management,Metabolic imbalance,0,0
Metabolic Cardiac Condition 320,Metabolic Cardiac Condition 320 affects related physiological systems and may present with characteristic symptom clusters.,2,0,4,Potentially severe if untreated,Neurological complications,2,3
Acute Neurological Condition 321,Acute Neurological Condition 321 affects related physiological systems and may present with characteristic symptom clusters.,7,4,1,Acute onset may resolve with care,Organ dysfunction,1,2
Chronic Neurological Condition 322,Chronic Neurological Condition 322 affects related physiological systems and may present with characteristic symptom clusters.,1,1,2,Progressive condition needing monitoring,Secondary infection,0,1
Autoimmune Neurological Condition 323,Autoimmune Neurological Condition 323 affects related physiological systems and may present with characteristic symptom clusters.,3,5,3,Chronic condition requiring long-term management,Inflammation complications,2,0
Idiopathic Neurological Condition 324,Idiopathic Neurological Condition 324 affects related physiological systems and may present with characteristic symptom clusters.,4,2,4,Potentially severe if untreated,Metabolic imbalance,1,3
Primary Neurological Condition 325,Primary Neurological Condition 325 affects related physiological systems and may present with characteristic symptom clusters.,0,7,1,Acute onset may resolve with care,Neurological complications,0,2
Secondary Neurological Condition 326,Secondary Neurological Condition 326 affects related physiological systems and may present with characteristic symptom clusters.,6,3,2,Progressive condition needing monitoring,Organ dysfunction,2,1
Progressive Neurological Condition 327,Progressive Neurological Condition 327 affects related physiological systems and may present with characteristic symptom clusters.,5,6,3,Chronic condition requiring long-term management,Secondary infection,1,0
Congenital Neurological Condition 328,Congenital Neurological Condition 328 affects related physiological systems and may present with characteristic symptom clusters.,2,0,4,Potentially severe if untreated,Inflammation complications,0,3
Inflammatory Neurological Condition 329,Inflammatory Neurological Condition 329 affects related physiological systems and may present with characteristic symptom clusters.,7,4,1,Acute onset may resolve with care,Metabolic imbalance,2,2
Metabolic Neurological Condition 330,Metabolic Neurological Condition 330 affects related physiological systems and may present with characteristic symptom clusters.,1,1,2,Progressive condition needing monitoring,Neurological complications,1,1
Acute Renal Condition 331,Acute Renal Condition 331 affects related physiological systems and may present with characteristic symptom clusters.,3,5,3,Chronic condition requiring long-term management,Organ dysfunction,0,0
Chronic Renal Condition 332,Chronic Renal Condition 332 affects related physiological systems and may present with characteristic symptom clusters.,4,2,4,Potentially severe if untreated,Secondary infection,2,3
Autoimmune Renal Condition 333,Autoimmune Renal Condition 333 affects related physiological systems and may present with characteristic symptom clusters.,0,7,1,Acute onset may resolve with care,Inflammation complications,1,2
Idiopathic Renal Condition 334,Idiopathic Renal Condition 334 affects related physiological systems and may present with characteristic symptom clusters.,6,3,2,Progressive condition needing monitoring,Metabolic imbalance,0,1
Primary Renal Condition 335,Primary Renal Condition 335 affects related physiological systems and may present with characteristic symptom clusters.,5,6,3,Chronic condition requiring long-term management,Neurological complications,2,0
Secondary Renal Condition 336,Secondary Renal Condition 336 affects related physiological systems and may present with characteristic symptom clusters.,2,0,4,Potentially severe if untreated,Organ dysfunction,1,3
Progressive Renal Condition 337,Progressive Renal Condition 337 affects related physiological systems and may present with characteristic symptom clusters.,7,4,1,Acute onset may resolve with care,Secondary infection,0,2
Congenital Renal Condition 338,Congenital Renal Condition 338 affects related physiological systems and may present with characteristic symptom clusters.,1,1,2,Progressive condition needing monitoring,Inflammation complications,2,1
Inflammatory Renal Condition 339,Inflammatory Renal Condition 339 affects related physiological systems and may present with characteristic symptom clusters.,3,5,3,Chronic condition requiring long-term management,Metabolic imbalance,1,0
Metabolic Renal Condition 340,Metabolic Renal Condition 340 affects related physiological systems and may present with characteristic symptom clusters.,4,2,4,Potentially severe if untreated,Neurological complications,0,3
Acute Hepatic Condition 341,Acute Hepatic Condition 341 affects related physiological systems and may present with characteristic symptom clusters.,0,7,1,Acute onset may resolve with care,Organ dysfunction,2,2
Chronic Hepatic Condition 342,Chronic Hepatic Condition 342 affects related physiological systems and may present with characteristic symptom clusters.,6,3,2,Progressive condition needing monitoring,Secondary infection,1,1
Autoimmune Hepatic Condition 343,Autoimmune Hepatic Condition 343 affects related physiological systems and may present with characteristic symptom clusters.,5,6,3,Chronic condition requiring long-term management,Inflammation complications,0,0
Idiopathic Hepatic Condition 344,Idiopathic Hepatic Condition 344 affects related physiological systems and may present with characteristic symptom clusters.,2,0,4,Potentially severe if untreated,Metabolic imbalance,2,3
Primary Hepatic Condition 345,Primary Hepatic Condition 345 affects related physiological systems and may present with characteristic symptom clusters.,7,4,1,Acute onset may resolve with care,Neurological complications,1,2
Secondary Hepatic Condition 346,Secondary Hepatic Condition 346 affects related physiological systems and may present with characteristic symptom clusters.,1,1,2,Progressive condition needing monitoring,Organ dysfunction,0,1
Progressive Hepatic Condition 347,Progressive Hepatic Condition 347 affects related physiological systems and may present with characteristic symptom clusters.,3,5,3,Chronic condition requiring long-term management,Secondary infection,2,0
Congenital Hepatic Condition 348,Congenital Hepatic Condition 348 affects related physiological systems and may present with characteristic symptom clusters.,4,2,4,Potentially severe if untreated,Inflammation complications,1,3
Inflammatory Hepatic Condition 349,Inflammatory Hepatic Condition 349 affects related physiological systems and may present with characteristic symptom clusters.,0,7,1,Acute onset may resolve with care,Metabolic imbalance,0,2
Metabolic Hepatic Condition 350,Metabolic Hepatic Condition 350 affects related physiological systems and may present with characteristic symptom clusters.,6,3,2,Progressive condition needing monitoring,Neurological complications,2,1
Acute Endocrine Condition 351,Acute Endocrine Condition 351 affects related physiological systems and may present with characteristic symptom clusters.,5,6,3,Chronic condition requiring long-term management,Organ dysfunction,1,0
Chronic Endocrine Condition 352,Chronic Endocrine Condition 352 affects related physiological systems and may present with characteristic symptom clusters.,2,0,4,Potentially severe if untreated,Secondary infection,0,3
Autoimmune Endocrine Condition 353,Autoimmune Endocrine Condition 353 affects related physiological systems and may present with characteristic symptom clusters.,7,4,1,Acute onset may resolve with care,Inflammation complications,2,2
Idiopathic Endocrine Condition 354,Idiopathic Endocrine Condition 354 affects related physiological systems and may present with characteristic symptom clusters.,1,1,2,Progressive condition needing monitoring,Metabolic imbalance,1,1
Primary Endocrine Condition 355,Primary Endocrine Condition 355 affects related physiological systems and may present with characteristic symptom clusters.,3,5,3,Chronic condition requiring long-term management,Neurological complications,0,0
Secondary Endocrine Condition 356,Secondary Endocrine Condition 356 affects related physiological systems and may present with characteristic symptom clusters.,4,2,4,Potentially severe if untreated,Organ dysfunction,2,3
Progressive Endocrine Condition 357,Progressive Endocrine Condition 357 affects related physiological systems and may present with characteristic symptom clusters.,0,7,1,Acute onset may resolve with care,Secondary infection,1,2
Congenital Endocrine Condition 358,Congenital Endocrine Condition 358 affects related physiological systems and may present with characteristic symptom clusters.,6,3,2,Progressive condition needing monitoring,Inflammation complications,0,1
Inflammatory Endocrine Condition 359,Inflammatory Endocrine Condition 359 affects related physiological systems and may present with characteristic symptom clusters.,5,6,3,Chronic condition requiring long-term management,Metabolic imbalance,2,0
Metabolic Endocrine Condition 360,Metabolic Endocrine Condition 360 affects related physiological systems and may present with characteristic symptom clusters.,2,0,4,Potentially severe if untreated,Neurological complications,1,3
Acute Gastro Condition 361,Acute Gastro Condition 361 affects related physiological systems and may present with characteristic symptom clusters.,7,4,1,Acute onset may resolve with care,Organ dysfunction,0,2
Chronic Gastro Condition 362,Chronic Gastro Condition 362 affects related physiological systems and may present with characteristic symptom clusters.,1,1,2,Progressive condition needing monitoring,Secondary infection,2,1
Autoimmune Gastro Condition 363,Autoimmune Gastro Condition 363 affects related physiological systems and may present with characteristic symptom clusters.,3,5,3,Chronic condition requiring long-term management,Inflammation complications,1,0
Idiopathic Gastro Condition 364,Idiopathic Gastro Condition 364 affects related physiological systems and may present with characteristic symptom clusters.,4,2,4,Potentially severe if untreated,Metabolic imbalance,0,3
Primary Gastro Condition 365,Primary Gastro Condition 365 affects related physiological systems and may present with characteristic symptom clusters.,0,7,1,Acute onset may resolve with care,Neurological complications,2,2
Secondary Gastro Condition 366,Secondary Gastro Condition 366 affects related physiological systems and may present with characteristic symptom clusters.,6,3,2,Progressive condition needing monitoring,Organ dysfunction,1,1
Progressive Gastro Condition 367,Progressive Gastro Condition 367 affects related physiological systems and may present with characteristic symptom clusters.,5,6,3,Chronic condition requiring long-term management,Secondary infection,0,0
Congenital Gastro Condition 368,Congenital Gastro Condition 368 affects related physiological systems and may present with characteristic symptom clusters.,2,0,4,Potentially severe if untreated,Inflammation complications,2,3
Inflammatory Gastro Condition 369,Inflammatory Gastro Condition 369 affects related physiological systems and may present with characteristic symptom clusters.,7,4,1,Acute onset may resolve with care,Metabolic imbalance,1,2
Metabolic Gastro Condition 370,Metabolic Gastro Condition 370 affects related physiological systems and may present with characteristic symptom clusters.,1,1,2,Progressive condition needing monitoring,Neurological complications,0,1
Acute Dermatologic Condition 371,Acute Dermatologic Condition 371 affects related physiological systems and may present with characteristic symptom clusters.,3,5,3,Chronic condition requiring long-term management,Organ dysfunction,2,0
Chronic Dermatologic Condition 372,Chronic Dermatologic Condition 372 affects related physiological systems and may present with characteristic symptom clusters.,4,2,4,Potentially severe if untreated,Secondary infection,1,3
Autoimmune Dermatologic Condition 373,Autoimmune Dermatologic Condition 373 affects related physiological systems and may present with characteristic symptom clusters.,0,7,1,Acute onset may resolve with care,Inflammation complications,0,2
Idiopathic Dermatologic Condition 374,Idiopathic Dermatologic Condition 374 affects related physiological systems and may present with characteristic symptom clusters.,6,3,2,Progressive condition needing monitoring,Metabolic imbalance,2,1
Primary Dermatologic Condition 375,Primary Dermatologic Condition 375 affects related physiological systems and may present with characteristic symptom clusters.,5,6,3,Chronic condition requiring long-term management,Neurological complications,1,0
Secondary Dermatologic Condition 376,Secondary Dermatologic Condition 376 affects related physiological systems and may present with characteristic symptom clusters.,2,0,4,Potentially severe if untreated,Organ dysfunction,0,3
Progressive Dermatologic Condition 377,Progressive Dermatologic Condition 377 affects related physiological systems and may present with characteristic symptom clusters.,7,4,1,Acute onset may resolve with care,Secondary infection,2,2
Congenital Dermatologic Condition 378,Congenital Dermatologic Condition 378 affects related physiological systems and may present with characteristic symptom clusters.,1,1,2,Progressive condition needing monitoring,Inflammation complications,1,1
Inflammatory Dermatologic Condition 379,Inflammatory Dermatologic Condition 379 affects related physiological systems and may present with characteristic symptom clusters.,3,5,3,Chronic condition requiring long-term management,Metabolic imbalance,0,0
Metabolic Dermatologic Condition 380,Metabolic Dermatologic Condition 380 affects related physiological systems and may present with characteristic symptom clusters.,4,2,4,Potentially severe if untreated,Neurological complications,2,3
Acute Hematologic Condition 381,Acute Hematologic Condition 381 affects related physiological systems and may present with characteristic symptom clusters.,0,7,1,Acute onset may resolve with care,Organ dysfunction,1,2
Chronic Hematologic Condition 382,Chronic Hematologic Condition 382 affects related physiological systems and may present with characteristic symptom clusters.,6,3,2,Progressive condition needing monitoring,Secondary infection,0,1
Autoimmune Hematologic Condition 383,Autoimmune Hematologic Condition 383 affects related physiological systems and may present with characteristic symptom clusters.,5,6,3,Chronic condition requiring long-term management,Inflammation complications,2,0
Idiopathic Hematologic Condition 384,Idiopathic Hematologic Condition 384 affects related physiological systems and may present with characteristic symptom clusters.,2,0,4,Potentially severe if untreated,Metabolic imbalance,1,3
Primary Hematologic Condition 385,Primary Hematologic Condition 385 affects related physiological systems and may present with characteristic symptom clusters.,7,4,1,Acute onset may resolve with care,Neurological complications,0,2
Secondary Hematologic Condition 386,Secondary Hematologic Condition 386 affects related physiological systems and may present with characteristic symptom clusters.,1,1,2,Progressive condition needing monitoring,Organ dysfunction,2,1
Progressive Hematologic Condition 387,Progressive Hematologic Condition 387 affects related physiological systems and may present with characteristic symptom clusters.,3,5,3,Chronic condition requiring long-term management,Secondary infection,1,0
Congenital Hematologic Condition 388,Congenital Hematologic Condition 388 affects related physiological systems and may present with characteristic symptom clusters.,4,2,4,Potentially severe if untreated,Inflammation complications,0,3
Inflammatory Hematologic Condition 389,Inflammatory Hematologic Condition 389 affects related physiological systems and may present with characteristic symptom clusters.,0,7,1,Acute onset may resolve with care,Metabolic imbalance,2,2
Metabolic Hematologic Condition 390,Metabolic Hematologic Condition 390 affects related physiological systems and may present with characteristic symptom clusters.,6,3,2,Progressive condition needing monitoring,Neurological complications,1,1
Acute Musculoskeletal Condition 391,Acute Musculoskeletal Condition 391 affects related physiological systems and may present with characteristic symptom clusters.,5,6,3,Chronic condition requiring long-term management,Organ dysfunction,0,0
Chronic Musculoskeletal Condition 392,Chronic Musculoskeletal Condition 392 affects related physiological systems and may present with characteristic symptom clusters.,2,0,4,Potentially severe if untreated,Secondary infection,2,3
Autoimmune Musculoskeletal Condition 393,Autoimmune Musculoskeletal Condition 393 affects related physiological systems and may present with characteristic symptom clusters.,7,4,1,Acute onset may resolve with care,Inflammation complications,1,2
Idiopathic Musculoskeletal Condition 394,Idiopathic Musculoskeletal Condition 394 affects related physiological systems and may present with characteristic symptom clusters.,1,1,2,Progressive condition needing monitoring,Metabolic imbalance,0,1
Primary Musculoskeletal Condition 395,Primary Musculoskeletal Condition 395 affects related physiological systems and may present with characteristic symptom clusters.,3,5,3,Chronic condition requiring long-term management,Neurological complications,2,0
Secondary Musculoskeletal Condition 396,Secondary Musculoskeletal Condition 396 affects related physiological systems and may present with characteristic symptom clusters.,4,2,4,Potentially severe if untreated,Organ dysfunction,1,3
Progressive Musculoskeletal Condition 397,Progressive Musculoskeletal Condition 397 affects related physiological systems and may present with characteristic symptom clusters.,0,7,1,Acute onset may resolve with care,Secondary infection,0,2
Congenital Musculoskeletal Condition 398,Congenital Musculoskeletal Condition 398 affects related physiological systems and may present with characteristic symptom clusters.,6,3,2,Progressive condition needing monitoring,Inflammation complications,2,1
Inflammatory Musculoskeletal Condition 399,Inflammatory Musculoskeletal Condition 399 affects related physiological systems and may present with characteristic symptom clusters.,5,6,3,Chronic condition requiring long-term management,Metabolic imbalance,1,0
Metabolic Musculoskeletal Condition 400,Metabolic Musculoskeletal Condition 400 affects related physiological systems and may present with characteristic symptom clusters.,2,0,4,Potentially severe if untreated,Neurological complications,0,3
Acute Respiratory Failure 401,Acute Respiratory Failure 401 affects related physiological systems and may present with characteristic symptom clusters.,7,4,1,Acute onset may resolve with care,Organ dysfunction,2,2
Chronic Respiratory Failure 402,Chronic Respiratory Failure 402 affects related physiological systems and may present with characteristic symptom clusters.,1,1,2,Progressive condition needing monitoring,Secondary infection,1,1
Autoimmune Respiratory Failure 403,Autoimmune Respiratory Failure 403 affects related physiological systems and may present with characteristic symptom clusters.,3,5,3,Chronic condition requiring long-term management,Inflammation complications,0,0
Idiopathic Respiratory Failure 404,Idiopathic Respiratory Failure 404 affects related physiological systems and may present with characteristic symptom clusters.,4,2,4,Potentially severe if untreated,Metabolic imbalance,2,3
Primary Respiratory Failure 405,Primary Respiratory Failure 405 affects related physiological systems and may present with characteristic symptom clusters.,0,7,1,Acute onset may resolve with care,Neurological complications,1,2
Secondary Respiratory Failure 406,Secondary Respiratory Failure 406 affects related physiological systems and may present with characteristic symptom clusters.,6,3,2,Progressive condition needing monitoring,Organ dysfunction,0,1
Progressive Respiratory Failure 407,Progressive Respiratory Failure 407 affects related physiological systems and may present with characteristic symptom clusters.,5,6,3,Chronic condition requiring long-term management,Secondary infection,2,0
Congenital Respiratory Failure 408,Congenital Respiratory Failure 408 affects related physiological systems and may present with characteristic symptom clusters.,2,0,4,Potentially severe if untreated,Inflammation complications,1,3
Inflammatory Respiratory Failure 409,Inflammatory Respiratory Failure 409 affects related physiological systems and may present with characteristic symptom clusters.,7,4,1,Acute onset may resolve with care,Metabolic imbalance,0,2
Metabolic Respiratory Failure 410,Metabolic Respiratory Failure 410 affects related physiological systems and may present with characteristic symptom clusters.,1,1,2,Progressive condition needing monitoring,Neurological complications,2,1
Acute Cardiac Failure 411,Acute Cardiac Failure 411 affects related physiological systems and may present with characteristic symptom clusters.,3,5,3,Chronic condition requiring long-term management,Organ dysfunction,1,0
Chronic Cardiac Failure 412,Chronic Cardiac Failure 412 affects related physiological systems and may present with characteristic symptom clusters.,4,2,4,Potentially severe if untreated,Secondary infection,0,3
Autoimmune Cardiac Failure 413,Autoimmune Cardiac Failure 413 affects related physiological systems and may present with characteristic symptom clusters.,0,7,1,Acute onset may resolve with care,Inflammation complications,2,2
Idiopathic Cardiac Failure 414,Idiopathic Cardiac Failure 414 affects related physiological systems and may present with characteristic symptom clusters.,6,3,2,Progressive condition needing monitoring,Metabolic imbalance,1,1
Primary Cardiac Failure 415,Primary Cardiac Failure 415 affects related physiological systems and may present with characteristic symptom clusters.,5,6,3,Chronic condition requiring long-term management,Neurological complications,0,0
Secondary Cardiac Failure 416,Secondary Cardiac Failure 416 affects related physiological systems and may present with characteristic symptom clusters.,2,0,4,Potentially severe if untreated,Organ dysfunction,2,3
Progressive Cardiac Failure 417,Progressive Cardiac Failure 417 affects related physiological systems and may present with characteristic symptom clusters.,7,4,1,Acute onset may resolve with care,Secondary infection,1,2
Congenital Cardiac Failure 418,Congenital Cardiac Failure 418 affects related physiological systems and may present with characteristic symptom clusters.,1,1,2,Progressive condition needing monitoring,Inflammation complications,0,1
Inflammatory Cardiac Failure 419,Inflammatory Cardiac Failure 419 affects related physiological systems and may present with characteristic symptom clusters.,3,5,3,Chronic condition requiring long-term management,Metabolic imbalance,2,0
Metabolic Cardiac Failure 420,Metabolic Cardiac Failure 420 affects related physiological systems and may present with characteristic symptom clusters.,4,2,4,Potentially severe if untreated,Neurological complications,1,3
Acute Neurological Failure 421,Acute Neurological Failure 421 affects related physiological systems and may present with characteristic symptom clusters.,0,7,1,Acute onset may resolve with care,Organ dysfunction,0,2
Chronic Neurological Failure 422,Chronic Neurological Failure 422 affects related physiological systems and may present with characteristic symptom clusters.,6,3,2,Progressive condition needing monitoring,Secondary infection,2,1
Autoimmune Neurological Failure 423,Autoimmune Neurological Failure 423 affects related physiological systems and may present with characteristic symptom clusters.,5,6,3,Chronic condition requiring long-term management,Inflammation complications,1,0
Idiopathic Neurological Failure 424,Idiopathic Neurological Failure 424 affects related physiological systems and may present with characteristic symptom clusters.,2,0,4,Potentially severe if untreated,Metabolic imbalance,0,3
Primary Neurological Failure 425,Primary Neurological Failure 425 affects related physiological systems and may present with characteristic symptom clusters.,7,4,1,Acute onset may resolve with care,Neurological complications,2,2
Secondary Neurological Failure 426,Secondary Neurological Failure 426 affects related physiological systems and may present with characteristic symptom clusters.,1,1,2,Progressive condition needing monitoring,Organ dysfunction,1,1
Progressive Neurological Failure 427,Progressive Neurological Failure 427 affects related physiological systems and may present with characteristic symptom clusters.,3,5,3,Chronic condition requiring long-term management,Secondary infection,0,0
Congenital Neurological Failure 428,Congenital Neurological Failure 428 affects related physiological systems and may present with characteristic symptom clusters.,4,2,4,Potentially severe if untreated,Inflammation complications,2,3
Inflammatory Neurological Failure 429,Inflammatory Neurological Failure 429 affects related physiological systems and may present with characteristic symptom clusters.,0,7,1,Acute onset may resolve with care,Metabolic imbalance,1,2
Metabolic Neurological Failure 430,Metabolic Neurological Failure 430 affects related physiological systems and may present with characteristic symptom clusters.,6,3,2,Progressive condition needing monitoring,Neurological complications,0,1
Acute Renal Failure 431,Acute Renal Failure 431 affects related physiological systems and may present with characteristic symptom clusters.,5,6,3,Chronic condition requiring long-term management,Organ dysfunction,2,0
Chronic Renal Failure 432,Chronic Renal Failure 432 affects related physiological systems and may present with characteristic symptom clusters.,2,0,4,Potentially severe if untreated,Secondary infection,1,3
Autoimmune Renal Failure 433,Autoimmune Renal Failure 433 affects related physiological systems and may present with characteristic symptom clusters.,7,4,1,Acute onset may resolve with care,Inflammation complications,0,2
Idiopathic Renal Failure 434,Idiopathic Renal Failure 434 affects related physiological systems and may present with characteristic symptom clusters.,1,1,2,Progressive condition needing monitoring,Metabolic imbalance,2,1
Primary Renal Failure 435,Primary Renal Failure 435 affects related physiological systems and may present with characteristic symptom clusters.,3,5,3,Chronic condition requiring long-term management,Neurological complications,1,0
Secondary Renal Failure 436,Secondary Renal Failure 436 affects related physiological systems and may present with characteristic symptom clusters.,4,2,4,Potentially severe if untreated,Organ dysfunction,0,3
Progressive Renal Failure 437,Progressive Renal Failure 437 affects related physiological systems and may present with characteristic symptom clusters.,0,7,1,Acute onset may resolve with care,Secondary infection,2,2
Congenital Renal Failure 438,Congenital Renal Failure 438 affects related physiological systems and may present with characteristic symptom clusters.,6,3,2,Progressive condition needing monitoring,Inflammation complications,1,1
Inflammatory Renal Failure 439,Inflammatory Renal Failure 439 affects related physiological systems and may present with characteristic symptom clusters.,5,6,3,Chronic condition requiring long-term management,Metabolic imbalance,0,0
Metabolic Renal Failure 440,Metabolic Renal Failure 440 affects related physiological systems and may present with characteristic symptom clusters.,2,0,4,Potentially severe if untreated,Neurological complications,2,3
Acute Hepatic Failure 441,Acute Hepatic Failure 441 affects related physiological systems and may present with characteristic symptom clusters.,7,4,1,Acute onset may resolve with care,Organ dysfunction,1,2
Chronic Hepatic Failure 442,Chronic Hepatic Failure 442 affects related physiological systems and may present with characteristic symptom clusters.,1,1,2,Progressive condition needing monitoring,Secondary infection,0,1
Autoimmune Hepatic Failure 443,Autoimmune Hepatic Failure 443 affects related physiological systems and may present with characteristic symptom clusters.,3,5,3,Chronic condition requiring long-term management,Inflammation complications,2,0
Idiopathic Hepatic Failure 444,Idiopathic Hepatic Failure 444 affects related physiological systems and may present with characteristic symptom clusters.,4,2,4,Potentially severe if untreated,Metabolic imbalance,1,3
Primary Hepatic Failure 445,Primary Hepatic Failure 445 affects related physiological systems and may present with characteristic symptom clusters.,0,7,1,Acute onset may resolve with care,Neurological complications,0,2
Secondary Hepatic Failure 446,Secondary Hepatic Failure 446 affects related physiological systems and may present with characteristic symptom clusters.,6,3,2,Progressive condition needing monitoring,Organ dysfunction,2,1
Progressive Hepatic Failure 447,Progressive Hepatic Failure 447 affects related physiological systems and may present with characteristic symptom clusters.,5,6,3,Chronic condition requiring long-term management,Secondary infection,1,0
Congenital Hepatic Failure 448,Congenital Hepatic Failure 448 affects related physiological systems and may present with characteristic symptom clusters.,2,0,4,Potentially severe if untreated,Inflammation complications,0,3
Inflammatory Hepatic Failure 449,Inflammatory Hepatic Failure 449 affects related physiological systems and may present with characteristic symptom clusters.,7,4,1,Acute onset may resolve with care,Metabolic imbalance,2,2
Metabolic Hepatic Failure 450,Metabolic Hepatic Failure 450 affects related physiological systems and may present with characteristic symptom clusters.,1,1,2,Progressive condition needing monitoring,Neurological complications,1,1
Acute Endocrine Failure 451,Acute Endocrine Failure 451 affects related physiological systems and may present with characteristic symptom clusters.,3,5,3,Chronic condition requiring long-term management,Organ dysfunction,0,0
Chronic Endocrine Failure 452,Chronic Endocrine Failure 452 affects related physiological systems and may present with characteristic symptom clusters.,4,2,4,Potentially severe if untreated,Secondary infection,2,3
Autoimmune Endocrine Failure 453,Autoimmune Endocrine Failure 453 affects related physiological systems and may present with characteristic symptom clusters.,0,7,1,Acute onset may resolve with care,Inflammation complications,1,2
Idiopathic Endocrine Failure 454,Idiopathic Endocrine Failure 454 affects related physiological systems and may present with characteristic symptom clusters.,6,3,2,Progressive condition needing monitoring,Metabolic imbalance,0,1
Primary Endocrine Failure 455,Primary Endocrine Failure 455 affects related physiological systems and may present with characteristic symptom clusters.,5,6,3,Chronic condition requiring long-term management,Neurological complications,2,0
Secondary Endocrine Failure 456,Secondary Endocrine Failure 456 affects related physiological systems and may present with characteristic symptom clusters.,2,0,4,Potentially severe if untreated,Organ dysfunction,1,3
Progressive Endocrine Failure 457,Progressive Endocrine Failure 457 affects related physiological systems and may present with characteristic symptom clusters.,7,4,1,Acute onset may resolve with care,Secondary infection,0,2
Congenital Endocrine Failure 458,Congenital Endocrine Failure 458 affects related physiological systems and may present with characteristic symptom clusters.,1,1,2,Progressive condition needing monitoring,Inflammation complications,2,1
Inflammatory Endocrine Failure 459,Inflammatory Endocrine Failure 459 affects related physiological systems and may present with characteristic symptom clusters.,3,5,3,Chronic condition requiring long-term management,Metabolic imbalance,1,0
Metabolic Endocrine Failure 460,Metabolic Endocrine Failure 460 affects related physiological systems and may present with characteristic symptom clusters.,4,2,4,Potentially severe if untreated,Neurological complications,0,3
Acute Gastro Failure 461,Acute Gastro Failure 461 affects related physiological systems and may present with characteristic symptom clusters.,0,7,1,Acute onset may resolve with care,Organ dysfunction,2,2
Chronic Gastro Failure 462,Chronic Gastro Failure 462 affects related physiological systems and may present with characteristic symptom clusters.,6,3,2,Progressive condition needing monitoring,Secondary infection,1,1
Autoimmune Gastro Failure 463,Autoimmune Gastro Failure 463 affects related physiological systems and may present with characteristic symptom clusters.,5,6,3,Chronic condition requiring long-term management,Inflammation complications,0,0
Idiopathic Gastro Failure 464,Idiopathic Gastro Failure 464 affects related physiological systems and may present with characteristic symptom clusters.,2,0,4,Potentially severe if untreated,Metabolic imbalance,2,3
Primary Gastro Failure 465,Primary Gastro Failure 465 affects related physiological systems and may present with characteristic symptom clusters.,7,4,1,Acute onset may resolve with care,Neurological complications,1,2
Secondary Gastro Failure 466,Secondary Gastro Failure 466 affects related physiological systems and may present with characteristic symptom clusters.,1,1,2,Progressive condition needing monitoring,Organ dysfunction,0,1
Progressive Gastro Failure 467,Progressive Gastro Failure 467 affects related physiological systems and may present with characteristic symptom clusters.,3,5,3,Chronic condition requiring long-term management,Secondary infection,2,0
Congenital Gastro Failure 468,Congenital Gastro Failure 468 affects related physiological systems and may present with characteristic symptom clusters.,4,2,4,Potentially severe if untreated,Inflammation complications,1,3
Inflammatory Gastro Failure 469,Inflammatory Gastro Failure 469 affects related physiological systems and may present with characteristic symptom clusters.,0,7,1,Acute onset may resolve with care,Metabolic imbalance,0,2
Metabolic Gastro Failure 470,Metabolic Gastro Failure 470 affects related physiological systems and may present with characteristic symptom clusters.,6,3,2,Progressive condition needing monitoring,Neurological complications,2,1
Acute Dermatologic Failure 471,Acute Dermatologic Failure 471 affects related physiological systems and may present with characteristic symptom clusters.,5,6,3,Chronic condition requiring long-term management,Organ dysfunction,1,0
Chronic Dermatologic Failure 472,Chronic Dermatologic Failure 472 affects related physiological systems and may present with characteristic symptom clusters.,2,0,4,Potentially severe if untreated,Secondary infection,0,3
Autoimmune Dermatologic Failure 473,Autoimmune Dermatologic Failure 473 affects related physiological systems and may present with characteristic symptom clusters.,7,4,1,Acute onset may resolve with care,Inflammation complications,2,2
Idiopathic Dermatologic Failure 474,Idiopathic Dermatologic Failure 474 affects related physiological systems and may present with characteristic symptom clusters.,1,1,2,Progressive condition needing monitoring,Metabolic imbalance,1,1
Primary Dermatologic Failure 475,Primary Dermatologic Failure 475 affects related physiological systems and may present with characteristic symptom clusters.,3,5,3,Chronic condition requiring long-term management,Neurological complications,0,0
Secondary Dermatologic Failure 476,Secondary Dermatologic Failure 476 affects related physiological systems and may present with characteristic symptom clusters.,4,2,4,Potentially severe if untreated,Organ dysfunction,2,3
Progressive Dermatologic Failure 477,Progressive Dermatologic Failure 477 affects related physiological systems and may present with characteristic symptom clusters.,0,7,1,Acute onset may resolve with care,Secondary infection,1,2
Congenital Dermatologic Failure 478,Congenital Dermatologic Failure 478 affects related physiological systems and may present with characteristic symptom clusters.,6,3,2,Progressive condition needing monitoring,Inflammation complications,0,1
Inflammatory Dermatologic Failure 479,Inflammatory Dermatologic Failure 479 affects related physiological systems and may present with characteristic symptom clusters.,5,6,3,Chronic condition requiring long-term management,Metabolic imbalance,2,0
Metabolic Dermatologic Failure 480,Metabolic Dermatologic Failure 480 affects related physiological systems and may present with characteristic symptom clusters.,2,0,4,Potentially severe if untreated,Neurological complications,1,3
Acute Hematologic Failure 481,Acute Hematologic Failure 481 affects related physiological systems and may present with characteristic symptom clusters.,7,4,1,Acute onset may resolve with care,Organ dysfunction,0,2
Chronic Hematologic Failure 482,Chronic Hematologic Failure 482 affects related physiological systems and may present with characteristic symptom clusters.,1,1,2,Progressive condition needing monitoring,Secondary infection,2,1
Autoimmune Hematologic Failure 483,Autoimmune Hematologic Failure 483 affects related physiological systems and may present with characteristic symptom clusters.,3,5,3,Chronic condition requiring long-term management,Inflammation complications,1,0
Idiopathic Hematologic Failure 484,Idiopathic Hematologic Failure 484 affects related physiological systems and may present with characteristic symptom clusters.,4,2,4,Potentially severe if untreated,Metabolic imbalance,0,3
Primary Hematologic Failure 485,Primary Hematologic Failure 485 affects related physiological systems and may present with characteristic symptom clusters.,0,7,1,Acute onset may resolve with care,Neurological complications,2,2
Secondary Hematologic Failure 486,Secondary Hematologic Failure 486 affects related physiological systems and may present with characteristic symptom clusters.,6,3,2,Progressive condition needing monitoring,Organ dysfunction,1,1
Progressive Hematologic Failure 487,Progressive Hematologic Failure 487 affects related physiological systems and may present with characteristic symptom clusters.,5,6,3,Chronic condition requiring long-term management,Secondary infection,0,0
Congenital Hematologic Failure 488,Congenital Hematologic Failure 488 affects related physiological systems and may present with characteristic symptom clusters.,2,0,4,Potentially severe if untreated,Inflammation complications,2,3
Inflammatory Hematologic Failure 489,Inflammatory Hematologic Failure 489 affects related physiological systems and may present with characteristic symptom clusters.,7,4,1,Acute onset may resolve with care,Metabolic imbalance,1,2
Metabolic Hematologic Failure 490,Metabolic Hematologic Failure 490 affects related physiological systems and may present with characteristic symptom clusters.,1,1,2,Progressive condition needing monitoring,Neurological complications,0,1
Acute Musculoskeletal Failure 491,Acute Musculoskeletal Failure 491 affects related physiological systems and may present with characteristic symptom clusters.,3,5,3,Chronic condition requiring long-term management,Organ dysfunction,2,0
Chronic Musculoskeletal Failure 492,Chronic Musculoskeletal Failure 492 affects related physiological systems and may present with characteristic symptom clusters.,4,2,4,Potentially severe if untreated,Secondary infection,1,3
Autoimmune Musculoskeletal Failure 493,Autoimmune Musculoskeletal Failure 493 affects related physiological systems and may present with characteristic symptom clusters.,0,7,1,Acute onset may resolve with care,Inflammation complications,0,2
Idiopathic Musculoskeletal Failure 494,Idiopathic Musculoskeletal Failure 494 affects related physiological systems and may present with characteristic symptom clusters.,6,3,2,Progressive condition needing monitoring,Metabolic imbalance,2,1
Primary Musculoskeletal Failure 495,Primary Musculoskeletal Failure 495 affects related physiological systems and may present with characteristic symptom clusters.,5,6,3,Chronic condition requiring long-term management,Neurological complications,1,0
Secondary Musculoskeletal Failure 496,Secondary Musculoskeletal Failure 496 affects related physiological systems and may present with characteristic symptom clusters.,2,0,4,Potentially severe if untreated,Organ dysfunction,0,3
Progressive Musculoskeletal Failure 497,Progressive Musculoskeletal Failure 497 affects related physiological systems and may present with characteristic symptom clusters.,7,4,1,Acute onset may resolve with care,Secondary infection,2,2
Congenital Musculoskeletal Failure 498,Congenital Musculoskeletal Failure 498 affects related physiological systems and may present with characteristic symptom clusters.,1,1,2,Progressive condition needing monitoring,Inflammation complications,1,1
Inflammatory Musculoskeletal Failure 499,Inflammatory Musculoskeletal Failure 499 affects related physiological systems and may present with characteristic symptom clusters.,3,5,3,Chronic condition requiring long-term management,Metabolic imbalance,0,0
Metabolic Musculoskeletal Failure 500,Metabolic Musculoskeletal Failure 500 affects related physiological systems and may present with characteristic symptom clusters.,4,2,4,Potentially severe if untreated,Neurological complications,2,3
Acute Respiratory Infection 501,Acute Respiratory Infection 501 affects related physiological systems and may present with characteristic symptom clusters.,0,7,1,Acute onset may resolve with care,Organ dysfunction,1,2
Chronic Respiratory Infection 502,Chronic Respiratory Infection 502 affects related physiological systems and may present with characteristic symptom clusters.,6,3,2,Progressive condition needing monitoring,Secondary infection,0,1
Autoimmune Respiratory Infection 503,Autoimmune Respiratory Infection 503 affects related physiological systems and may present with characteristic symptom clusters.,5,6,3,Chronic condition requiring long-term management,Inflammation complications,2,0
Idiopathic Respiratory Infection 504,Idiopathic Respiratory Infection 504 affects related physiological systems and may present with characteristic symptom clusters.,2,0,4,Potentially severe if untreated,Metabolic imbalance,1,3
Primary Respiratory Infection 505,Primary Respiratory Infection 505 affects related physiological systems and may present with characteristic symptom clusters.,7,4,1,Acute onset may resolve with care,Neurological complications,0,2
Secondary Respiratory Infection 506,Secondary Respiratory Infection 506 affects related physiological systems and may present with characteristic symptom clusters.,1,1,2,Progressive condition needing monitoring,Organ dysfunction,2,1
Progressive Respiratory Infection 507,Progressive Respiratory Infection 507 affects related physiological systems and may present with characteristic symptom clusters.,3,5,3,Chronic condition requiring long-term management,Secondary infection,1,0
Congenital Respiratory Infection 508,Congenital Respiratory Infection 508 affects related physiological systems and may present with characteristic symptom clusters.,4,2,4,Potentially severe if untreated,Inflammation complications,0,3
Inflammatory Respiratory Infection 509,Inflammatory Respiratory Infection 509 affects related physiological systems and may present with characteristic symptom clusters.,0,7,1,Acute onset may resolve with care,Metabolic imbalance,2,2
Metabolic Respiratory Infection 510,Metabolic Respiratory Infection 510 affects related physiological systems and may present with characteristic symptom clusters.,6,3,2,Progressive condition needing monitoring,Neurological complications,1,1
Acute Cardiac Infection 511,Acute Cardiac Infection 511 affects related physiological systems and may present with characteristic symptom clusters.,5,6,3,Chronic condition requiring long-term management,Organ dysfunction,0,0
Chronic Cardiac Infection 512,Chronic Cardiac Infection 512 affects related physiological systems and may present with characteristic symptom clusters.,2,0,4,Potentially severe if untreated,Secondary infection,2,3
Autoimmune Cardiac Infection 513,Autoimmune Cardiac Infection 513 affects related physiological systems and may present with characteristic symptom clusters.,7,4,1,Acute onset may resolve with care,Inflammation complications,1,2
Idiopathic Cardiac Infection 514,Idiopathic Cardiac Infection 514 affects related physiological systems and may present with characteristic symptom clusters.,1,1,2,Progressive condition needing monitoring,Metabolic imbalance,0,1
Primary Cardiac Infection 515,Primary Cardiac Infection 515 affects related physiological systems and may present with characteristic symptom clusters.,3,5,3,Chronic condition requiring long-term management,Neurological complications,2,0
Secondary Cardiac Infection 516,Secondary Cardiac Infection 516 affects related physiological systems and may present with characteristic symptom clusters.,4,2,4,Potentially severe if untreated,Organ dysfunction,1,3
Progressive Cardiac Infection 517,Progressive Cardiac Infection 517 affects related physiological systems and may present with characteristic symptom clusters.,0,7,1,Acute onset may resolve with care,Secondary infection,0,2
Congenital Cardiac Infection 518,Congenital Cardiac Infection 518 affects related physiological systems and may present with characteristic symptom clusters.,6,3,2,Progressive condition needing monitoring,Inflammation complications,2,1
Inflammatory Cardiac Infection 519,Inflammatory Cardiac Infection 519 affects related physiological systems and may present with characteristic symptom clusters.,5,6,3,Chronic condition requiring long-term management,Metabolic imbalance,1,0
Metabolic Cardiac Infection 520,Metabolic Cardiac Infection 520 affects related physiological systems and may present with characteristic symptom clusters.,2,0,4,Potentially severe if untreated,Neurological complications,0,3
Acute Neurological Infection 521,Acute Neurological Infection 521 affects related physiological systems and may present with characteristic symptom clusters.,7,4,1,Acute onset may resolve with care,Organ dysfunction,2,2
Chronic Neurological Infection 522,Chronic Neurological Infection 522 affects related physiological systems and may present with characteristic symptom clusters.,1,1,2,Progressive condition needing monitoring,Secondary infection,1,1
Autoimmune Neurological Infection 523,Autoimmune Neurological Infection 523 affects related physiological systems and may present with characteristic symptom clusters.,3,5,3,Chronic condition requiring long-term management,Inflammation complications,0,0
Idiopathic Neurological Infection 524,Idiopathic Neurological Infection 524 affects related physiological systems and may present with characteristic symptom clusters.,4,2,4,Potentially severe if untreated,Metabolic imbalance,2,3
Primary Neurological Infection 525,Primary Neurological Infection 525 affects related physiological systems and may present with characteristic symptom clusters.,0,7,1,Acute onset may resolve with care,Neurological complications,1,2
Secondary Neurological Infection 526,Secondary Neurological Infection 526 affects related physiological systems and may present with characteristic symptom clusters.,6,3,2,Progressive condition needing monitoring,Organ dysfunction,0,1
Progressive Neurological Infection 527,Progressive Neurological Infection 527 affects related physiological systems and may present with characteristic symptom clusters.,5,6,3,Chronic condition requiring long-term management,Secondary infection,2,0
Congenital Neurological Infection 528,Congenital Neurological Infection 528 affects related physiological systems and may present with characteristic symptom clusters.,2,0,4,Potentially severe if untreated,Inflammation complications,1,3
Inflammatory Neurological Infection 529,Inflammatory Neurological Infection 529 affects related physiological systems and may present with characteristic symptom clusters.,7,4,1,Acute onset may resolve with care,Metabolic imbalance,0,2
Metabolic Neurological Infection 530,Metabolic Neurological Infection 530 affects related physiological systems and may present with characteristic symptom clusters.,1,1,2,Progressive condition needing monitoring,Neurological complications,2,1
Acute Renal Infection 531,Acute Renal Infection 531 affects related physiological systems and may present with characteristic symptom clusters.,3,5,3,Chronic condition requiring long-term management,Organ dysfunction,1,0
Chronic Renal Infection 532,Chronic Renal Infection 532 affects related physiological systems and may present with characteristic symptom clusters.,4,2,4,Potentially severe if untreated,Secondary infection,0,3
Autoimmune Renal Infection 533,Autoimmune Renal Infection 533 affects related physiological systems and may present with characteristic symptom clusters.,0,7,1,Acute onset may resolve with care,Inflammation complications,2,2
Idiopathic Renal Infection 534,Idiopathic Renal Infection 534 affects related physiological systems and may present with characteristic symptom clusters.,6,3,2,Progressive condition needing monitoring,Metabolic imbalance,1,1
Primary Renal Infection 535,Primary Renal Infection 535 affects related physiological systems and may present with characteristic symptom clusters.,5,6,3,Chronic condition requiring long-term management,Neurological complications,0,0
Secondary Renal Infection 536,Secondary Renal Infection 536 affects related physiological systems and may present with characteristic symptom clusters.,2,0,4,Potentially severe if untreated,Organ dysfunction,2,3
Progressive Renal Infection 537,Progressive Renal Infection 537 affects related physiological systems and may present with characteristic symptom clusters.,7,4,1,Acute onset may resolve with care,Secondary infection,1,2
Congenital Renal Infection 538,Congenital Renal Infection 538 affects related physiological systems and may present with characteristic symptom clusters.,1,1,2,Progressive condition needing monitoring,Inflammation complications,0,1
Inflammatory Renal Infection 539,Inflammatory Renal Infection 539 affects related physiological systems and may present with characteristic symptom clusters.,3,5,3,Chronic condition requiring long-term management,Metabolic imbalance,2,0
Metabolic Renal Infection 540,Metabolic Renal Infection 540 affects related physiological systems and may present with characteristic symptom clusters.,4,2,4,Potentially severe if untreated,Neurological complications,1,3
Acute Hepatic Infection 541,Acute Hepatic Infection 541 affects related physiological systems and may present with characteristic symptom clusters.,0,7,1,Acute onset may resolve with care,Organ dysfunction,0,2
Chronic Hepatic Infection 542,Chronic Hepatic Infection 542 affects related physiological systems and may present with characteristic symptom clusters.,6,3,2,Progressive condition needing monitoring,Secondary infection,2,1
Autoimmune Hepatic Infection 543,Autoimmune Hepatic Infection 543 affects related physiological systems and may present with characteristic symptom clusters.,5,6,3,Chronic condition requiring long-term management,Inflammation complications,1,0
Idiopathic Hepatic Infection 544,Idiopathic Hepatic Infection 544 affects related physiological systems and may present with characteristic symptom clusters.,2,0,4,Potentially severe if untreated,Metabolic imbalance,0,3
Primary Hepatic Infection 545,Primary Hepatic Infection 545 affects related physiological systems and may present with characteristic symptom clusters.,7,4,1,Acute onset may resolve with care,Neurological complications,2,2
Secondary Hepatic Infection 546,Secondary Hepatic Infection 546 affects related physiological systems and may present with characteristic symptom clusters.,1,1,2,Progressive condition needing monitoring,Organ dysfunction,1,1
Progressive Hepatic Infection 547,Progressive Hepatic Infection 547 affects related physiological systems and may present with characteristic symptom clusters.,3,5,3,Chronic condition requiring long-term management,Secondary infection,0,0
Congenital Hepatic Infection 548,Congenital Hepatic Infection 548 affects related physiological systems and may present with characteristic symptom clusters.,4,2,4,Potentially severe if untreated,Inflammation complications,2,3
Inflammatory Hepatic Infection 549,Inflammatory Hepatic Infection 549 affects related physiological systems and may present with characteristic symptom clusters.,0,7,1,Acute onset may resolve with care,Metabolic imbalance,1,2
Metabolic Hepatic Infection 550,Metabolic Hepatic Infection 550 affects related physiological systems and may present with characteristic symptom clusters.,6,3,2,Progressive condition needing monitoring,Neurological complications,0,1
Acute Endocrine Infection 551,Acute Endocrine Infection 551 affects related physiological systems and may present with characteristic symptom clusters.,5,6,3,Chronic condition requiring long-term management,Organ dysfunction,2,0
Chronic Endocrine Infection 552,Chronic Endocrine Infection 552 affects related physiological systems and may present with characteristic symptom clusters.,2,0,4,Potentially severe if untreated,Secondary infection,1,3
Autoimmune Endocrine Infection 553,Autoimmune Endocrine Infection 553 affects related physiological systems and may present with characteristic symptom clusters.,7,4,1,Acute onset may resolve with care,Inflammation complications,0,2
Idiopathic Endocrine Infection 554,Idiopathic Endocrine Infection 554 affects related physiological systems and may present with characteristic symptom clusters.,1,1,2,Progressive condition needing monitoring,Metabolic imbalance,2,1
Primary Endocrine Infection 555,Primary Endocrine Infection 555 affects related physiological systems and may present with characteristic symptom clusters.,3,5,3,Chronic condition requiring long-term management,Neurological complications,1,0
Secondary Endocrine Infection 556,Secondary Endocrine Infection 556 affects related physiological systems and may present with characteristic symptom clusters.,4,2,4,Potentially severe if untreated,Organ dysfunction,0,3
Progressive Endocrine Infection 557,Progressive Endocrine Infection 557 affects related physiological systems and may present with characteristic symptom clusters.,0,7,1,Acute onset may resolve with care,Secondary infection,2,2
Congenital Endocrine Infection 558,Congenital Endocrine Infection 558 affects related physiological systems and may present with characteristic symptom clusters.,6,3,2,Progressive condition needing monitoring,Inflammation complications,1,1
Inflammatory Endocrine Infection 559,Inflammatory Endocrine Infection 559 affects related physiological systems and may present with characteristic symptom clusters.,5,6,3,Chronic condition requiring long-term management,Metabolic imbalance,0,0
Metabolic Endocrine Infection 560,Metabolic Endocrine Infection 560 affects related physiological systems and may present with characteristic symptom clusters.,2,0,4,Potentially severe if untreated,Neurological complications,2,3
Acute Gastro Infection 561,Acute Gastro Infection 561 affects related physiological systems and may present with characteristic symptom clusters.,7,4,1,Acute onset may resolve with care,Organ dysfunction,1,2
Chronic Gastro Infection 562,Chronic Gastro Infection 562 affects related physiological systems and may present with characteristic symptom clusters.,1,1,2,Progressive condition needing monitoring,Secondary infection,0,1
Autoimmune Gastro Infection 563,Autoimmune Gastro Infection 563 affects related physiological systems and may present with characteristic symptom clusters.,3,5,3,Chronic condition requiring long-term management,Inflammation complications,2,0
Idiopathic Gastro Infection 564,Idiopathic Gastro Infection 564 affects related physiological systems and may present with characteristic symptom clusters.,4,2,4,Potentially severe if untreated,Metabolic imbalance,1,3
Primary Gastro Infection 565,Primary Gastro Infection 565 affects related physiological systems and may present with characteristic symptom clusters.,0,7,1,Acute onset may resolve with care,Neurological complications,0,2
Secondary Gastro Infection 566,Secondary Gastro Infection 566 affects related physiological systems and may present with characteristic symptom clusters.,6,3,2,Progressive condition needing monitoring,Organ dysfunction,2,1
Progressive Gastro Infection 567,Progressive Gastro Infection 567 affects related physiological systems and may present with characteristic symptom clusters.,5,6,3,Chronic condition requiring long-term management,Secondary infection,1,0
Congenital Gastro Infection 568,Congenital Gastro Infection 568 affects related physiological systems and may present with characteristic symptom clusters.,2,0,4,Potentially severe if untreated,Inflammation complications,0,3
Inflammatory Gastro Infection 569,Inflammatory Gastro Infection 569 affects related physiological systems and may present with characteristic symptom clusters.,7,4,1,Acute onset may resolve with care,Metabolic imbalance,2,2
Metabolic Gastro Infection 570,Metabolic Gastro Infection 570 affects related physiological systems and may present with characteristic symptom clusters.,1,1,2,Progressive condition needing monitoring,Neurological complications,1,1
Acute Dermatologic Infection 571,Acute Dermatologic Infection 571 affects related physiological systems and may present with characteristic symptom clusters.,3,5,3,Chronic condition requiring long-term management,Organ dysfunction,0,0
Chronic Dermatologic Infection 572,Chronic Dermatologic Infection 572 affects related physiological systems and may present with characteristic symptom clusters.,4,2,4,Potentially severe if untreated,Secondary infection,2,3
Autoimmune Dermatologic Infection 573,Autoimmune Dermatologic Infection 573 affects related physiological systems and may present with characteristic symptom clusters.,0,7,1,Acute onset may resolve with care,Inflammation complications,1,2
Idiopathic Dermatologic Infection 574,Idiopathic Dermatologic Infection 574 affects related physiological systems and may present with characteristic symptom clusters.,6,3,2,Progressive condition needing monitoring,Metabolic imbalance,0,1
Primary Dermatologic Infection 575,Primary Dermatologic Infection 575 affects related physiological systems and may present with characteristic symptom clusters.,5,6,3,Chronic condition requiring long-term management,Neurological complications,2,0
Secondary Dermatologic Infection 576,Secondary Dermatologic Infection 576 affects related physiological systems and may present with characteristic symptom clusters.,2,0,4,Potentially severe if untreated,Organ dysfunction,1,3
Progressive Dermatologic Infection 577,Progressive Dermatologic Infection 577 affects related physiological systems and may present with characteristic symptom clusters.,7,4,1,Acute onset may resolve with care,Secondary infection,0,2
Congenital Dermatologic Infection 578,Congenital Dermatologic Infection 578 affects related physiological systems and may present with characteristic symptom clusters.,1,1,2,Progressive condition needing monitoring,Inflammation complications,2,1
Inflammatory Dermatologic Infection 579,Inflammatory Dermatologic Infection 579 affects related physiological systems and may present with characteristic symptom clusters.,3,5,3,Chronic condition requiring long-term management,Metabolic imbalance,1,0
Metabolic Dermatologic Infection 580,Metabolic Dermatologic Infection 580 affects related physiological systems and may present with characteristic symptom clusters.,4,2,4,Potentially severe if untreated,Neurological complications,0,3
Acute Hematologic Infection 581,Acute Hematologic Infection 581 affects related physiological systems and may present with characteristic symptom clusters.,0,7,1,Acute onset may resolve with care,Organ dysfunction,2,2
Chronic Hematologic Infection 582,Chronic Hematologic Infection 582 affects related physiological systems and may present with characteristic symptom clusters.,6,3,2,Progressive condition needing monitoring,Secondary infection,1,1
Autoimmune Hematologic Infection 583,Autoimmune Hematologic Infection 583 affects related physiological systems and may present with characteristic symptom clusters.,5,6,3,Chronic condition requiring long-term management,Inflammation complications,0,0
Idiopathic Hematologic Infection 584,Idiopathic Hematologic Infection 584 affects related physiological systems and may present with characteristic symptom clusters.,2,0,4,Potentially severe if untreated,Metabolic imbalance,2,3
Primary Hematologic Infection 585,Primary Hematologic Infection 585 affects related physiological systems and may present with characteristic symptom clusters.,7,4,1,Acute onset may resolve with care,Neurological complications,1,2
Secondary Hematologic Infection 586,Secondary Hematologic Infection 586 affects related physiological systems and may present with characteristic symptom clusters.,1,1,2,Progressive condition needing monitoring,Organ dysfunction,0,1
Progressive Hematologic Infection 587,Progressive Hematologic Infection 587 affects related physiological systems and may present with characteristic symptom clusters.,3,5,3,Chronic condition requiring long-term management,Secondary infection,2,0
Congenital Hematologic Infection 588,Congenital Hematologic Infection 588 affects related physiological systems and may present with characteristic symptom clusters.,4,2,4,Potentially severe if untreated,Inflammation complications,1,3
Inflammatory Hematologic Infection 589,Inflammatory Hematologic Infection 589 affects related physiological systems and may present with characteristic symptom clusters.,0,7,1,Acute onset may resolve with care,Metabolic imbalance,0,2
Metabolic Hematologic Infection 590,Metabolic Hematologic Infection 590 affects related physiological systems and may present with characteristic symptom clusters.,6,3,2,Progressive condition needing monitoring,Neurological complications,2,1
Acute Musculoskeletal Infection 591,Acute Musculoskeletal Infection 591 affects related physiological systems and may present with characteristic symptom clusters.,5,6,3,Chronic condition requiring long-term management,Organ dysfunction,1,0
Chronic Musculoskeletal Infection 592,Chronic Musculoskeletal Infection 592 affects related physiological systems and may present with characteristic symptom clusters.,2,0,4,Potentially severe if untreated,Secondary infection,0,3
Autoimmune Musculoskeletal Infection 593,Autoimmune Musculoskeletal Infection 593 affects related physiological systems and may present with characteristic symptom clusters.,7,4,1,Acute onset may resolve with care,Inflammation complications,2,2
Idiopathic Musculoskeletal Infection 594,Idiopathic Musculoskeletal Infection 594 affects related physiological systems and may present with characteristic symptom clusters.,1,1,2,Progressive condition needing monitoring,Metabolic imbalance,1,1
Primary Musculoskeletal Infection 595,Primary Musculoskeletal Infection 595 affects related physiological systems and may present with characteristic symptom clusters.,3,5,3,Chronic condition requiring long-term management,Neurological complications,0,0
Secondary Musculoskeletal Infection 596,Secondary Musculoskeletal Infection 596 affects related physiological systems and may present with characteristic symptom clusters.,4,2,4,Potentially severe if untreated,Organ dysfunction,2,3
Progressive Musculoskeletal Infection 597,Progressive Musculoskeletal Infection 597 affects related physiological systems and may present with characteristic symptom clusters.,0,7,1,Acute onset may resolve with care,Secondary infection,1,2
Congenital Musculoskeletal Infection 598,Congenital Musculoskeletal Infection 598 affects related physiological systems and may present with characteristic symptom clusters.,6,3,2,Progressive condition needing monitoring,Inflammation complications,0,1
Inflammatory Musculoskeletal Infection 599,Inflammatory Musculoskeletal Infection 599 affects related physiological systems and may present with characteristic symptom clusters.,5,6,3,Chronic condition requiring long-term management,Metabolic imbalance,2,0
Metabolic Musculoskeletal Infection 600,Metabolic Musculoskeletal Infection 600 affects related physiological systems and may present with characteristic symptom clusters.,2,0,4,Potentially severe if untreated,Neurological complications,1,3
Acute Respiratory Deficiency 601,Acute Respiratory Deficiency 601 affects related physiological systems and may present with characteristic symptom clusters.,7,4,1,Acute onset may resolve with care,Organ dysfunction,0,2
Chronic Respiratory Deficiency 602,Chronic Respiratory Deficiency 602 affects related physiological systems and may present with characteristic symptom clusters.,1,1,2,Progressive condition needing monitoring,Secondary infection,2,1
Autoimmune Respiratory Deficiency 603,Autoimmune Respiratory Deficiency 603 affects related physiological systems and may present with characteristic symptom clusters.,3,5,3,Chronic condition requiring long-term management,Inflammation complications,1,0
Idiopathic Respiratory Deficiency 604,Idiopathic Respiratory Deficiency 604 affects related physiological systems and may present with characteristic symptom clusters.,4,2,4,Potentially severe if untreated,Metabolic imbalance,0,3
Primary Respiratory Deficiency 605,Primary Respiratory Deficiency 605 affects related physiological systems and may present with characteristic symptom clusters.,0,7,1,Acute onset may resolve with care,Neurological complications,2,2
Secondary Respiratory Deficiency 606,Secondary Respiratory Deficiency 606 affects related physiological systems and may present with characteristic symptom clusters.,6,3,2,Progressive condition needing monitoring,Organ dysfunction,1,1
Progressive Respiratory Deficiency 607,Progressive Respiratory Deficiency 607 affects related physiological systems and may present with characteristic symptom clusters.,5,6,3,Chronic condition requiring long-term management,Secondary infection,0,0
Congenital Respiratory Deficiency 608,Congenital Respiratory Deficiency 608 affects related physiological systems and may present with characteristic symptom clusters.,2,0,4,Potentially severe if untreated,Inflammation complications,2,3
Inflammatory Respiratory Deficiency 609,Inflammatory Respiratory Deficiency 609 affects related physiological systems and may present with characteristic symptom clusters.,7,4,1,Acute onset may resolve with care,Metabolic imbalance,1,2
Metabolic Respiratory Deficiency 610,Metabolic Respiratory Deficiency 610 affects related physiological systems and may present with characteristic symptom clusters.,1,1,2,Progressive condition needing monitoring,Neurological complications,0,1
Acute Cardiac Deficiency 611,Acute Cardiac Deficiency 611 affects related physiological systems and may present with characteristic symptom clusters.,3,5,3,Chronic condition requiring long-term management,Organ dysfunction,2,0
Chronic Cardiac Deficiency 612,Chronic Cardiac Deficiency 612 affects related physiological systems and may present with characteristic symptom clusters.,4,2,4,Potentially severe if untreated,Secondary infection,1,3
Autoimmune Cardiac Deficiency 613,Autoimmune Cardiac Deficiency 613 affects related physiological systems and may present with characteristic symptom clusters.,0,7,1,Acute onset may resolve with care,Inflammation complications,0,2
Idiopathic Cardiac Deficiency 614,Idiopathic Cardiac Deficiency 614 affects related physiological systems and may present with characteristic symptom clusters.,6,3,2,Progressive condition needing monitoring,Metabolic imbalance,2,1
Primary Cardiac Deficiency 615,Primary Cardiac Deficiency 615 affects related physiological systems and may present with characteristic symptom clusters.,5,6,3,Chronic condition requiring long-term management,Neurological complications,1,0
Secondary Cardiac Deficiency 616,Secondary Cardiac Deficiency 616 affects related physiological systems and may present with characteristic symptom clusters.,2,0,4,Potentially severe if untreated,Organ dysfunction,0,3
Progressive Cardiac Deficiency 617,Progressive Cardiac Deficiency 617 affects related physiological systems and may present with characteristic symptom clusters.,7,4,1,Acute onset may resolve with care,Secondary infection,2,2
Congenital Cardiac Deficiency 618,Congenital Cardiac Deficiency 618 affects related physiological systems and may present with characteristic symptom clusters.,1,1,2,Progressive condition needing monitoring,Inflammation complications,1,1
Inflammatory Cardiac Deficiency 619,Inflammatory Cardiac Deficiency 619 affects related physiological systems and may present with characteristic symptom clusters.,3,5,3,Chronic condition requiring long-term management,Metabolic imbalance,0,0
Metabolic Cardiac Deficiency 620,Metabolic Cardiac Deficiency 620 affects related physiological systems and may present with characteristic symptom clusters.,4,2,4,Potentially severe if untreated,Neurological complications,2,3
Acute Neurological Deficiency 621,Acute Neurological Deficiency 621 affects related physiological systems and may present with characteristic symptom clusters.,0,7,1,Acute onset may resolve with care,Organ dysfunction,1,2
Chronic Neurological Deficiency 622,Chronic Neurological Deficiency 622 affects related physiological systems and may present with characteristic symptom clusters.,6,3,2,Progressive condition needing monitoring,Secondary infection,0,1
Autoimmune Neurological Deficiency 623,Autoimmune Neurological Deficiency 623 affects related physiological systems and may present with characteristic symptom clusters.,5,6,3,Chronic condition requiring long-term management,Inflammation complications,2,0
Idiopathic Neurological Deficiency 624,Idiopathic Neurological Deficiency 624 affects related physiological systems and may present with characteristic symptom clusters.,2,0,4,Potentially severe if untreated,Metabolic imbalance,1,3
Primary Neurological Deficiency 625,Primary Neurological Deficiency 625 affects related physiological systems and may present with characteristic symptom clusters.,7,4,1,Acute onset may resolve with care,Neurological complications,0,2
Secondary Neurological Deficiency 626,Secondary Neurological Deficiency 626 affects related physiological systems and may present with characteristic symptom clusters.,1,1,2,Progressive condition needing monitoring,Organ dysfunction,2,1
Progressive Neurological Deficiency 627,Progressive Neurological Deficiency 627 affects related physiological systems and may present with characteristic symptom clusters.,3,5,3,Chronic condition requiring long-term management,Secondary infection,1,0
Congenital Neurological Deficiency 628,Congenital Neurological Deficiency 628 affects related physiological systems and may present with characteristic symptom clusters.,4,2,4,Potentially severe if untreated,Inflammation complications,0,3
Inflammatory Neurological Deficiency 629,Inflammatory Neurological Deficiency 629 affects related physiological systems and may present with characteristic symptom clusters.,0,7,1,Acute onset may resolve with care,Metabolic imbalance,2,2
Metabolic Neurological Deficiency 630,Metabolic Neurological Deficiency 630 affects related physiological systems and may present with characteristic symptom clusters.,6,3,2,Progressive condition needing monitoring,Neurological complications,1,1
Acute Renal Deficiency 631,Acute Renal Deficiency 631 affects related physiological systems and may present with characteristic symptom clusters.,5,6,3,Chronic condition requiring long-term management,Organ dysfunction,0,0
Chronic Renal Deficiency 632,Chronic Renal Deficiency 632 affects related physiological systems and may present with characteristic symptom clusters.,2,0,4,Potentially severe if untreated,Secondary infection,2,3
Autoimmune Renal Deficiency 633,Autoimmune Renal Deficiency 633 affects related physiological systems and may present with characteristic symptom clusters.,7,4,1,Acute onset may resolve with care,Inflammation complications,1,2
Idiopathic Renal Deficiency 634,Idiopathic Renal Deficiency 634 affects related physiological systems and may present with characteristic symptom clusters.,1,1,2,Progressive condition needing monitoring,Metabolic imbalance,0,1
Primary Renal Deficiency 635,Primary Renal Deficiency 635 affects related physiological systems and may present with characteristic symptom clusters.,3,5,3,Chronic condition requiring long-term management,Neurological complications,2,0
Secondary Renal Deficiency 636,Secondary Renal Deficiency 636 affects related physiological systems and may present with characteristic symptom clusters.,4,2,4,Potentially severe if untreated,Organ dysfunction,1,3
Progressive Renal Deficiency 637,Progressive Renal Deficiency 637 affects related physiological systems and may present with characteristic symptom clusters.,0,7,1,Acute onset may resolve with care,Secondary infection,0,2
Congenital Renal Deficiency 638,Congenital Renal Deficiency 638 affects related physiological systems and may present with characteristic symptom clusters.,6,3,2,Progressive condition needing monitoring,Inflammation complications,2,1
Inflammatory Renal Deficiency 639,Inflammatory Renal Deficiency 639 affects related physiological systems and may present with characteristic symptom clusters.,5,6,3,Chronic condition requiring long-term management,Metabolic imbalance,1,0
Metabolic Renal Deficiency 640,Metabolic Renal Deficiency 640 affects related physiological systems and may present with characteristic symptom clusters.,2,0,4,Potentially severe if untreated,Neurological complications,0,3
Acute Hepatic Deficiency 641,Acute Hepatic Deficiency 641 affects related physiological systems and may present with characteristic symptom clusters.,7,4,1,Acute onset may resolve with care,Organ dysfunction,2,2
Chronic Hepatic Deficiency 642,Chronic Hepatic Deficiency 642 affects related physiological systems and may present with characteristic symptom clusters.,1,1,2,Progressive condition needing monitoring,Secondary infection,1,1
Autoimmune Hepatic Deficiency 643,Autoimmune Hepatic Deficiency 643 affects related physiological systems and may present with characteristic symptom clusters.,3,5,3,Chronic condition requiring long-term management,Inflammation complications,0,0
Idiopathic Hepatic Deficiency 644,Idiopathic Hepatic Deficiency 644 affects related physiological systems and may present with characteristic symptom clusters.,4,2,4,Potentially severe if untreated,Metabolic imbalance,2,3
Primary Hepatic Deficiency 645,Primary Hepatic Deficiency 645 affects related physiological systems and may present with characteristic symptom clusters.,0,7,1,Acute onset may resolve with care,Neurological complications,1,2
Secondary Hepatic Deficiency 646,Secondary Hepatic Deficiency 646 affects related physiological systems and may present with characteristic symptom clusters.,6,3,2,Progressive condition needing monitoring,Organ dysfunction,0,1
Progressive Hepatic Deficiency 647,Progressive Hepatic Deficiency 647 affects related physiological systems and may present with characteristic symptom clusters.,5,6,3,Chronic condition requiring long-term management,Secondary infection,2,0
Congenital Hepatic Deficiency 648,Congenital Hepatic Deficiency 648 affects related physiological systems and may present with characteristic symptom clusters.,2,0,4,Potentially severe if untreated,Inflammation complications,1,3
Inflammatory Hepatic Deficiency 649,Inflammatory Hepatic Deficiency 649 affects related physiological systems and may present with characteristic symptom clusters.,7,4,1,Acute onset may resolve with care,Metabolic imbalance,0,2
Metabolic Hepatic Deficiency 650,Metabolic Hepatic Deficiency 650 affects related physiological systems and may present with characteristic symptom clusters.,1,1,2,Progressive condition needing monitoring,Neurological complications,2,1
Acute Endocrine Deficiency 651,Acute Endocrine Deficiency 651 affects related physiological systems and may present with characteristic symptom clusters.,3,5,3,Chronic condition requiring long-term management,Organ dysfunction,1,0
Chronic Endocrine Deficiency 652,Chronic Endocrine Deficiency 652 affects related physiological systems and may present with characteristic symptom clusters.,4,2,4,Potentially severe if untreated,Secondary infection,0,3
Autoimmune Endocrine Deficiency 653,Autoimmune Endocrine Deficiency 653 affects related physiological systems and may present with characteristic symptom clusters.,0,7,1,Acute onset may resolve with care,Inflammation complications,2,2
Idiopathic Endocrine Deficiency 654,Idiopathic Endocrine Deficiency 654 affects related physiological systems and may present with characteristic symptom clusters.,6,3,2,Progressive condition needing monitoring,Metabolic imbalance,1,1
Primary Endocrine Deficiency 655,Primary Endocrine Deficiency 655 affects related physiological systems and may present with characteristic symptom clusters.,5,6,3,Chronic condition requiring long-term management,Neurological complications,0,0
Secondary Endocrine Deficiency 656,Secondary Endocrine Deficiency 656 affects related physiological systems and may present with characteristic symptom clusters.,2,0,4,Potentially severe if untreated,Organ dysfunction,2,3
Progressive Endocrine Deficiency 657,Progressive Endocrine Deficiency 657 affects related physiological systems and may present with characteristic symptom clusters.,7,4,1,Acute onset may resolve with care,Secondary infection,1,2
Congenital Endocrine Deficiency 658,Congenital Endocrine Deficiency 658 affects related physiological systems and may present with characteristic symptom clusters.,1,1,2,Progressive condition needing monitoring,Inflammation complications,0,1
Inflammatory Endocrine Deficiency 659,Inflammatory Endocrine Deficiency 659 affects related physiological systems and may present with characteristic symptom clusters.,3,5,3,Chronic condition requiring long-term management,Metabolic imbalance,2,0
Metabolic Endocrine Deficiency 660,Metabolic Endocrine Deficiency 660 affects related physiological systems and may present with characteristic symptom clusters.,4,2,4,Potentially severe if untreated,Neurological complications,1,3
Acute Gastro Deficiency 661,Acute Gastro Deficiency 661 affects related physiological systems and may present with characteristic symptom clusters.,0,7,1,Acute onset may resolve with care,Organ dysfunction,0,2
Chronic Gastro Deficiency 662,Chronic Gastro Deficiency 662 affects related physiological systems and may present with characteristic symptom clusters.,6,3,2,Progressive condition needing monitoring,Secondary infection,2,1
Autoimmune Gastro Deficiency 663,Autoimmune Gastro Deficiency 663 affects related physiological systems and may present with characteristic symptom clusters.,5,6,3,Chronic condition requiring long-term management,Inflammation complications,1,0
Idiopathic Gastro Deficiency 664,Idiopathic Gastro Deficiency 664 affects related physiological systems and may present with characteristic symptom clusters.,2,0,4,Potentially severe if untreated,Metabolic imbalance,0,3
Primary Gastro Deficiency 665,Primary Gastro Deficiency 665 affects related physiological systems and may present with characteristic symptom clusters.,7,4,1,Acute onset may resolve with care,Neurological complications,2,2
Secondary Gastro Deficiency 666,Secondary Gastro Deficiency 666 affects related physiological systems and may present with characteristic symptom clusters.,1,1,2,Progressive condition needing monitoring,Organ dysfunction,1,1
Progressive Gastro Deficiency 667,Progressive Gastro Deficiency 667 affects related physiological systems and may present with characteristic symptom clusters.,3,5,3,Chronic condition requiring long-term management,Secondary infection,0,0
Congenital Gastro Deficiency 668,Congenital Gastro Deficiency 668 affects related physiological systems and may present with characteristic symptom clusters.,4,2,4,Potentially severe if untreated,Inflammation complications,2,3
Inflammatory Gastro Deficiency 669,Inflammatory Gastro Deficiency 669 affects related physiological systems and may present with characteristic symptom clusters.,0,7,1,Acute onset may resolve with care,Metabolic imbalance,1,2
Metabolic Gastro Deficiency 670,Metabolic Gastro Deficiency 670 affects related physiological systems and may present with characteristic symptom clusters.,6,3,2,Progressive condition needing monitoring,Neurological complications,0,1
Acute Dermatologic Deficiency 671,Acute Dermatologic Deficiency 671 affects related physiological systems and may present with characteristic symptom clusters.,5,6,3,Chronic condition requiring long-term management,Organ dysfunction,2,0
Chronic Dermatologic Deficiency 672,Chronic Dermatologic Deficiency 672 affects related physiological systems and may present with characteristic symptom clusters.,2,0,4,Potentially severe if untreated,Secondary infection,1,3
Autoimmune Dermatologic Deficiency 673,Autoimmune Dermatologic Deficiency 673 affects related physiological systems and may present with characteristic symptom clusters.,7,4,1,Acute onset may resolve with care,Inflammation complications,0,2
Idiopathic Dermatologic Deficiency 674,Idiopathic Dermatologic Deficiency 674 affects related physiological systems and may present with characteristic symptom clusters.,1,1,2,Progressive condition needing monitoring,Metabolic imbalance,2,1
Primary Dermatologic Deficiency 675,Primary Dermatologic Deficiency 675 affects related physiological systems and may present with characteristic symptom clusters.,3,5,3,Chronic condition requiring long-term management,Neurological complications,1,0
Secondary Dermatologic Deficiency 676,Secondary Dermatologic Deficiency 676 affects related physiological systems and may present with characteristic symptom clusters.,4,2,4,Potentially severe if untreated,Organ dysfunction,0,3
Progressive Dermatologic Deficiency 677,Progressive Dermatologic Deficiency 677 affects related physiological systems and may present with characteristic symptom clusters.,0,7,1,Acute onset may resolve with care,Secondary infection,2,2
Congenital Dermatologic Deficiency 678,Congenital Dermatologic Deficiency 678 affects related physiological systems and may present with characteristic symptom clusters.,6,3,2,Progressive condition needing monitoring,Inflammation complications,1,1
Inflammatory Dermatologic Deficiency 679,Inflammatory Dermatologic Deficiency 679 affects related physiological systems and may present with characteristic symptom clusters.,5,6,3,Chronic condition requiring long-term management,Metabolic imbalance,0,0
Metabolic Dermatologic Deficiency 680,Metabolic Dermatologic Deficiency 680 affects related physiological systems and may present with characteristic symptom clusters.,2,0,4,Potentially severe if untreated,Neurological complications,2,3
Acute Hematologic Deficiency 681,Acute Hematologic Deficiency 681 affects related physiological systems and may present with characteristic symptom clusters.,7,4,1,Acute onset may resolve with care,Organ dysfunction,1,2
Chronic Hematologic Deficiency 682,Chronic Hematologic Deficiency 682 affects related physiological systems and may present with characteristic symptom clusters.,1,1,2,Progressive condition needing monitoring,Secondary infection,0,1
Autoimmune Hematologic Deficiency 683,Autoimmune Hematologic Deficiency 683 affects related physiological systems and may present with characteristic symptom clusters.,3,5,3,Chronic condition requiring long-term management,Inflammation complications,2,0
Idiopathic Hematologic Deficiency 684,Idiopathic Hematologic Deficiency 684 affects related physiological systems and may present with characteristic symptom clusters.,4,2,4,Potentially severe if untreated,Metabolic imbalance,1,3
Primary Hematologic Deficiency 685,Primary Hematologic Deficiency 685 affects related physiological systems and may present with characteristic symptom clusters.,0,7,1,Acute onset may resolve with care,Neurological complications,0,2
Secondary Hematologic Deficiency 686,Secondary Hematologic Deficiency 686 affects related physiological systems and may present with characteristic symptom clusters.,6,3,2,Progressive condition needing monitoring,Organ dysfunction,2,1
Progressive Hematologic Deficiency 687,Progressive Hematologic Deficiency 687 affects related physiological systems and may present with characteristic symptom clusters.,5,6,3,Chronic condition requiring long-term management,Secondary infection,1,0
Congenital Hematologic Deficiency 688,Congenital Hematologic Deficiency 688 affects related physiological systems and may present with characteristic symptom clusters.,2,0,4,Potentially severe if untreated,Inflammation complications,0,3
Inflammatory Hematologic Deficiency 689,Inflammatory Hematologic Deficiency 689 affects related physiological systems and may present with characteristic symptom clusters.,7,4,1,Acute onset may resolve with care,Metabolic imbalance,2,2
Metabolic Hematologic Deficiency 690,Metabolic Hematologic Deficiency 690 affects related physiological systems and may present with characteristic symptom clusters.,1,1,2,Progressive condition needing monitoring,Neurological complications,1,1
Acute Musculoskeletal Deficiency 691,Acute Musculoskeletal Deficiency 691 affects related physiological systems and may present with characteristic symptom clusters.,3,5,3,Chronic condition requiring long-term management,Organ dysfunction,0,0
Chronic Musculoskeletal Deficiency 692,Chronic Musculoskeletal Deficiency 692 affects related physiological systems and may present with characteristic symptom clusters.,4,2,4,Potentially severe if untreated,Secondary infection,2,3
Autoimmune Musculoskeletal Deficiency 693,Autoimmune Musculoskeletal Deficiency 693 affects related physiological systems and may present with characteristic symptom clusters.,0,7,1,Acute onset may resolve with care,Inflammation complications,1,2
Idiopathic Musculoskeletal Deficiency 694,Idiopathic Musculoskeletal Deficiency 694 affects related physiological systems and may present with characteristic symptom clusters.,6,3,2,Progressive condition needing monitoring,Metabolic imbalance,0,1
Primary Musculoskeletal Deficiency 695,Primary Musculoskeletal Deficiency 695 affects related physiological systems and may present with characteristic symptom clusters.,5,6,3,Chronic condition requiring long-term management,Neurological complications,2,0
Secondary Musculoskeletal Deficiency 696,Secondary Musculoskeletal Deficiency 696 affects related physiological systems and may present with characteristic symptom clusters.,2,0,4,Potentially severe if untreated,Organ dysfunction,1,3
Progressive Musculoskeletal Deficiency 697,Progressive Musculoskeletal Deficiency 697 affects related physiological systems and may present with characteristic symptom clusters.,7,4,1,Acute onset may resolve with care,Secondary infection,0,2
Congenital Musculoskeletal Deficiency 698,Congenital Musculoskeletal Deficiency 698 affects related physiological systems and may present with characteristic symptom clusters.,1,1,2,Progressive condition needing monitoring,Inflammation complications,2,1
Inflammatory Musculoskeletal Deficiency 699,Inflammatory Musculoskeletal Deficiency 699 affects related physiological systems and may present with characteristic symptom clusters.,3,5,3,Chronic condition requiring long-term management,Metabolic imbalance,1,0
Metabolic Musculoskeletal Deficiency 700,Metabolic Musculoskeletal Deficiency 700 affects related physiological systems and may present with characteristic symptom clusters.,4,2,4,Potentially severe if untreated,Neurological complications,0,3
Acute Respiratory Neuropathy 701,Acute Respiratory Neuropathy 701 affects related physiological systems and may present with characteristic symptom clusters.,0,7,1,Acute onset may resolve with care,Organ dysfunction,2,2
Chronic Respiratory Neuropathy 702,Chronic Respiratory Neuropathy 702 affects related physiological systems and may present with characteristic symptom clusters.,6,3,2,Progressive condition needing monitoring,Secondary infection,1,1
Autoimmune Respiratory Neuropathy 703,Autoimmune Respiratory Neuropathy 703 affects related physiological systems and may present with characteristic symptom clusters.,5,6,3,Chronic condition requiring long-term management,Inflammation complications,0,0
Idiopathic Respiratory Neuropathy 704,Idiopathic Respiratory Neuropathy 704 affects related physiological systems and may present with characteristic symptom clusters.,2,0,4,Potentially severe if untreated,Metabolic imbalance,2,3
Primary Respiratory Neuropathy 705,Primary Respiratory Neuropathy 705 affects related physiological systems and may present with characteristic symptom clusters.,7,4,1,Acute onset may resolve with care,Neurological complications,1,2
Secondary Respiratory Neuropathy 706,Secondary Respiratory Neuropathy 706 affects related physiological systems and may present with characteristic symptom clusters.,1,1,2,Progressive condition needing monitoring,Organ dysfunction,0,1
Progressive Respiratory Neuropathy 707,Progressive Respiratory Neuropathy 707 affects related physiological systems and may present with characteristic symptom clusters.,3,5,3,Chronic condition requiring long-term management,Secondary infection,2,0
Congenital Respiratory Neuropathy 708,Congenital Respiratory Neuropathy 708 affects related physiological systems and may present with characteristic symptom clusters.,4,2,4,Potentially severe if untreated,Inflammation complications,1,3
Inflammatory Respiratory Neuropathy 709,Inflammatory Respiratory Neuropathy 709 affects related physiological systems and may present with characteristic symptom clusters.,0,7,1,Acute onset may resolve with care,Metabolic imbalance,0,2
Metabolic Respiratory Neuropathy 710,Metabolic Respiratory Neuropathy 710 affects related physiological systems and may present with characteristic symptom clusters.,6,3,2,Progressive condition needing monitoring,Neurological complications,2,1
Acute Cardiac Neuropathy 711,Acute Cardiac Neuropathy 711 affects related physiological systems and may present with characteristic symptom clusters.,5,6,3,Chronic condition requiring long-term management,Organ dysfunction,1,0
Chronic Cardiac Neuropathy 712,Chronic Cardiac Neuropathy 712 affects related physiological systems and may present with characteristic symptom clusters.,2,0,4,Potentially severe if untreated,Secondary infection,0,3
Autoimmune Cardiac Neuropathy 713,Autoimmune Cardiac Neuropathy 713 affects related physiological systems and may present with characteristic symptom clusters.,7,4,1,Acute onset may resolve with care,Inflammation complications,2,2
Idiopathic Cardiac Neuropathy 714,Idiopathic Cardiac Neuropathy 714 affects related physiological systems and may present with characteristic symptom clusters.,1,1,2,Progressive condition needing monitoring,Metabolic imbalance,1,1
Primary Cardiac Neuropathy 715,Primary Cardiac Neuropathy 715 affects related physiological systems and may present with characteristic symptom clusters.,3,5,3,Chronic condition requiring long-term management,Neurological complications,0,0
Secondary Cardiac Neuropathy 716,Secondary Cardiac Neuropathy 716 affects related physiological systems and may present with characteristic symptom clusters.,4,2,4,Potentially severe if untreated,Organ dysfunction,2,3
Progressive Cardiac Neuropathy 717,Progressive Cardiac Neuropathy 717 affects related physiological systems and may present with characteristic symptom clusters.,0,7,1,Acute onset may resolve with care,Secondary infection,1,2
Congenital Cardiac Neuropathy 718,Congenital Cardiac Neuropathy 718 affects related physiological systems and may present with characteristic symptom clusters.,6,3,2,Progressive condition needing monitoring,Inflammation complications,0,1
Inflammatory Cardiac Neuropathy 719,Inflammatory Cardiac Neuropathy 719 affects related physiological systems and may present with characteristic symptom clusters.,5,6,3,Chronic condition requiring long-term management,Metabolic imbalance,2,0
Metabolic Cardiac Neuropathy 720,Metabolic Cardiac Neuropathy 720 affects related physiological systems and may present with characteristic symptom clusters.,2,0,4,Potentially severe if untreated,Neurological complications,1,3
Acute Neurological Neuropathy 721,Acute Neurological Neuropathy 721 affects related physiological systems and may present with characteristic symptom clusters.,7,4,1,Acute onset may resolve with care,Organ dysfunction,0,2
Chronic Neurological Neuropathy 722,Chronic Neurological Neuropathy 722 affects related physiological systems and may present with characteristic symptom clusters.,1,1,2,Progressive condition needing monitoring,Secondary infection,2,1
Autoimmune Neurological Neuropathy 723,Autoimmune Neurological Neuropathy 723 affects related physiological systems and may present with characteristic symptom clusters.,3,5,3,Chronic condition requiring long-term management,Inflammation complications,1,0
Idiopathic Neurological Neuropathy 724,Idiopathic Neurological Neuropathy 724 affects related physiological systems and may present with characteristic symptom clusters.,4,2,4,Potentially severe if untreated,Metabolic imbalance,0,3
Primary Neurological Neuropathy 725,Primary Neurological Neuropathy 725 affects related physiological systems and may present with characteristic symptom clusters.,0,7,1,Acute onset may resolve with care,Neurological complications,2,2
Secondary Neurological Neuropathy 726,Secondary Neurological Neuropathy 726 affects related physiological systems and may present with characteristic symptom clusters.,6,3,2,Progressive condition needing monitoring,Organ dysfunction,1,1
Progressive Neurological Neuropathy 727,Progressive Neurological Neuropathy 727 affects related physiological systems and may present with characteristic symptom clusters.,5,6,3,Chronic condition requiring long-term management,Secondary infection,0,0
Congenital Neurological Neuropathy 728,Congenital Neurological Neuropathy 728 affects related physiological systems and may present with characteristic symptom clusters.,2,0,4,Potentially severe if untreated,Inflammation complications,2,3
Inflammatory Neurological Neuropathy 729,Inflammatory Neurological Neuropathy 729 affects related physiological systems and may present with characteristic symptom clusters.,7,4,1,Acute onset may resolve with care,Metabolic imbalance,1,2
Metabolic Neurological Neuropathy 730,Metabolic Neurological Neuropathy 730 affects related physiological systems and may present with characteristic symptom clusters.,1,1,2,Progressive condition needing monitoring,Neurological complications,0,1
Acute Renal Neuropathy 731,Acute Renal Neuropathy 731 affects related physiological systems and may present with characteristic symptom clusters.,3,5,3,Chronic condition requiring long-term management,Organ dysfunction,2,0
Chronic Renal Neuropathy 732,Chronic Renal Neuropathy 732 affects related physiological systems and may present with characteristic symptom clusters.,4,2,4,Potentially severe if untreated,Secondary infection,1,3
Autoimmune Renal Neuropathy 733,Autoimmune Renal Neuropathy 733 affects related physiological systems and may present with characteristic symptom clusters.,0,7,1,Acute onset may resolve with care,Inflammation complications,0,2
Idiopathic Renal Neuropathy 734,Idiopathic Renal Neuropathy 734 affects related physiological systems and may present with characteristic symptom clusters.,6,3,2,Progressive condition needing monitoring,Metabolic imbalance,2,1
Primary Renal Neuropathy 735,Primary Renal Neuropathy 735 affects related physiological systems and may present with characteristic symptom clusters.,5,6,3,Chronic condition requiring long-term management,Neurological complications,1,0
Secondary Renal Neuropathy 736,Secondary Renal Neuropathy 736 affects related physiological systems and may present with characteristic symptom clusters.,2,0,4,Potentially severe if untreated,Organ dysfunction,0,3
Progressive Renal Neuropathy 737,Progressive Renal Neuropathy 737 affects related physiological systems and may present with characteristic symptom clusters.,7,4,1,Acute onset may resolve with care,Secondary infection,2,2
Congenital Renal Neuropathy 738,Congenital Renal Neuropathy 738 affects related physiological systems and may present with characteristic symptom clusters.,1,1,2,Progressive condition needing monitoring,Inflammation complications,1,1
Inflammatory Renal Neuropathy 739,Inflammatory Renal Neuropathy 739 affects related physiological systems and may present with characteristic symptom clusters.,3,5,3,Chronic condition requiring long-term management,Metabolic imbalance,0,0
Metabolic Renal Neuropathy 740,Metabolic Renal Neuropathy 740 affects related physiological systems and may present with characteristic symptom clusters.,4,2,4,Potentially severe if untreated,Neurological complications,2,3
Acute Hepatic Neuropathy 741,Acute Hepatic Neuropathy 741 affects related physiological systems and may present with characteristic symptom clusters.,0,7,1,Acute onset may resolve with care,Organ dysfunction,1,2
Chronic Hepatic Neuropathy 742,Chronic Hepatic Neuropathy 742 affects related physiological systems and may present with characteristic symptom clusters.,6,3,2,Progressive condition needing monitoring,Secondary infection,0,1
Autoimmune Hepatic Neuropathy 743,Autoimmune Hepatic Neuropathy 743 affects related physiological systems and may present with characteristic symptom clusters.,5,6,3,Chronic condition requiring long-term management,Inflammation complications,2,0
Idiopathic Hepatic Neuropathy 744,Idiopathic Hepatic Neuropathy 744 affects related physiological systems and may present with characteristic symptom clusters.,2,0,4,Potentially severe if untreated,Metabolic imbalance,1,3
Primary Hepatic Neuropathy 745,Primary Hepatic Neuropathy 745 affects related physiological systems and may present with characteristic symptom clusters.,7,4,1,Acute onset may resolve with care,Neurological complications,0,2
Secondary Hepatic Neuropathy 746,Secondary Hepatic Neuropathy 746 affects related physiological systems and may present with characteristic symptom clusters.,1,1,2,Progressive condition needing monitoring,Organ dysfunction,2,1
Progressive Hepatic Neuropathy 747,Progressive Hepatic Neuropathy 747 affects related physiological systems and may present with characteristic symptom clusters.,3,5,3,Chronic condition requiring long-term management,Secondary infection,1,0
Congenital Hepatic Neuropathy 748,Congenital Hepatic Neuropathy 748 affects related physiological systems and may present with characteristic symptom clusters.,4,2,4,Potentially severe if untreated,Inflammation complications,0,3
Inflammatory Hepatic Neuropathy 749,Inflammatory Hepatic Neuropathy 749 affects related physiological systems and may present with characteristic symptom clusters.,0,7,1,Acute onset may resolve with care,Metabolic imbalance,2,2
Metabolic Hepatic Neuropathy 750,Metabolic Hepatic Neuropathy 750 affects related physiological systems and may present with characteristic symptom clusters.,6,3,2,Progressive condition needing monitoring,Neurological complications,1,1
Acute Endocrine Neuropathy 751,Acute Endocrine Neuropathy 751 affects related physiological systems and may present with characteristic symptom clusters.,5,6,3,Chronic condition requiring long-term management,Organ dysfunction,0,0
Chronic Endocrine Neuropathy 752,Chronic Endocrine Neuropathy 752 affects related physiological systems and may present with characteristic symptom clusters.,2,0,4,Potentially severe if untreated,Secondary infection,2,3
Autoimmune Endocrine Neuropathy 753,Autoimmune Endocrine Neuropathy 753 affects related physiological systems and may present with characteristic symptom clusters.,7,4,1,Acute onset may resolve with care,Inflammation complications,1,2
Idiopathic Endocrine Neuropathy 754,Idiopathic Endocrine Neuropathy 754 affects related physiological systems and may present with characteristic symptom clusters.,1,1,2,Progressive condition needing monitoring,Metabolic imbalance,0,1
Primary Endocrine Neuropathy 755,Primary Endocrine Neuropathy 755 affects related physiological systems and may present with characteristic symptom clusters.,3,5,3,Chronic condition requiring long-term management,Neurological complications,2,0
Secondary Endocrine Neuropathy 756,Secondary Endocrine Neuropathy 756 affects related physiological systems and may present with characteristic symptom clusters.,4,2,4,Potentially severe if untreated,Organ dysfunction,1,3
Progressive Endocrine Neuropathy 757,Progressive Endocrine Neuropathy 757 affects related physiological systems and may present with characteristic symptom clusters.,0,7,1,Acute onset may resolve with care,Secondary infection,0,2
Congenital Endocrine Neuropathy 758,Congenital Endocrine Neuropathy 758 affects related physiological systems and may present with characteristic symptom clusters.,6,3,2,Progressive condition needing monitoring,Inflammation complications,2,1
Inflammatory Endocrine Neuropathy 759,Inflammatory Endocrine Neuropathy 759 affects related physiological systems and may present with characteristic symptom clusters.,5,6,3,Chronic condition requiring long-term management,Metabolic imbalance,1,0
Metabolic Endocrine Neuropathy 760,Metabolic Endocrine Neuropathy 760 affects related physiological systems and may present with characteristic symptom clusters.,2,0,4,Potentially severe if untreated,Neurological complications,0,3
Acute Gastro Neuropathy 761,Acute Gastro Neuropathy 761 affects related physiological systems and may present with characteristic symptom clusters.,7,4,1,Acute onset may resolve with care,Organ dysfunction,2,2
Chronic Gastro Neuropathy 762,Chronic Gastro Neuropathy 762 affects related physiological systems and may present with characteristic symptom clusters.,1,1,2,Progressive condition needing monitoring,Secondary infection,1,1
Autoimmune Gastro Neuropathy 763,Autoimmune Gastro Neuropathy 763 affects related physiological systems and may present with characteristic symptom clusters.,3,5,3,Chronic condition requiring long-term management,Inflammation complications,0,0
Idiopathic Gastro Neuropathy 764,Idiopathic Gastro Neuropathy 764 affects related physiological systems and may present with characteristic symptom clusters.,4,2,4,Potentially severe if untreated,Metabolic imbalance,2,3
Primary Gastro Neuropathy 765,Primary Gastro Neuropathy 765 affects related physiological systems and may present with characteristic symptom clusters.,0,7,1,Acute onset may resolve with care,Neurological complications,1,2
Secondary Gastro Neuropathy 766,Secondary Gastro Neuropathy 766 affects related physiological systems and may present with characteristic symptom clusters.,6,3,2,Progressive condition needing monitoring,Organ dysfunction,0,1
Progressive Gastro Neuropathy 767,Progressive Gastro Neuropathy 767 affects related physiological systems and may present with characteristic symptom clusters.,5,6,3,Chronic condition requiring long-term management,Secondary infection,2,0
Congenital Gastro Neuropathy 768,Congenital Gastro Neuropathy 768 affects related physiological systems and may present with characteristic symptom clusters.,2,0,4,Potentially severe if untreated,Inflammation complications,1,3
Inflammatory Gastro Neuropathy 769,Inflammatory Gastro Neuropathy 769 affects related physiological systems and may present with characteristic symptom clusters.,7,4,1,Acute onset may resolve with care,Metabolic imbalance,0,2
Metabolic Gastro Neuropathy 770,Metabolic Gastro Neuropathy 770 affects related physiological systems and may present with characteristic symptom clusters.,1,1,2,Progressive condition needing monitoring,Neurological complications,2,1
Acute Dermatologic Neuropathy 771,Acute Dermatologic Neuropathy 771 affects related physiological systems and may present with characteristic symptom clusters.,3,5,3,Chronic condition requiring long-term management,Organ dysfunction,1,0
Chronic Dermatologic Neuropathy 772,Chronic Dermatologic Neuropathy 772 affects related physiological systems and may present with characteristic symptom clusters.,4,2,4,Potentially severe if untreated,Secondary infection,0,3
Autoimmune Dermatologic Neuropathy 773,Autoimmune Dermatologic Neuropathy 773 affects related physiological systems and may present with characteristic symptom clusters.,0,7,1,Acute onset may resolve with care,Inflammation complications,2,2
Idiopathic Dermatologic Neuropathy 774,Idiopathic Dermatologic Neuropathy 774 affects related physiological systems and may present with characteristic symptom clusters.,6,3,2,Progressive condition needing monitoring,Metabolic imbalance,1,1
Primary Dermatologic Neuropathy 775,Primary Dermatologic Neuropathy 775 affects related physiological systems and may present with characteristic symptom clusters.,5,6,3,Chronic condition requiring long-term management,Neurological complications,0,0
Secondary Dermatologic Neuropathy 776,Secondary Dermatologic Neuropathy 776 affects related physiological systems and may present with characteristic symptom clusters.,2,0,4,Potentially severe if untreated,Organ dysfunction,2,3
Progressive Dermatologic Neuropathy 777,Progressive Dermatologic Neuropathy 777 affects related physiological systems and may present with characteristic symptom clusters.,7,4,1,Acute onset may resolve with care,Secondary infection,1,2
Congenital Dermatologic Neuropathy 778,Congenital Dermatologic Neuropathy 778 affects related physiological systems and may present with characteristic symptom clusters.,1,1,2,Progressive condition needing monitoring,Inflammation complications,0,1
Inflammatory Dermatologic Neuropathy 779,Inflammatory Dermatologic Neuropathy 779 affects related physiological systems and may present with characteristic symptom clusters.,3,5,3,Chronic condition requiring long-term management,Metabolic imbalance,2,0
Metabolic Dermatologic Neuropathy 780,Metabolic Dermatologic Neuropathy 780 affects related physiological systems and may present with characteristic symptom clusters.,4,2,4,Potentially severe if untreated,Neurological complications,1,3
Acute Hematologic Neuropathy 781,Acute Hematologic Neuropathy 781 affects related physiological systems and may present with characteristic symptom clusters.,0,7,1,Acute onset may resolve with care,Organ dysfunction,0,2
Chronic Hematologic Neuropathy 782,Chronic Hematologic Neuropathy 782 affects related physiological systems and may present with characteristic symptom clusters.,6,3,2,Progressive condition needing monitoring,Secondary infection,2,1
Autoimmune Hematologic Neuropathy 783,Autoimmune Hematologic Neuropathy 783 affects related physiological systems and may present with characteristic symptom clusters.,5,6,3,Chronic condition requiring long-term management,Inflammation complications,1,0
Idiopathic Hematologic Neuropathy 784,Idiopathic Hematologic Neuropathy 784 affects related physiological systems and may present with characteristic symptom clusters.,2,0,4,Potentially severe if untreated,Metabolic imbalance,0,3
Primary Hematologic Neuropathy 785,Primary Hematologic Neuropathy 785 affects related physiological systems and may present with characteristic symptom clusters.,7,4,1,Acute onset may resolve with care,Neurological complications,2,2
Secondary Hematologic Neuropathy 786,Secondary Hematologic Neuropathy 786 affects related physiological systems and may present with characteristic symptom clusters.,1,1,2,Progressive condition needing monitoring,Organ dysfunction,1,1
Progressive Hematologic Neuropathy 787,Progressive Hematologic Neuropathy 787 affects related physiological systems and may present with characteristic symptom clusters.,3,5,3,Chronic condition requiring long-term management,Secondary infection,0,0
Congenital Hematologic Neuropathy 788,Congenital Hematologic Neuropathy 788 affects related physiological systems and may present with characteristic symptom clusters.,4,2,4,Potentially severe if untreated,Inflammation complications,2,3
Inflammatory Hematologic Neuropathy 789,Inflammatory Hematologic Neuropathy 789 affects related physiological systems and may present with characteristic symptom clusters.,0,7,1,Acute onset may resolve with care,Metabolic imbalance,1,2
Metabolic Hematologic Neuropathy 790,Metabolic Hematologic Neuropathy 790 affects related physiological systems and may present with characteristic symptom clusters.,6,3,2,Progressive condition needing monitoring,Neurological complications,0,1
Acute Musculoskeletal Neuropathy 791,Acute Musculoskeletal Neuropathy 791 affects related physiological systems and may present with characteristic symptom clusters.,5,6,3,Chronic condition requiring long-term management,Organ dysfunction,2,0
Chronic Musculoskeletal Neuropathy 792,Chronic Musculoskeletal Neuropathy 792 affects related physiological systems and may present with characteristic symptom clusters.,2,0,4,Potentially severe if untreated,Secondary infection,1,3
Autoimmune Musculoskeletal Neuropathy 793,Autoimmune Musculoskeletal Neuropathy 793 affects related physiological systems and may present with characteristic symptom clusters.,7,4,1,Acute onset may resolve with care,Inflammation complications,0,2
Idiopathic Musculoskeletal Neuropathy 794,Idiopathic Musculoskeletal Neuropathy 794 affects related physiological systems and may present with characteristic symptom clusters.,1,1,2,Progressive condition needing monitoring,Metabolic imbalance,2,1
Primary Musculoskeletal Neuropathy 795,Primary Musculoskeletal Neuropathy 795 affects related physiological systems and may present with characteristic symptom clusters.,3,5,3,Chronic condition requiring long-term management,Neurological complications,1,0
Secondary Musculoskeletal Neuropathy 796,Secondary Musculoskeletal Neuropathy 796 affects related physiological systems and may present with characteristic symptom clusters.,4,2,4,Potentially severe if untreated,Organ dysfunction,0,3
Progressive Musculoskeletal Neuropathy 797,Progressive Musculoskeletal Neuropathy 797 affects related physiological systems and may present with characteristic symptom clusters.,0,7,1,Acute onset may resolve with care,Secondary infection,2,2
Congenital Musculoskeletal Neuropathy 798,Congenital Musculoskeletal Neuropathy 798 affects related physiological systems and may present with characteristic symptom clusters.,6,3,2,Progressive condition needing monitoring,Inflammation complications,1,1
Inflammatory Musculoskeletal Neuropathy 799,Inflammatory Musculoskeletal Neuropathy 799 affects related physiological systems and may present with characteristic symptom clusters.,5,6,3,Chronic condition requiring long-term management,Metabolic imbalance,0,0
Metabolic Musculoskeletal Neuropathy 800,Metabolic Musculoskeletal Neuropathy 800 affects related physiological systems and may present with characteristic symptom clusters.,2,0,4,Potentially severe if untreated,Neurological complications,2,3
Acute Respiratory Inflammation 801,Acute Respiratory Inflammation 801 affects related physiological systems and may present with characteristic symptom clusters.,7,4,1,Acute onset may resolve with care,Organ dysfunction,1,2
Chronic Respiratory Inflammation 802,Chronic Respiratory Inflammation 802 affects related physiological systems and may present with characteristic symptom clusters.,1,1,2,Progressive condition needing monitoring,Secondary infection,0,1
Autoimmune Respiratory Inflammation 803,Autoimmune Respiratory Inflammation 803 affects related physiological systems and may present with characteristic symptom clusters.,3,5,3,Chronic condition requiring long-term management,Inflammation complications,2,0
Idiopathic Respiratory Inflammation 804,Idiopathic Respiratory Inflammation 804 affects related physiological systems and may present with characteristic symptom clusters.,4,2,4,Potentially severe if untreated,Metabolic imbalance,1,3
Primary Respiratory Inflammation 805,Primary Respiratory Inflammation 805 affects related physiological systems and may present with characteristic symptom clusters.,0,7,1,Acute onset may resolve with care,Neurological complications,0,2
Secondary Respiratory Inflammation 806,Secondary Respiratory Inflammation 806 affects related physiological systems and may present with characteristic symptom clusters.,6,3,2,Progressive condition needing monitoring,Organ dysfunction,2,1
Progressive Respiratory Inflammation 807,Progressive Respiratory Inflammation 807 affects related physiological systems and may present with characteristic symptom clusters.,5,6,3,Chronic condition requiring long-term management,Secondary infection,1,0
Congenital Respiratory Inflammation 808,Congenital Respiratory Inflammation 808 affects related physiological systems and may present with characteristic symptom clusters.,2,0,4,Potentially severe if untreated,Inflammation complications,0,3
Inflammatory Respiratory Inflammation 809,Inflammatory Respiratory Inflammation 809 affects related physiological systems and may present with characteristic symptom clusters.,7,4,1,Acute onset may resolve with care,Metabolic imbalance,2,2
Metabolic Respiratory Inflammation 810,Metabolic Respiratory Inflammation 810 affects related physiological systems and may present with characteristic symptom clusters.,1,1,2,Progressive condition needing monitoring,Neurological complications,1,1
Acute Cardiac Inflammation 811,Acute Cardiac Inflammation 811 affects related physiological systems and may present with characteristic symptom clusters.,3,5,3,Chronic condition requiring long-term management,Organ dysfunction,0,0
Chronic Cardiac Inflammation 812,Chronic Cardiac Inflammation 812 affects related physiological systems and may present with characteristic symptom clusters.,4,2,4,Potentially severe if untreated,Secondary infection,2,3
Autoimmune Cardiac Inflammation 813,Autoimmune Cardiac Inflammation 813 affects related physiological systems and may present with characteristic symptom clusters.,0,7,1,Acute onset may resolve with care,Inflammation complications,1,2
Idiopathic Cardiac Inflammation 814,Idiopathic Cardiac Inflammation 814 affects related physiological systems and may present with characteristic symptom clusters.,6,3,2,Progressive condition needing monitoring,Metabolic imbalance,0,1
Primary Cardiac Inflammation 815,Primary Cardiac Inflammation 815 affects related physiological systems and may present with characteristic symptom clusters.,5,6,3,Chronic condition requiring long-term management,Neurological complications,2,0
Secondary Cardiac Inflammation 816,Secondary Cardiac Inflammation 816 affects related physiological systems and may present with characteristic symptom clusters.,2,0,4,Potentially severe if untreated,Organ dysfunction,1,3
Progressive Cardiac Inflammation 817,Progressive Cardiac Inflammation 817 affects related physiological systems and may present with characteristic symptom clusters.,7,4,1,Acute onset may resolve with care,Secondary infection,0,2
Congenital Cardiac Inflammation 818,Congenital Cardiac Inflammation 818 affects related physiological systems and may present with characteristic symptom clusters.,1,1,2,Progressive condition needing monitoring,Inflammation complications,2,1
Inflammatory Cardiac Inflammation 819,Inflammatory Cardiac Inflammation 819 affects related physiological systems and may present with characteristic symptom clusters.,3,5,3,Chronic condition requiring long-term management,Metabolic imbalance,1,0
Metabolic Cardiac Inflammation 820,Metabolic Cardiac Inflammation 820 affects related physiological systems and may present with characteristic symptom clusters.,4,2,4,Potentially severe if untreated,Neurological complications,0,3
Acute Neurological Inflammation 821,Acute Neurological Inflammation 821 affects related physiological systems and may present with characteristic symptom clusters.,0,7,1,Acute onset may resolve with care,Organ dysfunction,2,2
Chronic Neurological Inflammation 822,Chronic Neurological Inflammation 822 affects related physiological systems and may present with characteristic symptom clusters.,6,3,2,Progressive condition needing monitoring,Secondary infection,1,1
Autoimmune Neurological Inflammation 823,Autoimmune Neurological Inflammation 823 affects related physiological systems and may present with characteristic symptom clusters.,5,6,3,Chronic condition requiring long-term management,Inflammation complications,0,0
Idiopathic Neurological Inflammation 824,Idiopathic Neurological Inflammation 824 affects related physiological systems and may present with characteristic symptom clusters.,2,0,4,Potentially severe if untreated,Metabolic imbalance,2,3
Primary Neurological Inflammation 825,Primary Neurological Inflammation 825 affects related physiological systems and may present with characteristic symptom clusters.,7,4,1,Acute onset may resolve with care,Neurological complications,1,2
Secondary Neurological Inflammation 826,Secondary Neurological Inflammation 826 affects related physiological systems and may present with characteristic symptom clusters.,1,1,2,Progressive condition needing monitoring,Organ dysfunction,0,1
Progressive Neurological Inflammation 827,Progressive Neurological Inflammation 827 affects related physiological systems and may present with characteristic symptom clusters.,3,5,3,Chronic condition requiring long-term management,Secondary infection,2,0
Congenital Neurological Inflammation 828,Congenital Neurological Inflammation 828 affects related physiological systems and may present with characteristic symptom clusters.,4,2,4,Potentially severe if untreated,Inflammation complications,1,3
Inflammatory Neurological Inflammation 829,Inflammatory Neurological Inflammation 829 affects related physiological systems and may present with characteristic symptom clusters.,0,7,1,Acute onset may resolve with care,Metabolic imbalance,0,2
Metabolic Neurological Inflammation 830,Metabolic Neurological Inflammation 830 affects related physiological systems and may present with characteristic symptom clusters.,6,3,2,Progressive condition needing monitoring,Neurological complications,2,1
Acute Renal Inflammation 831,Acute Renal Inflammation 831 affects related physiological systems and may present with characteristic symptom clusters.,5,6,3,Chronic condition requiring long-term management,Organ dysfunction,1,0
Chronic Renal Inflammation 832,Chronic Renal Inflammation 832 affects related physiological systems and may present with characteristic symptom clusters.,2,0,4,Potentially severe if untreated,Secondary infection,0,3
Autoimmune Renal Inflammation 833,Autoimmune Renal Inflammation 833 affects related physiological systems and may present with characteristic symptom clusters.,7,4,1,Acute onset may resolve with care,Inflammation complications,2,2
Idiopathic Renal Inflammation 834,Idiopathic Renal Inflammation 834 affects related physiological systems and may present with characteristic symptom clusters.,1,1,2,Progressive condition needing monitoring,Metabolic imbalance,1,1
Primary Renal Inflammation 835,Primary Renal Inflammation 835 affects related physiological systems and may present with characteristic symptom clusters.,3,5,3,Chronic condition requiring long-term management,Neurological complications,0,0
Secondary Renal Inflammation 836,Secondary Renal Inflammation 836 affects related physiological systems and may present with characteristic symptom clusters.,4,2,4,Potentially severe if untreated,Organ dysfunction,2,3
Progressive Renal Inflammation 837,Progressive Renal Inflammation 837 affects related physiological systems and may present with characteristic symptom clusters.,0,7,1,Acute onset may resolve with care,Secondary infection,1,2
Congenital Renal Inflammation 838,Congenital Renal Inflammation 838 affects related physiological systems and may present with characteristic symptom clusters.,6,3,2,Progressive condition needing monitoring,Inflammation complications,0,1
Inflammatory Renal Inflammation 839,Inflammatory Renal Inflammation 839 affects related physiological systems and may present with characteristic symptom clusters.,5,6,3,Chronic condition requiring long-term management,Metabolic imbalance,2,0
Metabolic Renal Inflammation 840,Metabolic Renal Inflammation 840 affects related physiological systems and may present with characteristic symptom clusters.,2,0,4,Potentially severe if untreated,Neurological complications,1,3
Acute Hepatic Inflammation 841,Acute Hepatic Inflammation 841 affects related physiological systems and may present with characteristic symptom clusters.,7,4,1,Acute onset may resolve with care,Organ dysfunction,0,2
Chronic Hepatic Inflammation 842,Chronic Hepatic Inflammation 842 affects related physiological systems and may present with characteristic symptom clusters.,1,1,2,Progressive condition needing monitoring,Secondary infection,2,1
Autoimmune Hepatic Inflammation 843,Autoimmune Hepatic Inflammation 843 affects related physiological systems and may present with characteristic symptom clusters.,3,5,3,Chronic condition requiring long-term management,Inflammation complications,1,0
Idiopathic Hepatic Inflammation 844,Idiopathic Hepatic Inflammation 844 affects related physiological systems and may present with characteristic symptom clusters.,4,2,4,Potentially severe if untreated,Metabolic imbalance,0,3
Primary Hepatic Inflammation 845,Primary Hepatic Inflammation 845 affects related physiological systems and may present with characteristic symptom clusters.,0,7,1,Acute onset may resolve with care,Neurological complications,2,2
Secondary Hepatic Inflammation 846,Secondary Hepatic Inflammation 846 affects related physiological systems and may present with characteristic symptom clusters.,6,3,2,Progressive condition needing monitoring,Organ dysfunction,1,1
Progressive Hepatic Inflammation 847,Progressive Hepatic Inflammation 847 affects related physiological systems and may present with characteristic symptom clusters.,5,6,3,Chronic condition requiring long-term management,Secondary infection,0,0
Congenital Hepatic Inflammation 848,Congenital Hepatic Inflammation 848 affects related physiological systems and may present with characteristic symptom clusters.,2,0,4,Potentially severe if untreated,Inflammation complications,2,3
Inflammatory Hepatic Inflammation 849,Inflammatory Hepatic Inflammation 849 affects related physiological systems and may present with characteristic symptom clusters.,7,4,1,Acute onset may resolve with care,Metabolic imbalance,1,2
Metabolic Hepatic Inflammation 850,Metabolic Hepatic Inflammation 850 affects related physiological systems and may present with characteristic symptom clusters.,1,1,2,Progressive condition needing monitoring,Neurological complications,0,1
Acute Endocrine Inflammation 851,Acute Endocrine Inflammation 851 affects related physiological systems and may present with characteristic symptom clusters.,3,5,3,Chronic condition requiring long-term management,Organ dysfunction,2,0
Chronic Endocrine Inflammation 852,Chronic Endocrine Inflammation 852 affects related physiological systems and may present with characteristic symptom clusters.,4,2,4,Potentially severe if untreated,Secondary infection,1,3
Autoimmune Endocrine Inflammation 853,Autoimmune Endocrine Inflammation 853 affects related physiological systems and may present with characteristic symptom clusters.,0,7,1,Acute onset may resolve with care,Inflammation complications,0,2
Idiopathic Endocrine Inflammation 854,Idiopathic Endocrine Inflammation 854 affects related physiological systems and may present with characteristic symptom clusters.,6,3,2,Progressive condition needing monitoring,Metabolic imbalance,2,1
Primary Endocrine Inflammation 855,Primary Endocrine Inflammation 855 affects related physiological systems and may present with characteristic symptom clusters.,5,6,3,Chronic condition requiring long-term management,Neurological complications,1,0
Secondary Endocrine Inflammation 856,Secondary Endocrine Inflammation 856 affects related physiological systems and may present with characteristic symptom clusters.,2,0,4,Potentially severe if untreated,Organ dysfunction,0,3
Progressive Endocrine Inflammation 857,Progressive Endocrine Inflammation 857 affects related physiological systems and may present with characteristic symptom clusters.,7,4,1,Acute onset may resolve with care,Secondary infection,2,2
Congenital Endocrine Inflammation 858,Congenital Endocrine Inflammation 858 affects related physiological systems and may present with characteristic symptom clusters.,1,1,2,Progressive condition needing monitoring,Inflammation complications,1,1
Inflammatory Endocrine Inflammation 859,Inflammatory Endocrine Inflammation 859 affects related physiological systems and may present with characteristic symptom clusters.,3,5,3,Chronic condition requiring long-term management,Metabolic imbalance,0,0
Metabolic Endocrine Inflammation 860,Metabolic Endocrine Inflammation 860 affects related physiological systems and may present with characteristic symptom clusters.,4,2,4,Potentially severe if untreated,Neurological complications,2,3
Acute Gastro Inflammation 861,Acute Gastro Inflammation 861 affects related physiological systems and may present with characteristic symptom clusters.,0,7,1,Acute onset may resolve with care,Organ dysfunction,1,2
Chronic Gastro Inflammation 862,Chronic Gastro Inflammation 862 affects related physiological systems and may present with characteristic symptom clusters.,6,3,2,Progressive condition needing monitoring,Secondary infection,0,1
Autoimmune Gastro Inflammation 863,Autoimmune Gastro Inflammation 863 affects related physiological systems and may present with characteristic symptom clusters.,5,6,3,Chronic condition requiring long-term management,Inflammation complications,2,0
Idiopathic Gastro Inflammation 864,Idiopathic Gastro Inflammation 864 affects related physiological systems and may present with characteristic symptom clusters.,2,0,4,Potentially severe if untreated,Metabolic imbalance,1,3
Primary Gastro Inflammation 865,Primary Gastro Inflammation 865 affects related physiological systems and may present with characteristic symptom clusters.,7,4,1,Acute onset may resolve with care,Neurological complications,0,2
Secondary Gastro Inflammation 866,Secondary Gastro Inflammation 866 affects related physiological systems and may present with characteristic symptom clusters.,1,1,2,Progressive condition needing monitoring,Organ dysfunction,2,1
Progressive Gastro Inflammation 867,Progressive Gastro Inflammation 867 affects related physiological systems and may present with characteristic symptom clusters.,3,5,3,Chronic condition requiring long-term management,Secondary infection,1,0
Congenital Gastro Inflammation 868,Congenital Gastro Inflammation 868 affects related physiological systems and may present with characteristic symptom clusters.,4,2,4,Potentially severe if untreated,Inflammation complications,0,3
Inflammatory Gastro Inflammation 869,Inflammatory Gastro Inflammation 869 affects related physiological systems and may present with characteristic symptom clusters.,0,7,1,Acute onset may resolve with care,Metabolic imbalance,2,2
Metabolic Gastro Inflammation 870,Metabolic Gastro Inflammation 870 affects related physiological systems and may present with characteristic symptom clusters.,6,3,2,Progressive condition needing monitoring,Neurological complications,1,1
Acute Dermatologic Inflammation 871,Acute Dermatologic Inflammation 871 affects related physiological systems and may present with characteristic symptom clusters.,5,6,3,Chronic condition requiring long-term management,Organ dysfunction,0,0
Chronic Dermatologic Inflammation 872,Chronic Dermatologic Inflammation 872 affects related physiological systems and may present with characteristic symptom clusters.,2,0,4,Potentially severe if untreated,Secondary infection,2,3
Autoimmune Dermatologic Inflammation 873,Autoimmune Dermatologic Inflammation 873 affects related physiological systems and may present with characteristic symptom clusters.,7,4,1,Acute onset may resolve with care,Inflammation complications,1,2
Idiopathic Dermatologic Inflammation 874,Idiopathic Dermatologic Inflammation 874 affects related physiological systems and may present with characteristic symptom clusters.,1,1,2,Progressive condition needing monitoring,Metabolic imbalance,0,1
Primary Dermatologic Inflammation 875,Primary Dermatologic Inflammation 875 affects related physiological systems and may present with characteristic symptom clusters.,3,5,3,Chronic condition requiring long-term management,Neurological complications,2,0
Secondary Dermatologic Inflammation 876,Secondary Dermatologic Inflammation 876 affects related physiological systems and may present with characteristic symptom clusters.,4,2,4,Potentially severe if untreated,Organ dysfunction,1,3
Progressive Dermatologic Inflammation 877,Progressive Dermatologic Inflammation 877 affects related physiological systems and may present with characteristic symptom clusters.,0,7,1,Acute onset may resolve with care,Secondary infection,0,2
Congenital Dermatologic Inflammation 878,Congenital Dermatologic Inflammation 878 affects related physiological systems and may present with characteristic symptom clusters.,6,3,2,Progressive condition needing monitoring,Inflammation complications,2,1
Inflammatory Dermatologic Inflammation 879,Inflammatory Dermatologic Inflammation 879 affects related physiological systems and may present with characteristic symptom clusters.,5,6,3,Chronic condition requiring long-term management,Metabolic imbalance,1,0
Metabolic Dermatologic Inflammation 880,Metabolic Dermatologic Inflammation 880 affects related physiological systems and may present with characteristic symptom clusters.,2,0,4,Potentially severe if untreated,Neurological complications,0,3
Acute Hematologic Inflammation 881,Acute Hematologic Inflammation 881 affects related physiological systems and may present with characteristic symptom clusters.,7,4,1,Acute onset may resolve with care,Organ dysfunction,2,2
Chronic Hematologic Inflammation 882,Chronic Hematologic Inflammation 882 affects related physiological systems and may present with characteristic symptom clusters.,1,1,2,Progressive condition needing monitoring,Secondary infection,1,1
Autoimmune Hematologic Inflammation 883,Autoimmune Hematologic Inflammation 883 affects related physiological systems and may present with characteristic symptom clusters.,3,5,3,Chronic condition requiring long-term management,Inflammation complications,0,0
Idiopathic Hematologic Inflammation 884,Idiopathic Hematologic Inflammation 884 affects related physiological systems and may present with characteristic symptom clusters.,4,2,4,Potentially severe if untreated,Metabolic imbalance,2,3
Primary Hematologic Inflammation 885,Primary Hematologic Inflammation 885 affects related physiological systems and may present with characteristic symptom clusters.,0,7,1,Acute onset may resolve with care,Neurological complications,1,2
Secondary Hematologic Inflammation 886,Secondary Hematologic Inflammation 886 affects related physiological systems and may present with characteristic symptom clusters.,6,3,2,Progressive condition needing monitoring,Organ dysfunction,0,1
Progressive Hematologic Inflammation 887,Progressive Hematologic Inflammation 887 affects related physiological systems and may present with characteristic symptom clusters.,5,6,3,Chronic condition requiring long-term management,Secondary infection,2,0
Congenital Hematologic Inflammation 888,Congenital Hematologic Inflammation 888 affects related physiological systems and may present with characteristic symptom clusters.,2,0,4,Potentially severe if untreated,Inflammation complications,1,3
Inflammatory Hematologic Inflammation 889,Inflammatory Hematologic Inflammation 889 affects related physiological systems and may present with characteristic symptom clusters.,7,4,1,Acute onset may resolve with care,Metabolic imbalance,0,2
Metabolic Hematologic Inflammation 890,Metabolic Hematologic Inflammation 890 affects related physiological systems and may present with characteristic symptom clusters.,1,1,2,Progressive condition needing monitoring,Neurological complications,2,1
Acute Musculoskeletal Inflammation 891,Acute Musculoskeletal Inflammation 891 affects related physiological systems and may present with characteristic symptom clusters.,3,5,3,Chronic condition requiring long-term management,Organ dysfunction,1,0
Chronic Musculoskeletal Inflammation 892,Chronic Musculoskeletal Inflammation 892 affects related physiological systems and may present with characteristic symptom clusters.,4,2,4,Potentially severe if untreated,Secondary infection,0,3
Autoimmune Musculoskeletal Inflammation 893,Autoimmune Musculoskeletal Inflammation 893 affects related physiological systems and may present with characteristic symptom clusters.,0,7,1,Acute onset may resolve with care,Inflammation complications,2,2
Idiopathic Musculoskeletal Inflammation 894,Idiopathic Musculoskeletal Inflammation 894 affects related physiological systems and may present with characteristic symptom clusters.,6,3,2,Progressive condition needing monitoring,Metabolic imbalance,1,1
Primary Musculoskeletal Inflammation 895,Primary Musculoskeletal Inflammation 895 affects related physiological systems and may present with characteristic symptom clusters.,5,6,3,Chronic condition requiring long-term management,Neurological complications,0,0
Secondary Musculoskeletal Inflammation 896,Secondary Musculoskeletal Inflammation 896 affects related physiological systems and may present with characteristic symptom clusters.,2,0,4,Potentially severe if untreated,Organ dysfunction,2,3
Progressive Musculoskeletal Inflammation 897,Progressive Musculoskeletal Inflammation 897 affects related physiological systems and may present with characteristic symptom clusters.,7,4,1,Acute onset may resolve with care,Secondary infection,1,2
Congenital Musculoskeletal Inflammation 898,Congenital Musculoskeletal Inflammation 898 affects related physiological systems and may present with characteristic symptom clusters.,1,1,2,Progressive condition needing monitoring,Inflammation complications,0,1
Inflammatory Musculoskeletal Inflammation 899,Inflammatory Musculoskeletal Inflammation 899 affects related physiological systems and may present with characteristic symptom clusters.,3,5,3,Chronic condition requiring long-term management,Metabolic imbalance,2,0
Metabolic Musculoskeletal Inflammation 900,Metabolic Musculoskeletal Inflammation 900 affects related physiological systems and may present with characteristic symptom clusters.,4,2,4,Potentially severe if untreated,Neurological complications,1,3
Acute Respiratory Degeneration 901,Acute Respiratory Degeneration 901 affects related physiological systems and may present with characteristic symptom clusters.,0,7,1,Acute onset may resolve with care,Organ dysfunction,0,2
Chronic Respiratory Degeneration 902,Chronic Respiratory Degeneration 902 affects related physiological systems and may present with characteristic symptom clusters.,6,3,2,Progressive condition needing monitoring,Secondary infection,2,1
Autoimmune Respiratory Degeneration 903,Autoimmune Respiratory Degeneration 903 affects related physiological systems and may present with characteristic symptom clusters.,5,6,3,Chronic condition requiring long-term management,Inflammation complications,1,0
Idiopathic Respiratory Degeneration 904,Idiopathic Respiratory Degeneration 904 affects related physiological systems and may present with characteristic symptom clusters.,2,0,4,Potentially severe if untreated,Metabolic imbalance,0,3
Primary Respiratory Degeneration 905,Primary Respiratory Degeneration 905 affects related physiological systems and may present with characteristic symptom clusters.,7,4,1,Acute onset may resolve with care,Neurological complications,2,2
Secondary Respiratory Degeneration 906,Secondary Respiratory Degeneration 906 affects related physiological systems and may present with characteristic symptom clusters.,1,1,2,Progressive condition needing monitoring,Organ dysfunction,1,1
Progressive Respiratory Degeneration 907,Progressive Respiratory Degeneration 907 affects related physiological systems and may present with characteristic symptom clusters.,3,5,3,Chronic condition requiring long-term management,Secondary infection,0,0
Congenital Respiratory Degeneration 908,Congenital Respiratory Degeneration 908 affects related physiological systems and may present with characteristic symptom clusters.,4,2,4,Potentially severe if untreated,Inflammation complications,2,3
Inflammatory Respiratory Degeneration 909,Inflammatory Respiratory Degeneration 909 affects related physiological systems and may present with characteristic symptom clusters.,0,7,1,Acute onset may resolve with care,Metabolic imbalance,1,2
Metabolic Respiratory Degeneration 910,Metabolic Respiratory Degeneration 910 affects related physiological systems and may present with characteristic symptom clusters.,6,3,2,Progressive condition needing monitoring,Neurological complications,0,1
Acute Cardiac Degeneration 911,Acute Cardiac Degeneration 911 affects related physiological systems and may present with characteristic symptom clusters.,5,6,3,Chronic condition requiring long-term management,Organ dysfunction,2,0
Chronic Cardiac Degeneration 912,Chronic Cardiac Degeneration 912 affects related physiological systems and may present with characteristic symptom clusters.,2,0,4,Potentially severe if untreated,Secondary infection,1,3
Autoimmune Cardiac Degeneration 913,Autoimmune Cardiac Degeneration 913 affects related physiological systems and may present with characteristic symptom clusters.,7,4,1,Acute onset may resolve with care,Inflammation complications,0,2
Idiopathic Cardiac Degeneration 914,Idiopathic Cardiac Degeneration 914 affects related physiological systems and may present with characteristic symptom clusters.,1,1,2,Progressive condition needing monitoring,Metabolic imbalance,2,1
Primary Cardiac Degeneration 915,Primary Cardiac Degeneration 915 affects related physiological systems and may present with characteristic symptom clusters.,3,5,3,Chronic condition requiring long-term management,Neurological complications,1,0
Secondary Cardiac Degeneration 916,Secondary Cardiac Degeneration 916 affects related physiological systems and may present with characteristic symptom clusters.,4,2,4,Potentially severe if untreated,Organ dysfunction,0,3
Progressive Cardiac Degeneration 917,Progressive Cardiac Degeneration 917 affects related physiological systems and may present with characteristic symptom clusters.,0,7,1,Acute onset may resolve with care,Secondary infection,2,2
Congenital Cardiac Degeneration 918,Congenital Cardiac Degeneration 918 affects related physiological systems and may present with characteristic symptom clusters.,6,3,2,Progressive condition needing monitoring,Inflammation complications,1,1
Inflammatory Cardiac Degeneration 919,Inflammatory Cardiac Degeneration 919 affects related physiological systems and may present with characteristic symptom clusters.,5,6,3,Chronic condition requiring long-term management,Metabolic imbalance,0,0
Metabolic Cardiac Degeneration 920,Metabolic Cardiac Degeneration 920 affects related physiological systems and may present with characteristic symptom clusters.,2,0,4,Potentially severe if untreated,Neurological complications,2,3
Acute Neurological Degeneration 921,Acute Neurological Degeneration 921 affects related physiological systems and may present with characteristic symptom clusters.,7,4,1,Acute onset may resolve with care,Organ dysfunction,1,2
Chronic Neurological Degeneration 922,Chronic Neurological Degeneration 922 affects related physiological systems and may present with characteristic symptom clusters.,1,1,2,Progressive condition needing monitoring,Secondary infection,0,1
Autoimmune Neurological Degeneration 923,Autoimmune Neurological Degeneration 923 affects related physiological systems and may present with characteristic symptom clusters.,3,5,3,Chronic condition requiring long-term management,Inflammation complications,2,0
Idiopathic Neurological Degeneration 924,Idiopathic Neurological Degeneration 924 affects related physiological systems and may present with characteristic symptom clusters.,4,2,4,Potentially severe if untreated,Metabolic imbalance,1,3
Primary Neurological Degeneration 925,Primary Neurological Degeneration 925 affects related physiological systems and may present with characteristic symptom clusters.,0,7,1,Acute onset may resolve with care,Neurological complications,0,2
Secondary Neurological Degeneration 926,Secondary Neurological Degeneration 926 affects related physiological systems and may present with characteristic symptom clusters.,6,3,2,Progressive condition needing monitoring,Organ dysfunction,2,1
Progressive Neurological Degeneration 927,Progressive Neurological Degeneration 927 affects related physiological systems and may present with characteristic symptom clusters.,5,6,3,Chronic condition requiring long-term management,Secondary infection,1,0
Congenital Neurological Degeneration 928,Congenital Neurological Degeneration 928 affects related physiological systems and may present with characteristic symptom clusters.,2,0,4,Potentially severe if untreated,Inflammation complications,0,3
Inflammatory Neurological Degeneration 929,Inflammatory Neurological Degeneration 929 affects related physiological systems and may present with characteristic symptom clusters.,7,4,1,Acute onset may resolve with care,Metabolic imbalance,2,2
Metabolic Neurological Degeneration 930,Metabolic Neurological Degeneration 930 affects related physiological systems and may present with characteristic symptom clusters.,1,1,2,Progressive condition needing monitoring,Neurological complications,1,1
Acute Renal Degeneration 931,Acute Renal Degeneration 931 affects related physiological systems and may present with characteristic symptom clusters.,3,5,3,Chronic condition requiring long-term management,Organ dysfunction,0,0
Chronic Renal Degeneration 932,Chronic Renal Degeneration 932 affects related physiological systems and may present with characteristic symptom clusters.,4,2,4,Potentially severe if untreated,Secondary infection,2,3
Autoimmune Renal Degeneration 933,Autoimmune Renal Degeneration 933 affects related physiological systems and may present with characteristic symptom clusters.,0,7,1,Acute onset may resolve with care,Inflammation complications,1,2
Idiopathic Renal Degeneration 934,Idiopathic Renal Degeneration 934 affects related physiological systems and may present with characteristic symptom clusters.,6,3,2,Progressive condition needing monitoring,Metabolic imbalance,0,1
Primary Renal Degeneration 935,Primary Renal Degeneration 935 affects related physiological systems and may present with characteristic symptom clusters.,5,6,3,Chronic condition requiring long-term management,Neurological complications,2,0
Secondary Renal Degeneration 936,Secondary Renal Degeneration 936 affects related physiological systems and may present with characteristic symptom clusters.,2,0,4,Potentially severe if untreated,Organ dysfunction,1,3
Progressive Renal Degeneration 937,Progressive Renal Degeneration 937 affects related physiological systems and may present with characteristic symptom clusters.,7,4,1,Acute onset may resolve with care,Secondary infection,0,2
Congenital Renal Degeneration 938,Congenital Renal Degeneration 938 affects related physiological systems and may present with characteristic symptom clusters.,1,1,2,Progressive condition needing monitoring,Inflammation complications,2,1
Inflammatory Renal Degeneration 939,Inflammatory Renal Degeneration 939 affects related physiological systems and may present with characteristic symptom clusters.,3,5,3,Chronic condition requiring long-term management,Metabolic imbalance,1,0
Metabolic Renal Degeneration 940,Metabolic Renal Degeneration 940 affects related physiological systems and may present with characteristic symptom clusters.,4,2,4,Potentially severe if untreated,Neurological complications,0,3
Acute Hepatic Degeneration 941,Acute Hepatic Degeneration 941 affects related physiological systems and may present with characteristic symptom clusters.,0,7,1,Acute onset may resolve with care,Organ dysfunction,2,2
Chronic Hepatic Degeneration 942,Chronic Hepatic Degeneration 942 affects related physiological systems and may present with characteristic symptom clusters.,6,3,2,Progressive condition needing monitoring,Secondary infection,1,1
Autoimmune Hepatic Degeneration 943,Autoimmune Hepatic Degeneration 943 affects related physiological systems and may present with characteristic symptom clusters.,5,6,3,Chronic condition requiring long-term management,Inflammation complications,0,0
Idiopathic Hepatic Degeneration 944,Idiopathic Hepatic Degeneration 944 affects related physiological systems and may present with characteristic symptom clusters.,2,0,4,Potentially severe if untreated,Metabolic imbalance,2,3
Primary Hepatic Degeneration 945,Primary Hepatic Degeneration 945 affects related physiological systems and may present with characteristic symptom clusters.,7,4,1,Acute onset may resolve with care,Neurological complications,1,2
Secondary Hepatic Degeneration 946,Secondary Hepatic Degeneration 946 affects related physiological systems and may present with characteristic symptom clusters.,1,1,2,Progressive condition needing monitoring,Organ dysfunction,0,1
Progressive Hepatic Degeneration 947,Progressive Hepatic Degeneration 947 affects related physiological systems and may present with characteristic symptom clusters.,3,5,3,Chronic condition requiring long-term management,Secondary infection,2,0
Congenital Hepatic Degeneration 948,Congenital Hepatic Degeneration 948 affects related physiological systems and may present with characteristic symptom clusters.,4,2,4,Potentially severe if untreated,Inflammation complications,1,3
Inflammatory Hepatic Degeneration 949,Inflammatory Hepatic Degeneration 949 affects related physiological systems and may present with characteristic symptom clusters.,0,7,1,Acute onset may resolve with care,Metabolic imbalance,0,2
Metabolic Hepatic Degeneration 950,Metabolic Hepatic Degeneration 950 affects related physiological systems and may present with characteristic symptom clusters.,6,3,2,Progressive condition needing monitoring,Neurological complications,2,1
Acute Endocrine Degeneration 951,Acute Endocrine Degeneration 951 affects related physiological systems and may present with characteristic symptom clusters.,5,6,3,Chronic condition requiring long-term management,Organ dysfunction,1,0
Chronic Endocrine Degeneration 952,Chronic Endocrine Degeneration 952 affects related physiological systems and may present with characteristic symptom clusters.,2,0,4,Potentially severe if untreated,Secondary infection,0,3
Autoimmune Endocrine Degeneration 953,Autoimmune Endocrine Degeneration 953 affects related physiological systems and may present with characteristic symptom clusters.,7,4,1,Acute onset may resolve with care,Inflammation complications,2,2
Idiopathic Endocrine Degeneration 954,Idiopathic Endocrine Degeneration 954 affects related physiological systems and may present with characteristic symptom clusters.,1,1,2,Progressive condition needing monitoring,Metabolic imbalance,1,1
Primary Endocrine Degeneration 955,Primary Endocrine Degeneration 955 affects related physiological systems and may present with characteristic symptom clusters.,3,5,3,Chronic condition requiring long-term management,Neurological complications,0,0
Secondary Endocrine Degeneration 956,Secondary Endocrine Degeneration 956 affects related physiological systems and may present with characteristic symptom clusters.,4,2,4,Potentially severe if untreated,Organ dysfunction,2,3
Progressive Endocrine Degeneration 957,Progressive Endocrine Degeneration 957 affects related physiological systems and may present with characteristic symptom clusters.,0,7,1,Acute onset may resolve with care,Secondary infection,1,2
Congenital Endocrine Degeneration 958,Congenital Endocrine Degeneration 958 affects related physiological systems and may present with characteristic symptom clusters.,6,3,2,Progressive condition needing monitoring,Inflammation complications,0,1
Inflammatory Endocrine Degeneration 959,Inflammatory Endocrine Degeneration 959 affects related physiological systems and may present with characteristic symptom clusters.,5,6,3,Chronic condition requiring long-term management,Metabolic imbalance,2,0
Metabolic Endocrine Degeneration 960,Metabolic Endocrine Degeneration 960 affects related physiological systems and may present with characteristic symptom clusters.,2,0,4,Potentially severe if untreated,Neurological complications,1,3
Acute Gastro Degeneration 961,Acute Gastro Degeneration 961 affects related physiological systems and may present with characteristic symptom clusters.,7,4,1,Acute onset may resolve with care,Organ dysfunction,0,2
Chronic Gastro Degeneration 962,Chronic Gastro Degeneration 962 affects related physiological systems and may present with characteristic symptom clusters.,1,1,2,Progressive condition needing monitoring,Secondary infection,2,1
Autoimmune Gastro Degeneration 963,Autoimmune Gastro Degeneration 963 affects related physiological systems and may present with characteristic symptom clusters.,3,5,3,Chronic condition requiring long-term management,Inflammation complications,1,0
Idiopathic Gastro Degeneration 964,Idiopathic Gastro Degeneration 964 affects related physiological systems and may present with characteristic symptom clusters.,4,2,4,Potentially severe if untreated,Metabolic imbalance,0,3
Primary Gastro Degeneration 965,Primary Gastro Degeneration 965 affects related physiological systems and may present with characteristic symptom clusters.,0,7,1,Acute onset may resolve with care,Neurological complications,2,2
Secondary Gastro Degeneration 966,Secondary Gastro Degeneration 966 affects related physiological systems and may present with characteristic symptom clusters.,6,3,2,Progressive condition needing monitoring,Organ dysfunction,1,1
Progressive Gastro Degeneration 967,Progressive Gastro Degeneration 967 affects related physiological systems and may present with characteristic symptom clusters.,5,6,3,Chronic condition requiring long-term management,Secondary infection,0,0
Congenital Gastro Degeneration 968,Congenital Gastro Degeneration 968 affects related physiological systems and may present with characteristic symptom clusters.,2,0,4,Potentially severe if untreated,Inflammation complications,2,3
Inflammatory Gastro Degeneration 969,Inflammatory Gastro Degeneration 969 affects related physiological systems and may present with characteristic symptom clusters.,7,4,1,Acute onset may resolve with care,Metabolic imbalance,1,2
Metabolic Gastro Degeneration 970,Metabolic Gastro Degeneration 970 affects related physiological systems and may present with characteristic symptom clusters.,1,1,2,Progressive condition needing monitoring,Neurological complications,0,1
Acute Dermatologic Degeneration 971,Acute Dermatologic Degeneration 971 affects related physiological systems and may present with characteristic symptom clusters.,3,5,3,Chronic condition requiring long-term management,Organ dysfunction,2,0
Chronic Dermatologic Degeneration 972,Chronic Dermatologic Degeneration 972 affects related physiological systems and may present with characteristic symptom clusters.,4,2,4,Potentially severe if untreated,Secondary infection,1,3
Autoimmune Dermatologic Degeneration 973,Autoimmune Dermatologic Degeneration 973 affects related physiological systems and may present with characteristic symptom clusters.,0,7,1,Acute onset may resolve with care,Inflammation complications,0,2
Idiopathic Dermatologic Degeneration 974,Idiopathic Dermatologic Degeneration 974 affects related physiological systems and may present with characteristic symptom clusters.,6,3,2,Progressive condition needing monitoring,Metabolic imbalance,2,1
Primary Dermatologic Degeneration 975,Primary Dermatologic Degeneration 975 affects related physiological systems and may present with characteristic symptom clusters.,5,6,3,Chronic condition requiring long-term management,Neurological complications,1,0
Secondary Dermatologic Degeneration 976,Secondary Dermatologic Degeneration 976 affects related physiological systems and may present with characteristic symptom clusters.,2,0,4,Potentially severe if untreated,Organ dysfunction,0,3
Progressive Dermatologic Degeneration 977,Progressive Dermatologic Degeneration 977 affects related physiological systems and may present with characteristic symptom clusters.,7,4,1,Acute onset may resolve with care,Secondary infection,2,2
Congenital Dermatologic Degeneration 978,Congenital Dermatologic Degeneration 978 affects related physiological systems and may present with characteristic symptom clusters.,1,1,2,Progressive condition needing monitoring,Inflammation complications,1,1
Inflammatory Dermatologic Degeneration 979,Inflammatory Dermatologic Degeneration 979 affects related physiological systems and may present with characteristic symptom clusters.,3,5,3,Chronic condition requiring long-term management,Metabolic imbalance,0,0
Metabolic Dermatologic Degeneration 980,Metabolic Dermatologic Degeneration 980 affects related physiological systems and may present with characteristic symptom clusters.,4,2,4,Potentially severe if untreated,Neurological complications,2,3
Acute Hematologic Degeneration 981,Acute Hematologic Degeneration 981 affects related physiological systems and may present with characteristic symptom clusters.,0,7,1,Acute onset may resolve with care,Organ dysfunction,1,2
Chronic Hematologic Degeneration 982,Chronic Hematologic Degeneration 982 affects related physiological systems and may present with characteristic symptom clusters.,6,3,2,Progressive condition needing monitoring,Secondary infection,0,1
Autoimmune Hematologic Degeneration 983,Autoimmune Hematologic Degeneration 983 affects related physiological systems and may present with characteristic symptom clusters.,5,6,3,Chronic condition requiring long-term management,Inflammation complications,2,0
Idiopathic Hematologic Degeneration 984,Idiopathic Hematologic Degeneration 984 affects related physiological systems and may present with characteristic symptom clusters.,2,0,4,Potentially severe if untreated,Metabolic imbalance,1,3
Primary Hematologic Degeneration 985,Primary Hematologic Degeneration 985 affects related physiological systems and may present with characteristic symptom clusters.,7,4,1,Acute onset may resolve with care,Neurological complications,0,2
Secondary Hematologic Degeneration 986,Secondary Hematologic Degeneration 986 affects related physiological systems and may present with characteristic symptom clusters.,1,1,2,Progressive condition needing monitoring,Organ dysfunction,2,1
Progressive Hematologic Degeneration 987,Progressive Hematologic Degeneration 987 affects related physiological systems and may present with characteristic symptom clusters.,3,5,3,Chronic condition requiring long-term management,Secondary infection,1,0
Congenital Hematologic Degeneration 988,Congenital Hematologic Degeneration 988 affects related physiological systems and may present with characteristic symptom clusters.,4,2,4,Potentially severe if untreated,Inflammation complications,0,3
Inflammatory Hematologic Degeneration 989,Inflammatory Hematologic Degeneration 989 affects related physiological systems and may present with characteristic symptom clusters.,0,7,1,Acute onset may resolve with care,Metabolic imbalance,2,2
Metabolic Hematologic Degeneration 990,Metabolic Hematologic Degeneration 990 affects related physiological systems and may present with characteristic symptom clusters.,6,3,2,Progressive condition needing monitoring,Neurological complications,1,1
Acute Musculoskeletal Degeneration 991,Acute Musculoskeletal Degeneration 991 affects related physiological systems and may present with characteristic symptom clusters.,5,6,3,Chronic condition requiring long-term management,Organ dysfunction,0,0
Chronic Musculoskeletal Degeneration 992,Chronic Musculoskeletal Degeneration 992 affects related physiological systems and may present with characteristic symptom clusters.,2,0,4,Potentially severe if untreated,Secondary infection,2,3
Autoimmune Musculoskeletal Degeneration 993,Autoimmune Musculoskeletal Degeneration 993 affects related physiological systems and may present with characteristic symptom clusters.,7,4,1,Acute onset may resolve with care,Inflammation complications,1,2
Idiopathic Musculoskeletal Degeneration 994,Idiopathic Musculoskeletal Degeneration 994 affects related physiological systems and may present with characteristic symptom clusters.,1,1,2,Progressive condition needing monitoring,Metabolic imbalance,0,1
Primary Musculoskeletal Degeneration 995,Primary Musculoskeletal Degeneration 995 affects related physiological systems and may present with characteristic symptom clusters.,3,5,3,Chronic condition requiring long-term management,Neurological complications,2,0
Secondary Musculoskeletal Degeneration 996,Secondary Musculoskeletal Degeneration 996 affects related physiological systems and may present with characteristic symptom clusters.,4,2,4,Potentially severe if untreated,Organ dysfunction,1,3
Progressive Musculoskeletal Degeneration 997,Progressive Musculoskeletal Degeneration 997 affects related physiological systems and may present with characteristic symptom clusters.,0,7,1,Acute onset may resolve with care,Secondary infection,0,2
Congenital Musculoskeletal Degeneration 998,Congenital Musculoskeletal Degeneration 998 affects related physiological systems and may present with characteristic symptom clusters.,6,3,2,Progressive condition needing monitoring,Inflammation complications,2,1
Inflammatory Musculoskeletal Degeneration 999,Inflammatory Musculoskeletal Degeneration 999 affects related physiological systems and may present with characteristic symptom clusters.,5,6,3,Chronic condition requiring long-term management,Metabolic imbalance,1,0
Metabolic Musculoskeletal Degeneration 1000,Metabolic Musculoskeletal Degeneration 1000 affects related physiological systems and may present with characteristic symptom clusters.,2,0,4,Potentially severe if untreated,Neurological complications,0,3
Acute Respiratory Syndrome 1,Acute Respiratory Syndrome 1 affects related physiological systems and may present with characteristic symptom clusters.,7,4,1,Acute onset may resolve with care,Organ dysfunction,2,2
Chronic Respiratory Syndrome 2,Chronic Respiratory Syndrome 2 affects related physiological systems and may present with characteristic symptom clusters.,1,1,2,Progressive condition needing monitoring,Secondary infection,1,1
Autoimmune Respiratory Syndrome 3,Autoimmune Respiratory Syndrome 3 affects related physiological systems and may present with characteristic symptom clusters.,3,5,3,Chronic condition requiring long-term management,Inflammation complications,0,0
Idiopathic Respiratory Syndrome 4,Idiopathic Respiratory Syndrome 4 affects related physiological systems and may present with characteristic symptom clusters.,4,2,4,Potentially severe if untreated,Metabolic imbalance,2,3
Primary Respiratory Syndrome 5,Primary Respiratory Syndrome 5 affects related physiological systems and may present with characteristic symptom clusters.,0,7,1,Acute onset may resolve with care,Neurological complications,1,2
Secondary Respiratory Syndrome 6,Secondary Respiratory Syndrome 6 affects related physiological systems and may present with characteristic symptom clusters.,6,3,2,Progressive condition needing monitoring,Organ dysfunction,0,1
Progressive Respiratory Syndrome 7,Progressive Respiratory Syndrome 7 affects related physiological systems and may present with characteristic symptom clusters.,5,6,3,Chronic condition requiring long-term management,Secondary infection,2,0
Congenital Respiratory Syndrome 8,Congenital Respiratory Syndrome 8 affects related physiological systems and may present with characteristic symptom clusters.,2,0,4,Potentially severe if untreated,Inflammation complications,1,3
Inflammatory Respiratory Syndrome 9,Inflammatory Respiratory Syndrome 9 affects related physiological systems and may present with characteristic symptom clusters.,7,4,1,Acute onset may resolve with care,Metabolic imbalance,0,2
Metabolic Respiratory Syndrome 10,Metabolic Respiratory Syndrome 10 affects related physiological systems and may present with characteristic symptom clusters.,1,1,2,Progressive condition needing monitoring,Neurological complications,2,1
Acute Cardiac Syndrome 11,Acute Cardiac Syndrome 11 affects related physiological systems and may present with characteristic symptom clusters.,3,5,3,Chronic condition requiring long-term management,Organ dysfunction,1,0
Chronic Cardiac Syndrome 12,Chronic Cardiac Syndrome 12 affects related physiological systems and may present with characteristic symptom clusters.,4,2,4,Potentially severe if untreated,Secondary infection,0,3
Autoimmune Cardiac Syndrome 13,Autoimmune Cardiac Syndrome 13 affects related physiological systems and may present with characteristic symptom clusters.,0,7,1,Acute onset may resolve with care,Inflammation complications,2,2
Idiopathic Cardiac Syndrome 14,Idiopathic Cardiac Syndrome 14 affects related physiological systems and may present with characteristic symptom clusters.,6,3,2,Progressive condition needing monitoring,Metabolic imbalance,1,1
Primary Cardiac Syndrome 15,Primary Cardiac Syndrome 15 affects related physiological systems and may present with characteristic symptom clusters.,5,6,3,Chronic condition requiring long-term management,Neurological complications,0,0
Secondary Cardiac Syndrome 16,Secondary Cardiac Syndrome 16 affects related physiological systems and may present with characteristic symptom clusters.,2,0,4,Potentially severe if untreated,Organ dysfunction,2,3
Progressive Cardiac Syndrome 17,Progressive Cardiac Syndrome 17 affects related physiological systems and may present with characteristic symptom clusters.,7,4,1,Acute onset may resolve with care,Secondary infection,1,2
Congenital Cardiac Syndrome 18,Congenital Cardiac Syndrome 18 affects related physiological systems and may present with characteristic symptom clusters.,1,1,2,Progressive condition needing monitoring,Inflammation complications,0,1
Inflammatory Cardiac Syndrome 19,Inflammatory Cardiac Syndrome 19 affects related physiological systems and may present with characteristic symptom clusters.,3,5,3,Chronic condition requiring long-term management,Metabolic imbalance,2,0
Metabolic Cardiac Syndrome 20,Metabolic Cardiac Syndrome 20 affects related physiological systems and may present with characteristic symptom clusters.,4,2,4,Potentially severe if untreated,Neurological complications,1,3
Acute Neurological Syndrome 21,Acute Neurological Syndrome 21 affects related physiological systems and may present with characteristic symptom clusters.,0,7,1,Acute onset may resolve with care,Organ dysfunction,0,2
Chronic Neurological Syndrome 22,Chronic Neurological Syndrome 22 affects related physiological systems and may present with characteristic symptom clusters.,6,3,2,Progressive condition needing monitoring,Secondary infection,2,1
Autoimmune Neurological Syndrome 23,Autoimmune Neurological Syndrome 23 affects related physiological systems and may present with characteristic symptom clusters.,5,6,3,Chronic condition requiring long-term management,Inflammation complications,1,0
Idiopathic Neurological Syndrome 24,Idiopathic Neurological Syndrome 24 affects related physiological systems and may present with characteristic symptom clusters.,2,0,4,Potentially severe if untreated,Metabolic imbalance,0,3
Primary Neurological Syndrome 25,Primary Neurological Syndrome 25 affects related physiological systems and may present with characteristic symptom clusters.,7,4,1,Acute onset may resolve with care,Neurological complications,2,2
Secondary Neurological Syndrome 26,Secondary Neurological Syndrome 26 affects related physiological systems and may present with characteristic symptom clusters.,1,1,2,Progressive condition needing monitoring,Organ dysfunction,1,1
Progressive Neurological Syndrome 27,Progressive Neurological Syndrome 27 affects related physiological systems and may present with characteristic symptom clusters.,3,5,3,Chronic condition requiring long-term management,Secondary infection,0,0
Congenital Neurological Syndrome 28,Congenital Neurological Syndrome 28 affects related physiological systems and may present with characteristic symptom clusters.,4,2,4,Potentially severe if untreated,Inflammation complications,2,3
Inflammatory Neurological Syndrome 29,Inflammatory Neurological Syndrome 29 affects related physiological systems and may present with characteristic symptom clusters.,0,7,1,Acute onset may resolve with care,Metabolic imbalance,1,2
Metabolic Neurological Syndrome 30,Metabolic Neurological Syndrome 30 affects related physiological systems and may present with characteristic symptom clusters.,6,3,2,Progressive condition needing monitoring,Neurological complications,0,1
Acute Renal Syndrome 31,Acute Renal Syndrome 31 affects related physiological systems and may present with characteristic symptom clusters.,5,6,3,Chronic condition requiring long-term management,Organ dysfunction,2,0
Chronic Renal Syndrome 32,Chronic Renal Syndrome 32 affects related physiological systems and may present with characteristic symptom clusters.,2,0,4,Potentially severe if untreated,Secondary infection,1,3
Autoimmune Renal Syndrome 33,Autoimmune Renal Syndrome 33 affects related physiological systems and may present with characteristic symptom clusters.,7,4,1,Acute onset may resolve with care,Inflammation complications,0,2
Idiopathic Renal Syndrome 34,Idiopathic Renal Syndrome 34 affects related physiological systems and may present with characteristic symptom clusters.,1,1,2,Progressive condition needing monitoring,Metabolic imbalance,2,1
Primary Renal Syndrome 35,Primary Renal Syndrome 35 affects related physiological systems and may present with characteristic symptom clusters.,3,5,3,Chronic condition requiring long-term management,Neurological complications,1,0
Secondary Renal Syndrome 36,Secondary Renal Syndrome 36 affects related physiological systems and may present with characteristic symptom clusters.,4,2,4,Potentially severe if untreated,Organ dysfunction,0,3
Progressive Renal Syndrome 37,Progressive Renal Syndrome 37 affects related physiological systems and may present with characteristic symptom clusters.,0,7,1,Acute onset may resolve with care,Secondary infection,2,2
Congenital Renal Syndrome 38,Congenital Renal Syndrome 38 affects related physiological systems and may present with characteristic symptom clusters.,6,3,2,Progressive condition needing monitoring,Inflammation complications,1,1
Inflammatory Renal Syndrome 39,Inflammatory Renal Syndrome 39 affects related physiological systems and may present with characteristic symptom clusters.,5,6,3,Chronic condition requiring long-term management,Metabolic imbalance,0,0
Metabolic Renal Syndrome 40,Metabolic Renal Syndrome 40 affects related physiological systems and may present with characteristic symptom clusters.,2,0,4,Potentially severe if untreated,Neurological complications,2,3
Acute Hepatic Syndrome 41,Acute Hepatic Syndrome 41 affects related physiological systems and may present with characteristic symptom clusters.,7,4,1,Acute onset may resolve with care,Organ dysfunction,1,2
Chronic Hepatic Syndrome 42,Chronic Hepatic Syndrome 42 affects related physiological systems and may present with characteristic symptom clusters.,1,1,2,Progressive condition needing monitoring,Secondary infection,0,1
Autoimmune Hepatic Syndrome 43,Autoimmune Hepatic Syndrome 43 affects related physiological systems and may present with characteristic symptom clusters.,3,5,3,Chronic condition requiring long-term management,Inflammation complications,2,0
Idiopathic Hepatic Syndrome 44,Idiopathic Hepatic Syndrome 44 affects related physiological systems and may present with characteristic symptom clusters.,4,2,4,Potentially severe if untreated,Metabolic imbalance,1,3
Primary Hepatic Syndrome 45,Primary Hepatic Syndrome 45 affects related physiological systems and may present with characteristic symptom clusters.,0,7,1,Acute onset may resolve with care,Neurological complications,0,2
Secondary Hepatic Syndrome 46,Secondary Hepatic Syndrome 46 affects related physiological systems and may present with characteristic symptom clusters.,6,3,2,Progressive condition needing monitoring,Organ dysfunction,2,1
Progressive Hepatic Syndrome 47,Progressive Hepatic Syndrome 47 affects related physiological systems and may present with characteristic symptom clusters.,5,6,3,Chronic condition requiring long-term management,Secondary infection,1,0
Congenital Hepatic Syndrome 48,Congenital Hepatic Syndrome 48 affects related physiological systems and may present with characteristic symptom clusters.,2,0,4,Potentially severe if untreated,Inflammation complications,0,3
Inflammatory Hepatic Syndrome 49,Inflammatory Hepatic Syndrome 49 affects related physiological systems and may present with characteristic symptom clusters.,7,4,1,Acute onset may resolve with care,Metabolic imbalance,2,2
Metabolic Hepatic Syndrome 50,Metabolic Hepatic Syndrome 50 affects related physiological systems and may present with characteristic symptom clusters.,1,1,2,Progressive condition needing monitoring,Neurological complications,1,1
Acute Endocrine Syndrome 51,Acute Endocrine Syndrome 51 affects related physiological systems and may present with characteristic symptom clusters.,3,5,3,Chronic condition requiring long-term management,Organ dysfunction,0,0
Chronic Endocrine Syndrome 52,Chronic Endocrine Syndrome 52 affects related physiological systems and may present with characteristic symptom clusters.,4,2,4,Potentially severe if untreated,Secondary infection,2,3
Autoimmune Endocrine Syndrome 53,Autoimmune Endocrine Syndrome 53 affects related physiological systems and may present with characteristic symptom clusters.,0,7,1,Acute onset may resolve with care,Inflammation complications,1,2
Idiopathic Endocrine Syndrome 54,Idiopathic Endocrine Syndrome 54 affects related physiological systems and may present with characteristic symptom clusters.,6,3,2,Progressive condition needing monitoring,Metabolic imbalance,0,1
Primary Endocrine Syndrome 55,Primary Endocrine Syndrome 55 affects related physiological systems and may present with characteristic symptom clusters.,5,6,3,Chronic condition requiring long-term management,Neurological complications,2,0
Secondary Endocrine Syndrome 56,Secondary Endocrine Syndrome 56 affects related physiological systems and may present with characteristic symptom clusters.,2,0,4,Potentially severe if untreated,Organ dysfunction,1,3
Progressive Endocrine Syndrome 57,Progressive Endocrine Syndrome 57 affects related physiological systems and may present with characteristic symptom clusters.,7,4,1,Acute onset may resolve with care,Secondary infection,0,2
Congenital Endocrine Syndrome 58,Congenital Endocrine Syndrome 58 affects related physiological systems and may present with characteristic symptom clusters.,1,1,2,Progressive condition needing monitoring,Inflammation complications,2,1
Inflammatory Endocrine Syndrome 59,Inflammatory Endocrine Syndrome 59 affects related physiological systems and may present with characteristic symptom clusters.,3,5,3,Chronic condition requiring long-term management,Metabolic imbalance,1,0
Metabolic Endocrine Syndrome 60,Metabolic Endocrine Syndrome 60 affects related physiological systems and may present with characteristic symptom clusters.,4,2,4,Potentially severe if untreated,Neurological complications,0,3
Acute Gastro Syndrome 61,Acute Gastro Syndrome 61 affects related physiological systems and may present with characteristic symptom clusters.,0,7,1,Acute onset may resolve with care,Organ dysfunction,2,2
Chronic Gastro Syndrome 62,Chronic Gastro Syndrome 62 affects related physiological systems and may present with characteristic symptom clusters.,6,3,2,Progressive condition needing monitoring,Secondary infection,1,1
Autoimmune Gastro Syndrome 63,Autoimmune Gastro Syndrome 63 affects related physiological systems and may present with characteristic symptom clusters.,5,6,3,Chronic condition requiring long-term management,Inflammation complications,0,0
Idiopathic Gastro Syndrome 64,Idiopathic Gastro Syndrome 64 affects related physiological systems and may present with characteristic symptom clusters.,2,0,4,Potentially severe if untreated,Metabolic imbalance,2,3
Primary Gastro Syndrome 65,Primary Gastro Syndrome 65 affects related physiological systems and may present with characteristic symptom clusters.,7,4,1,Acute onset may resolve with care,Neurological complications,1,2
Secondary Gastro Syndrome 66,Secondary Gastro Syndrome 66 affects related physiological systems and may present with characteristic symptom clusters.,1,1,2,Progressive condition needing monitoring,Organ dysfunction,0,1
Progressive Gastro Syndrome 67,Progressive Gastro Syndrome 67 affects related physiological systems and may present with characteristic symptom clusters.,3,5,3,Chronic condition requiring long-term management,Secondary infection,2,0
Congenital Gastro Syndrome 68,Congenital Gastro Syndrome 68 affects related physiological systems and may present with characteristic symptom clusters.,4,2,4,Potentially severe if untreated,Inflammation complications,1,3
Inflammatory Gastro Syndrome 69,Inflammatory Gastro Syndrome 69 affects related physiological systems and may present with characteristic symptom clusters.,0,7,1,Acute onset may resolve with care,Metabolic imbalance,0,2
Metabolic Gastro Syndrome 70,Metabolic Gastro Syndrome 70 affects related physiological systems and may present with characteristic symptom clusters.,6,3,2,Progressive condition needing monitoring,Neurological complications,2,1
Acute Dermatologic Syndrome 71,Acute Dermatologic Syndrome 71 affects related physiological systems and may present with characteristic symptom clusters.,5,6,3,Chronic condition requiring long-term management,Organ dysfunction,1,0
Chronic Dermatologic Syndrome 72,Chronic Dermatologic Syndrome 72 affects related physiological systems and may present with characteristic symptom clusters.,2,0,4,Potentially severe if untreated,Secondary infection,0,3
Autoimmune Dermatologic Syndrome 73,Autoimmune Dermatologic Syndrome 73 affects related physiological systems and may present with characteristic symptom clusters.,7,4,1,Acute onset may resolve with care,Inflammation complications,2,2
Idiopathic Dermatologic Syndrome 74,Idiopathic Dermatologic Syndrome 74 affects related physiological systems and may present with characteristic symptom clusters.,1,1,2,Progressive condition needing monitoring,Metabolic imbalance,1,1
Primary Dermatologic Syndrome 75,Primary Dermatologic Syndrome 75 affects related physiological systems and may present with characteristic symptom clusters.,3,5,3,Chronic condition requiring long-term management,Neurological complications,0,0
Secondary Dermatologic Syndrome 76,Secondary Dermatologic Syndrome 76 affects related physiological systems and may present with characteristic symptom clusters.,4,2,4,Potentially severe if untreated,Organ dysfunction,2,3
Progressive Dermatologic Syndrome 77,Progressive Dermatologic Syndrome 77 affects related physiological systems and may present with characteristic symptom clusters.,0,7,1,Acute onset may resolve with care,Secondary infection,1,2
Congenital Dermatologic Syndrome 78,Congenital Dermatologic Syndrome 78 affects related physiological systems and may present with characteristic symptom clusters.,6,3,2,Progressive condition needing monitoring,Inflammation complications,0,1
Inflammatory Dermatologic Syndrome 79,Inflammatory Dermatologic Syndrome 79 affects related physiological systems and may present with characteristic symptom clusters.,5,6,3,Chronic condition requiring long-term management,Metabolic imbalance,2,0
Metabolic Dermatologic Syndrome 80,Metabolic Dermatologic Syndrome 80 affects related physiological systems and may present with characteristic symptom clusters.,2,0,4,Potentially severe if untreated,Neurological complications,1,3
Acute Hematologic Syndrome 81,Acute Hematologic Syndrome 81 affects related physiological systems and may present with characteristic symptom clusters.,7,4,1,Acute onset may resolve with care,Organ dysfunction,0,2
Chronic Hematologic Syndrome 82,Chronic Hematologic Syndrome 82 affects related physiological systems and may present with characteristic symptom clusters.,1,1,2,Progressive condition needing monitoring,Secondary infection,2,1
Autoimmune Hematologic Syndrome 83,Autoimmune Hematologic Syndrome 83 affects related physiological systems and may present with characteristic symptom clusters.,3,5,3,Chronic condition requiring long-term management,Inflammation complications,1,0
Idiopathic Hematologic Syndrome 84,Idiopathic Hematologic Syndrome 84 affects related physiological systems and may present with characteristic symptom clusters.,4,2,4,Potentially severe if untreated,Metabolic imbalance,0,3
Primary Hematologic Syndrome 85,Primary Hematologic Syndrome 85 affects related physiological systems and may present with characteristic symptom clusters.,0,7,1,Acute onset may resolve with care,Neurological complications,2,2
Secondary Hematologic Syndrome 86,Secondary Hematologic Syndrome 86 affects related physiological systems and may present with characteristic symptom clusters.,6,3,2,Progressive condition needing monitoring,Organ dysfunction,1,1
Progressive Hematologic Syndrome 87,Progressive Hematologic Syndrome 87 affects related physiological systems and may present with characteristic symptom clusters.,5,6,3,Chronic condition requiring long-term management,Secondary infection,0,0
Congenital Hematologic Syndrome 88,Congenital Hematologic Syndrome 88 affects related physiological systems and may present with characteristic symptom clusters.,2,0,4,Potentially severe if untreated,Inflammation complications,2,3
Inflammatory Hematologic Syndrome 89,Inflammatory Hematologic Syndrome 89 affects related physiological systems and may present with characteristic symptom clusters.,7,4,1,Acute onset may resolve with care,Metabolic imbalance,1,2
Metabolic Hematologic Syndrome 90,Metabolic Hematologic Syndrome 90 affects related physiological systems and may present with characteristic symptom clusters.,1,1,2,Progressive condition needing monitoring,Neurological complications,0,1
Acute Musculoskeletal Syndrome 91,Acute Musculoskeletal Syndrome 91 affects related physiological systems and may present with characteristic symptom clusters.,3,5,3,Chronic condition requiring long-term management,Organ dysfunction,2,0
Chronic Musculoskeletal Syndrome 92,Chronic Musculoskeletal Syndrome 92 affects related physiological systems and may present with characteristic symptom clusters.,4,2,4,Potentially severe if untreated,Secondary infection,1,3
Autoimmune Musculoskeletal Syndrome 93,Autoimmune Musculoskeletal Syndrome 93 affects related physiological systems and may present with characteristic symptom clusters.,0,7,1,Acute onset may resolve with care,Inflammation complications,0,2
Idiopathic Musculoskeletal Syndrome 94,Idiopathic Musculoskeletal Syndrome 94 affects related physiological systems and may present with characteristic symptom clusters.,6,3,2,Progressive condition needing monitoring,Metabolic imbalance,2,1
Primary Musculoskeletal Syndrome 95,Primary Musculoskeletal Syndrome 95 affects related physiological systems and may present with characteristic symptom clusters.,5,6,3,Chronic condition requiring long-term management,Neurological complications,1,0
Secondary Musculoskeletal Syndrome 96,Secondary Musculoskeletal Syndrome 96 affects related physiological systems and may present with characteristic symptom clusters.,2,0,4,Potentially severe if untreated,Organ dysfunction,0,3
Progressive Musculoskeletal Syndrome 97,Progressive Musculoskeletal Syndrome 97 affects related physiological systems and may present with characteristic symptom clusters.,7,4,1,Acute onset may resolve with care,Secondary infection,2,2
Congenital Musculoskeletal Syndrome 98,Congenital Musculoskeletal Syndrome 98 affects related physiological systems and may present with characteristic symptom clusters.,1,1,2,Progressive condition needing monitoring,Inflammation complications,1,1
Inflammatory Musculoskeletal Syndrome 99,Inflammatory Musculoskeletal Syndrome 99 affects related physiological systems and may present with characteristic symptom clusters.,3,5,3,Chronic condition requiring long-term management,Metabolic imbalance,0,0
Metabolic Musculoskeletal Syndrome 100,Metabolic Musculoskeletal Syndrome 100 affects related physiological systems and may present with characteristic symptom clusters.,4,2,4,Potentially severe if untreated,Neurological complications,2,3
Acute Respiratory Disorder 101,Acute Respiratory Disorder 101 affects related physiological systems and may present with characteristic symptom clusters.,0,7,1,Acute onset may resolve with care,Organ dysfunction,1,2
Chronic Respiratory Disorder 102,Chronic Respiratory Disorder 102 affects related physiological systems and may present with characteristic symptom clusters.,6,3,2,Progressive condition needing monitoring,Secondary infection,0,1
Autoimmune Respiratory Disorder 103,Autoimmune Respiratory Disorder 103 affects related physiological systems and may present with characteristic symptom clusters.,5,6,3,Chronic condition requiring long-term management,Inflammation complications,2,0
Idiopathic Respiratory Disorder 104,Idiopathic Respiratory Disorder 104 affects related physiological systems and may present with characteristic symptom clusters.,2,0,4,Potentially severe if untreated,Metabolic imbalance,1,3
Primary Respiratory Disorder 105,Primary Respiratory Disorder 105 affects related physiological systems and may present with characteristic symptom clusters.,7,4,1,Acute onset may resolve with care,Neurological complications,0,2
Secondary Respiratory Disorder 106,Secondary Respiratory Disorder 106 affects related physiological systems and may present with characteristic symptom clusters.,1,1,2,Progressive condition needing monitoring,Organ dysfunction,2,1
Progressive Respiratory Disorder 107,Progressive Respiratory Disorder 107 affects related physiological systems and may present with characteristic symptom clusters.,3,5,3,Chronic condition requiring long-term management,Secondary infection,1,0
Congenital Respiratory Disorder 108,Congenital Respiratory Disorder 108 affects related physiological systems and may present with characteristic symptom clusters.,4,2,4,Potentially severe if untreated,Inflammation complications,0,3
Inflammatory Respiratory Disorder 109,Inflammatory Respiratory Disorder 109 affects related physiological systems and may present with characteristic symptom clusters.,0,7,1,Acute onset may resolve with care,Metabolic imbalance,2,2
Metabolic Respiratory Disorder 110,Metabolic Respiratory Disorder 110 affects related physiological systems and may present with characteristic symptom clusters.,6,3,2,Progressive condition needing monitoring,Neurological complications,1,1
Acute Cardiac Disorder 111,Acute Cardiac Disorder 111 affects related physiological systems and may present with characteristic symptom clusters.,5,6,3,Chronic condition requiring long-term management,Organ dysfunction,0,0
Chronic Cardiac Disorder 112,Chronic Cardiac Disorder 112 affects related physiological systems and may present with characteristic symptom clusters.,2,0,4,Potentially severe if untreated,Secondary infection,2,3
Autoimmune Cardiac Disorder 113,Autoimmune Cardiac Disorder 113 affects related physiological systems and may present with characteristic symptom clusters.,7,4,1,Acute onset may resolve with care,Inflammation complications,1,2
Idiopathic Cardiac Disorder 114,Idiopathic Cardiac Disorder 114 affects related physiological systems and may present with characteristic symptom clusters.,1,1,2,Progressive condition needing monitoring,Metabolic imbalance,0,1
Primary Cardiac Disorder 115,Primary Cardiac Disorder 115 affects related physiological systems and may present with characteristic symptom clusters.,3,5,3,Chronic condition requiring long-term management,Neurological complications,2,0
Secondary Cardiac Disorder 116,Secondary Cardiac Disorder 116 affects related physiological systems and may present with characteristic symptom clusters.,4,2,4,Potentially severe if untreated,Organ dysfunction,1,3
Progressive Cardiac Disorder 117,Progressive Cardiac Disorder 117 affects related physiological systems and may present with characteristic symptom clusters.,0,7,1,Acute onset may resolve with care,Secondary infection,0,2
Congenital Cardiac Disorder 118,Congenital Cardiac Disorder 118 affects related physiological systems and may present with characteristic symptom clusters.,6,3,2,Progressive condition needing monitoring,Inflammation complications,2,1
Inflammatory Cardiac Disorder 119,Inflammatory Cardiac Disorder 119 affects related physiological systems and may present with characteristic symptom clusters.,5,6,3,Chronic condition requiring long-term management,Metabolic imbalance,1,0
Metabolic Cardiac Disorder 120,Metabolic Cardiac Disorder 120 affects related physiological systems and may present with characteristic symptom clusters.,2,0,4,Potentially severe if untreated,Neurological complications,0,3
Acute Neurological Disorder 121,Acute Neurological Disorder 121 affects related physiological systems and may present with characteristic symptom clusters.,7,4,1,Acute onset may resolve with care,Organ dysfunction,2,2
Chronic Neurological Disorder 122,Chronic Neurological Disorder 122 affects related physiological systems and may present with characteristic symptom clusters.,1,1,2,Progressive condition needing monitoring,Secondary infection,1,1
Autoimmune Neurological Disorder 123,Autoimmune Neurological Disorder 123 affects related physiological systems and may present with characteristic symptom clusters.,3,5,3,Chronic condition requiring long-term management,Inflammation complications,0,0
Idiopathic Neurological Disorder 124,Idiopathic Neurological Disorder 124 affects related physiological systems and may present with characteristic symptom clusters.,4,2,4,Potentially severe if untreated,Metabolic imbalance,2,3
Primary Neurological Disorder 125,Primary Neurological Disorder 125 affects related physiological systems and may present with characteristic symptom clusters.,0,7,1,Acute onset may resolve with care,Neurological complications,1,2
Secondary Neurological Disorder 126,Secondary Neurological Disorder 126 affects related physiological systems and may present with characteristic symptom clusters.,6,3,2,Progressive condition needing monitoring,Organ dysfunction,0,1
Progressive Neurological Disorder 127,Progressive Neurological Disorder 127 affects related physiological systems and may present with characteristic symptom clusters.,5,6,3,Chronic condition requiring long-term management,Secondary infection,2,0
Congenital Neurological Disorder 128,Congenital Neurological Disorder 128 affects related physiological systems and may present with characteristic symptom clusters.,2,0,4,Potentially severe if untreated,Inflammation complications,1,3
Inflammatory Neurological Disorder 129,Inflammatory Neurological Disorder 129 affects related physiological systems and may present with characteristic symptom clusters.,7,4,1,Acute onset may resolve with care,Metabolic imbalance,0,2
Metabolic Neurological Disorder 130,Metabolic Neurological Disorder 130 affects related physiological systems and may present with characteristic symptom clusters.,1,1,2,Progressive condition needing monitoring,Neurological complications,2,1
Acute Renal Disorder 131,Acute Renal Disorder 131 affects related physiological systems and may present with characteristic symptom clusters.,3,5,3,Chronic condition requiring long-term management,Organ dysfunction,1,0
Chronic Renal Disorder 132,Chronic Renal Disorder 132 affects related physiological systems and may present with characteristic symptom clusters.,4,2,4,Potentially severe if untreated,Secondary infection,0,3
Autoimmune Renal Disorder 133,Autoimmune Renal Disorder 133 affects related physiological systems and may present with characteristic symptom clusters.,0,7,1,Acute onset may resolve with care,Inflammation complications,2,2
Idiopathic Renal Disorder 134,Idiopathic Renal Disorder 134 affects related physiological systems and may present with characteristic symptom clusters.,6,3,2,Progressive condition needing monitoring,Metabolic imbalance,1,1
Primary Renal Disorder 135,Primary Renal Disorder 135 affects related physiological systems and may present with characteristic symptom clusters.,5,6,3,Chronic condition requiring long-term management,Neurological complications,0,0
Secondary Renal Disorder 136,Secondary Renal Disorder 136 affects related physiological systems and may present with characteristic symptom clusters.,2,0,4,Potentially severe if untreated,Organ dysfunction,2,3
Progressive Renal Disorder 137,Progressive Renal Disorder 137 affects related physiological systems and may present with characteristic symptom clusters.,7,4,1,Acute onset may resolve with care,Secondary infection,1,2
Congenital Renal Disorder 138,Congenital Renal Disorder 138 affects related physiological systems and may present with characteristic symptom clusters.,1,1,2,Progressive condition needing monitoring,Inflammation complications,0,1
Inflammatory Renal Disorder 139,Inflammatory Renal Disorder 139 affects related physiological systems and may present with characteristic symptom clusters.,3,5,3,Chronic condition requiring long-term management,Metabolic imbalance,2,0
Metabolic Renal Disorder 140,Metabolic Renal Disorder 140 affects related physiological systems and may present with characteristic symptom clusters.,4,2,4,Potentially severe if untreated,Neurological complications,1,3
Acute Hepatic Disorder 141,Acute Hepatic Disorder 141 affects related physiological systems and may present with characteristic symptom clusters.,0,7,1,Acute onset may resolve with care,Organ dysfunction,0,2
Chronic Hepatic Disorder 142,Chronic Hepatic Disorder 142 affects related physiological systems and may present with characteristic symptom clusters.,6,3,2,Progressive condition needing monitoring,Secondary infection,2,1
Autoimmune Hepatic Disorder 143,Autoimmune Hepatic Disorder 143 affects related physiological systems and may present with characteristic symptom clusters.,5,6,3,Chronic condition requiring long-term management,Inflammation complications,1,0
Idiopathic Hepatic Disorder 144,Idiopathic Hepatic Disorder 144 affects related physiological systems and may present with characteristic symptom clusters.,2,0,4,Potentially severe if untreated,Metabolic imbalance,0,3
Primary Hepatic Disorder 145,Primary Hepatic Disorder 145 affects related physiological systems and may present with characteristic symptom clusters.,7,4,1,Acute onset may resolve with care,Neurological complications,2,2
Secondary Hepatic Disorder 146,Secondary Hepatic Disorder 146 affects related physiological systems and may present with characteristic symptom clusters.,1,1,2,Progressive condition needing monitoring,Organ dysfunction,1,1
Progressive Hepatic Disorder 147,Progressive Hepatic Disorder 147 affects related physiological systems and may present with characteristic symptom clusters.,3,5,3,Chronic condition requiring long-term management,Secondary infection,0,0
Congenital Hepatic Disorder 148,Congenital Hepatic Disorder 148 affects related physiological systems and may present with characteristic symptom clusters.,4,2,4,Potentially severe if untreated,Inflammation complications,2,3
Inflammatory Hepatic Disorder 149,Inflammatory Hepatic Disorder 149 affects related physiological systems and may present with characteristic symptom clusters.,0,7,1,Acute onset may resolve with care,Metabolic imbalance,1,2
Metabolic Hepatic Disorder 150,Metabolic Hepatic Disorder 150 affects related physiological systems and may present with characteristic symptom clusters.,6,3,2,Progressive condition needing monitoring,Neurological complications,0,1
Acute Endocrine Disorder 151,Acute Endocrine Disorder 151 affects related physiological systems and may present with characteristic symptom clusters.,5,6,3,Chronic condition requiring long-term management,Organ dysfunction,2,0
Chronic Endocrine Disorder 152,Chronic Endocrine Disorder 152 affects related physiological systems and may present with characteristic symptom clusters.,2,0,4,Potentially severe if untreated,Secondary infection,1,3
Autoimmune Endocrine Disorder 153,Autoimmune Endocrine Disorder 153 affects related physiological systems and may present with characteristic symptom clusters.,7,4,1,Acute onset may resolve with care,Inflammation complications,0,2
Idiopathic Endocrine Disorder 154,Idiopathic Endocrine Disorder 154 affects related physiological systems and may present with characteristic symptom clusters.,1,1,2,Progressive condition needing monitoring,Metabolic imbalance,2,1
Primary Endocrine Disorder 155,Primary Endocrine Disorder 155 affects related physiological systems and may present with characteristic symptom clusters.,3,5,3,Chronic condition requiring long-term management,Neurological complications,1,0
Secondary Endocrine Disorder 156,Secondary Endocrine Disorder 156 affects related physiological systems and may present with characteristic symptom clusters.,4,2,4,Potentially severe if untreated,Organ dysfunction,0,3
Progressive Endocrine Disorder 157,Progressive Endocrine Disorder 157 affects related physiological systems and may present with characteristic symptom clusters.,0,7,1,Acute onset may resolve with care,Secondary infection,2,2
Congenital Endocrine Disorder 158,Congenital Endocrine Disorder 158 affects related physiological systems and may present with characteristic symptom clusters.,6,3,2,Progressive condition needing monitoring,Inflammation complications,1,1
Inflammatory Endocrine Disorder 159,Inflammatory Endocrine Disorder 159 affects related physiological systems and may present with characteristic symptom clusters.,5,6,3,Chronic condition requiring long-term management,Metabolic imbalance,0,0
Metabolic Endocrine Disorder 160,Metabolic Endocrine Disorder 160 affects related physiological systems and may present with characteristic symptom clusters.,2,0,4,Potentially severe if untreated,Neurological complications,2,3
Acute Gastro Disorder 161,Acute Gastro Disorder 161 affects related physiological systems and may present with characteristic symptom clusters.,7,4,1,Acute onset may resolve with care,Organ dysfunction,1,2
Chronic Gastro Disorder 162,Chronic Gastro Disorder 162 affects related physiological systems and may present with characteristic symptom clusters.,1,1,2,Progressive condition needing monitoring,Secondary infection,0,1
Autoimmune Gastro Disorder 163,Autoimmune Gastro Disorder 163 affects related physiological systems and may present with characteristic symptom clusters.,3,5,3,Chronic condition requiring long-term management,Inflammation complications,2,0
Idiopathic Gastro Disorder 164,Idiopathic Gastro Disorder 164 affects related physiological systems and may present with characteristic symptom clusters.,4,2,4,Potentially severe if untreated,Metabolic imbalance,1,3
Primary Gastro Disorder 165,Primary Gastro Disorder 165 affects related physiological systems and may present with characteristic symptom clusters.,0,7,1,Acute onset may resolve with care,Neurological complications,0,2
Secondary Gastro Disorder 166,Secondary Gastro Disorder 166 affects related physiological systems and may present with characteristic symptom clusters.,6,3,2,Progressive condition needing monitoring,Organ dysfunction,2,1
Progressive Gastro Disorder 167,Progressive Gastro Disorder 167 affects related physiological systems and may present with characteristic symptom clusters.,5,6,3,Chronic condition requiring long-term management,Secondary infection,1,0
Congenital Gastro Disorder 168,Congenital Gastro Disorder 168 affects related physiological systems and may present with characteristic symptom clusters.,2,0,4,Potentially severe if untreated,Inflammation complications,0,3
Inflammatory Gastro Disorder 169,Inflammatory Gastro Disorder 169 affects related physiological systems and may present with characteristic symptom clusters.,7,4,1,Acute onset may resolve with care,Metabolic imbalance,2,2
Metabolic Gastro Disorder 170,Metabolic Gastro Disorder 170 affects related physiological systems and may present with characteristic symptom clusters.,1,1,2,Progressive condition needing monitoring,Neurological complications,1,1
Acute Dermatologic Disorder 171,Acute Dermatologic Disorder 171 affects related physiological systems and may present with characteristic symptom clusters.,3,5,3,Chronic condition requiring long-term management,Organ dysfunction,0,0
Chronic Dermatologic Disorder 172,Chronic Dermatologic Disorder 172 affects related physiological systems and may present with characteristic symptom clusters.,4,2,4,Potentially severe if untreated,Secondary infection,2,3
Autoimmune Dermatologic Disorder 173,Autoimmune Dermatologic Disorder 173 affects related physiological systems and may present with characteristic symptom clusters.,0,7,1,Acute onset may resolve with care,Inflammation complications,1,2
Idiopathic Dermatologic Disorder 174,Idiopathic Dermatologic Disorder 174 affects related physiological systems and may present with characteristic symptom clusters.,6,3,2,Progressive condition needing monitoring,Metabolic imbalance,0,1
Primary Dermatologic Disorder 175,Primary Dermatologic Disorder 175 affects related physiological systems and may present with characteristic symptom clusters.,5,6,3,Chronic condition requiring long-term management,Neurological complications,2,0
Secondary Dermatologic Disorder 176,Secondary Dermatologic Disorder 176 affects related physiological systems and may present with characteristic symptom clusters.,2,0,4,Potentially severe if untreated,Organ dysfunction,1,3
Progressive Dermatologic Disorder 177,Progressive Dermatologic Disorder 177 affects related physiological systems and may present with characteristic symptom clusters.,7,4,1,Acute onset may resolve with care,Secondary infection,0,2
Congenital Dermatologic Disorder 178,Congenital Dermatologic Disorder 178 affects related physiological systems and may present with characteristic symptom clusters.,1,1,2,Progressive condition needing monitoring,Inflammation complications,2,1
Inflammatory Dermatologic Disorder 179,Inflammatory Dermatologic Disorder 179 affects related physiological systems and may present with characteristic symptom clusters.,3,5,3,Chronic condition requiring long-term management,Metabolic imbalance,1,0
Metabolic Dermatologic Disorder 180,Metabolic Dermatologic Disorder 180 affects related physiological systems and may present with characteristic symptom clusters.,4,2,4,Potentially severe if untreated,Neurological complications,0,3
Acute Hematologic Disorder 181,Acute Hematologic Disorder 181 affects related physiological systems and may present with characteristic symptom clusters.,0,7,1,Acute onset may resolve with care,Organ dysfunction,2,2
Chronic Hematologic Disorder 182,Chronic Hematologic Disorder 182 affects related physiological systems and may present with characteristic symptom clusters.,6,3,2,Progressive condition needing monitoring,Secondary infection,1,1
Autoimmune Hematologic Disorder 183,Autoimmune Hematologic Disorder 183 affects related physiological systems and may present with characteristic symptom clusters.,5,6,3,Chronic condition requiring long-term management,Inflammation complications,0,0
Idiopathic Hematologic Disorder 184,Idiopathic Hematologic Disorder 184 affects related physiological systems and may present with characteristic symptom clusters.,2,0,4,Potentially severe if untreated,Metabolic imbalance,2,3
Primary Hematologic Disorder 185,Primary Hematologic Disorder 185 affects related physiological systems and may present with characteristic symptom clusters.,7,4,1,Acute onset may resolve with care,Neurological complications,1,2
Secondary Hematologic Disorder 186,Secondary Hematologic Disorder 186 affects related physiological systems and may present with characteristic symptom clusters.,1,1,2,Progressive condition needing monitoring,Organ dysfunction,0,1
Progressive Hematologic Disorder 187,Progressive Hematologic Disorder 187 affects related physiological systems and may present with characteristic symptom clusters.,3,5,3,Chronic condition requiring long-term management,Secondary infection,2,0
Congenital Hematologic Disorder 188,Congenital Hematologic Disorder 188 affects related physiological systems and may present with characteristic symptom clusters.,4,2,4,Potentially severe if untreated,Inflammation complications,1,3
Inflammatory Hematologic Disorder 189,Inflammatory Hematologic Disorder 189 affects related physiological systems and may present with characteristic symptom clusters.,0,7,1,Acute onset may resolve with care,Metabolic imbalance,0,2
Metabolic Hematologic Disorder 190,Metabolic Hematologic Disorder 190 affects related physiological systems and may present with characteristic symptom clusters.,6,3,2,Progressive condition needing monitoring,Neurological complications,2,1
Acute Musculoskeletal Disorder 191,Acute Musculoskeletal Disorder 191 affects related physiological systems and may present with characteristic symptom clusters.,5,6,3,Chronic condition requiring long-term management,Organ dysfunction,1,0
Chronic Musculoskeletal Disorder 192,Chronic Musculoskeletal Disorder 192 affects related physiological systems and may present with characteristic symptom clusters.,2,0,4,Potentially severe if untreated,Secondary infection,0,3
Autoimmune Musculoskeletal Disorder 193,Autoimmune Musculoskeletal Disorder 193 affects related physiological systems and may present with characteristic symptom clusters.,7,4,1,Acute onset may resolve with care,Inflammation complications,2,2
Idiopathic Musculoskeletal Disorder 194,Idiopathic Musculoskeletal Disorder 194 affects related physiological systems and may present with characteristic symptom clusters.,1,1,2,Progressive condition needing monitoring,Metabolic imbalance,1,1
Primary Musculoskeletal Disorder 195,Primary Musculoskeletal Disorder 195 affects related physiological systems and may present with characteristic symptom clusters.,3,5,3,Chronic condition requiring long-term management,Neurological complications,0,0
Secondary Musculoskeletal Disorder 196,Secondary Musculoskeletal Disorder 196 affects related physiological systems and may present with characteristic symptom clusters.,4,2,4,Potentially severe if untreated,Organ dysfunction,2,3
Progressive Musculoskeletal Disorder 197,Progressive Musculoskeletal Disorder 197 affects related physiological systems and may present with characteristic symptom clusters.,0,7,1,Acute onset may resolve with care,Secondary infection,1,2
Congenital Musculoskeletal Disorder 198,Congenital Musculoskeletal Disorder 198 affects related physiological systems and may present with characteristic symptom clusters.,6,3,2,Progressive condition needing monitoring,Inflammation complications,0,1
Inflammatory Musculoskeletal Disorder 199,Inflammatory Musculoskeletal Disorder 199 affects related physiological systems and may present with characteristic symptom clusters.,5,6,3,Chronic condition requiring long-term management,Metabolic imbalance,2,0
Metabolic Musculoskeletal Disorder 200,Metabolic Musculoskeletal Disorder 200 affects related physiological systems and may present with characteristic symptom clusters.,2,0,4,Potentially severe if untreated,Neurological complications,1,3
Acute Respiratory Disease 201,Acute Respiratory Disease 201 affects related physiological systems and may present with characteristic symptom clusters.,7,4,1,Acute onset may resolve with care,Organ dysfunction,0,2
Chronic Respiratory Disease 202,Chronic Respiratory Disease 202 affects related physiological systems and may present with characteristic symptom clusters.,1,1,2,Progressive condition needing monitoring,Secondary infection,2,1
Autoimmune Respiratory Disease 203,Autoimmune Respiratory Disease 203 affects related physiological systems and may present with characteristic symptom clusters.,3,5,3,Chronic condition requiring long-term management,Inflammation complications,1,0
Idiopathic Respiratory Disease 204,Idiopathic Respiratory Disease 204 affects related physiological systems and may present with characteristic symptom clusters.,4,2,4,Potentially severe if untreated,Metabolic imbalance,0,3
Primary Respiratory Disease 205,Primary Respiratory Disease 205 affects related physiological systems and may present with characteristic symptom clusters.,0,7,1,Acute onset may resolve with care,Neurological complications,2,2
Secondary Respiratory Disease 206,Secondary Respiratory Disease 206 affects related physiological systems and may present with characteristic symptom clusters.,6,3,2,Progressive condition needing monitoring,Organ dysfunction,1,1
Progressive Respiratory Disease 207,Progressive Respiratory Disease 207 affects related physiological systems and may present with characteristic symptom clusters.,5,6,3,Chronic condition requiring long-term management,Secondary infection,0,0
Congenital Respiratory Disease 208,Congenital Respiratory Disease 208 affects related physiological systems and may present with characteristic symptom clusters.,2,0,4,Potentially severe if untreated,Inflammation complications,2,3
Inflammatory Respiratory Disease 209,Inflammatory Respiratory Disease 209 affects related physiological systems and may present with characteristic symptom clusters.,7,4,1,Acute onset may resolve with care,Metabolic imbalance,1,2
Metabolic Respiratory Disease 210,Metabolic Respiratory Disease 210 affects related physiological systems and may present with characteristic symptom clusters.,1,1,2,Progressive condition needing monitoring,Neurological complications,0,1
Acute Cardiac Disease 211,Acute Cardiac Disease 211 affects related physiological systems and may present with characteristic symptom clusters.,3,5,3,Chronic condition requiring long-term management,Organ dysfunction,2,0
Chronic Cardiac Disease 212,Chronic Cardiac Disease 212 affects related physiological systems and may present with characteristic symptom clusters.,4,2,4,Potentially severe if untreated,Secondary infection,1,3
Autoimmune Cardiac Disease 213,Autoimmune Cardiac Disease 213 affects related physiological systems and may present with characteristic symptom clusters.,0,7,1,Acute onset may resolve with care,Inflammation complications,0,2
Idiopathic Cardiac Disease 214,Idiopathic Cardiac Disease 214 affects related physiological systems and may present with characteristic symptom clusters.,6,3,2,Progressive condition needing monitoring,Metabolic imbalance,2,1
Primary Cardiac Disease 215,Primary Cardiac Disease 215 affects related physiological systems and may present with characteristic symptom clusters.,5,6,3,Chronic condition requiring long-term management,Neurological complications,1,0
Secondary Cardiac Disease 216,Secondary Cardiac Disease 216 affects related physiological systems and may present with characteristic symptom clusters.,2,0,4,Potentially severe if untreated,Organ dysfunction,0,3
Progressive Cardiac Disease 217,Progressive Cardiac Disease 217 affects related physiological systems and may present with characteristic symptom clusters.,7,4,1,Acute onset may resolve with care,Secondary infection,2,2
Congenital Cardiac Disease 218,Congenital Cardiac Disease 218 affects related physiological systems and may present with characteristic symptom clusters.,1,1,2,Progressive condition needing monitoring,Inflammation complications,1,1
Inflammatory Cardiac Disease 219,Inflammatory Cardiac Disease 219 affects related physiological systems and may present with characteristic symptom clusters.,3,5,3,Chronic condition requiring long-term management,Metabolic imbalance,0,0
Metabolic Cardiac Disease 220,Metabolic Cardiac Disease 220 affects related physiological systems and may present with characteristic symptom clusters.,4,2,4,Potentially severe if untreated,Neurological complications,2,3
Acute Neurological Disease 221,Acute Neurological Disease 221 affects related physiological systems and may present with characteristic symptom clusters.,0,7,1,Acute onset may resolve with care,Organ dysfunction,1,2
Chronic Neurological Disease 222,Chronic Neurological Disease 222 affects related physiological systems and may present with characteristic symptom clusters.,6,3,2,Progressive condition needing monitoring,Secondary infection,0,1
Autoimmune Neurological Disease 223,Autoimmune Neurological Disease 223 affects related physiological systems and may present with characteristic symptom clusters.,5,6,3,Chronic condition requiring long-term management,Inflammation complications,2,0
Idiopathic Neurological Disease 224,Idiopathic Neurological Disease 224 affects related physiological systems and may present with characteristic symptom clusters.,2,0,4,Potentially severe if untreated,Metabolic imbalance,1,3
Primary Neurological Disease 225,Primary Neurological Disease 225 affects related physiological systems and may present with characteristic symptom clusters.,7,4,1,Acute onset may resolve with care,Neurological complications,0,2
Secondary Neurological Disease 226,Secondary Neurological Disease 226 affects related physiological systems and may present with characteristic symptom clusters.,1,1,2,Progressive condition needing monitoring,Organ dysfunction,2,1
Progressive Neurological Disease 227,Progressive Neurological Disease 227 affects related physiological systems and may present with characteristic symptom clusters.,3,5,3,Chronic condition requiring long-term management,Secondary infection,1,0
Congenital Neurological Disease 228,Congenital Neurological Disease 228 affects related physiological systems and may present with characteristic symptom clusters.,4,2,4,Potentially severe if untreated,Inflammation complications,0,3
Inflammatory Neurological Disease 229,Inflammatory Neurological Disease 229 affects related physiological systems and may present with characteristic symptom clusters.,0,7,1,Acute onset may resolve with care,Metabolic imbalance,2,2
Metabolic Neurological Disease 230,Metabolic Neurological Disease 230 affects related physiological systems and may present with characteristic symptom clusters.,6,3,2,Progressive condition needing monitoring,Neurological complications,1,1
Acute Renal Disease 231,Acute Renal Disease 231 affects related physiological systems and may present with characteristic symptom clusters.,5,6,3,Chronic condition requiring long-term management,Organ dysfunction,0,0
Chronic Renal Disease 232,Chronic Renal Disease 232 affects related physiological systems and may present with characteristic symptom clusters.,2,0,4,Potentially severe if untreated,Secondary infection,2,3
Autoimmune Renal Disease 233,Autoimmune Renal Disease 233 affects related physiological systems and may present with characteristic symptom clusters.,7,4,1,Acute onset may resolve with care,Inflammation complications,1,2
Idiopathic Renal Disease 234,Idiopathic Renal Disease 234 affects related physiological systems and may present with characteristic symptom clusters.,1,1,2,Progressive condition needing monitoring,Metabolic imbalance,0,1
Primary Renal Disease 235,Primary Renal Disease 235 affects related physiological systems and may present with characteristic symptom clusters.,3,5,3,Chronic condition requiring long-term management,Neurological complications,2,0
Secondary Renal Disease 236,Secondary Renal Disease 236 affects related physiological systems and may present with characteristic symptom clusters.,4,2,4,Potentially severe if untreated,Organ dysfunction,1,3
Progressive Renal Disease 237,Progressive Renal Disease 237 affects related physiological systems and may present with characteristic symptom clusters.,0,7,1,Acute onset may resolve with care,Secondary infection,0,2
Congenital Renal Disease 238,Congenital Renal Disease 238 affects related physiological systems and may present with characteristic symptom clusters.,6,3,2,Progressive condition needing monitoring,Inflammation complications,2,1
Inflammatory Renal Disease 239,Inflammatory Renal Disease 239 affects related physiological systems and may present with characteristic symptom clusters.,5,6,3,Chronic condition requiring long-term management,Metabolic imbalance,1,0
Metabolic Renal Disease 240,Metabolic Renal Disease 240 affects related physiological systems and may present with characteristic symptom clusters.,2,0,4,Potentially severe if untreated,Neurological complications,0,3
Acute Hepatic Disease 241,Acute Hepatic Disease 241 affects related physiological systems and may present with characteristic symptom clusters.,7,4,1,Acute onset may resolve with care,Organ dysfunction,2,2
Chronic Hepatic Disease 242,Chronic Hepatic Disease 242 affects related physiological systems and may present with characteristic symptom clusters.,1,1,2,Progressive condition needing monitoring,Secondary infection,1,1
Autoimmune Hepatic Disease 243,Autoimmune Hepatic Disease 243 affects related physiological systems and may present with characteristic symptom clusters.,3,5,3,Chronic condition requiring long-term management,Inflammation complications,0,0
Idiopathic Hepatic Disease 244,Idiopathic Hepatic Disease 244 affects related physiological systems and may present with characteristic symptom clusters.,4,2,4,Potentially severe if untreated,Metabolic imbalance,2,3
Primary Hepatic Disease 245,Primary Hepatic Disease 245 affects related physiological systems and may present with characteristic symptom clusters.,0,7,1,Acute onset may resolve with care,Neurological complications,1,2
Secondary Hepatic Disease 246,Secondary Hepatic Disease 246 affects related physiological systems and may present with characteristic symptom clusters.,6,3,2,Progressive condition needing monitoring,Organ dysfunction,0,1
Progressive Hepatic Disease 247,Progressive Hepatic Disease 247 affects related physiological systems and may present with characteristic symptom clusters.,5,6,3,Chronic condition requiring long-term management,Secondary infection,2,0
Congenital Hepatic Disease 248,Congenital Hepatic Disease 248 affects related physiological systems and may present with characteristic symptom clusters.,2,0,4,Potentially severe if untreated,Inflammation complications,1,3
Inflammatory Hepatic Disease 249,Inflammatory Hepatic Disease 249 affects related physiological systems and may present with characteristic symptom clusters.,7,4,1,Acute onset may resolve with care,Metabolic imbalance,0,2
Metabolic Hepatic Disease 250,Metabolic Hepatic Disease 250 affects related physiological systems and may present with characteristic symptom clusters.,1,1,2,Progressive condition needing monitoring,Neurological complications,2,1
Acute Endocrine Disease 251,Acute Endocrine Disease 251 affects related physiological systems and may present with characteristic symptom clusters.,3,5,3,Chronic condition requiring long-term management,Organ dysfunction,1,0
Chronic Endocrine Disease 252,Chronic Endocrine Disease 252 affects related physiological systems and may present with characteristic symptom clusters.,4,2,4,Potentially severe if untreated,Secondary infection,0,3
Autoimmune Endocrine Disease 253,Autoimmune Endocrine Disease 253 affects related physiological systems and may present with characteristic symptom clusters.,0,7,1,Acute onset may resolve with care,Inflammation complications,2,2
Idiopathic Endocrine Disease 254,Idiopathic Endocrine Disease 254 affects related physiological systems and may present with characteristic symptom clusters.,6,3,2,Progressive condition needing monitoring,Metabolic imbalance,1,1
Primary Endocrine Disease 255,Primary Endocrine Disease 255 affects related physiological systems and may present with characteristic symptom clusters.,5,6,3,Chronic condition requiring long-term management,Neurological complications,0,0
Secondary Endocrine Disease 256,Secondary Endocrine Disease 256 affects related physiological systems and may present with characteristic symptom clusters.,2,0,4,Potentially severe if untreated,Organ dysfunction,2,3
Progressive Endocrine Disease 257,Progressive Endocrine Disease 257 affects related physiological systems and may present with characteristic symptom clusters.,7,4,1,Acute onset may resolve with care,Secondary infection,1,2
Congenital Endocrine Disease 258,Congenital Endocrine Disease 258 affects related physiological systems and may present with characteristic symptom clusters.,1,1,2,Progressive condition needing monitoring,Inflammation complications,0,1
Inflammatory Endocrine Disease 259,Inflammatory Endocrine Disease 259 affects related physiological systems and may present with characteristic symptom clusters.,3,5,3,Chronic condition requiring long-term management,Metabolic imbalance,2,0
Metabolic Endocrine Disease 260,Metabolic Endocrine Disease 260 affects related physiological systems and may present with characteristic symptom clusters.,4,2,4,Potentially severe if untreated,Neurological complications,1,3
Acute Gastro Disease 261,Acute Gastro Disease 261 affects related physiological systems and may present with characteristic symptom clusters.,0,7,1,Acute onset may resolve with care,Organ dysfunction,0,2
Chronic Gastro Disease 262,Chronic Gastro Disease 262 affects related physiological systems and may present with characteristic symptom clusters.,6,3,2,Progressive condition needing monitoring,Secondary infection,2,1
Autoimmune Gastro Disease 263,Autoimmune Gastro Disease 263 affects related physiological systems and may present with characteristic symptom clusters.,5,6,3,Chronic condition requiring long-term management,Inflammation complications,1,0
Idiopathic Gastro Disease 264,Idiopathic Gastro Disease 264 affects related physiological systems and may present with characteristic symptom clusters.,2,0,4,Potentially severe if untreated,Metabolic imbalance,0,3
Primary Gastro Disease 265,Primary Gastro Disease 265 affects related physiological systems and may present with characteristic symptom clusters.,7,4,1,Acute onset may resolve with care,Neurological complications,2,2
Secondary Gastro Disease 266,Secondary Gastro Disease 266 affects related physiological systems and may present with characteristic symptom clusters.,1,1,2,Progressive condition needing monitoring,Organ dysfunction,1,1
Progressive Gastro Disease 267,Progressive Gastro Disease 267 affects related physiological systems and may present with characteristic symptom clusters.,3,5,3,Chronic condition requiring long-term management,Secondary infection,0,0
Congenital Gastro Disease 268,Congenital Gastro Disease 268 affects related physiological systems and may present with characteristic symptom clusters.,4,2,4,Potentially severe if untreated,Inflammation complications,2,3
Inflammatory Gastro Disease 269,Inflammatory Gastro Disease 269 affects related physiological systems and may present with characteristic symptom clusters.,0,7,1,Acute onset may resolve with care,Metabolic imbalance,1,2
Metabolic Gastro Disease 270,Metabolic Gastro Disease 270 affects related physiological systems and may present with characteristic symptom clusters.,6,3,2,Progressive condition needing monitoring,Neurological complications,0,1
Acute Dermatologic Disease 271,Acute Dermatologic Disease 271 affects related physiological systems and may present with characteristic symptom clusters.,5,6,3,Chronic condition requiring long-term management,Organ dysfunction,2,0
Chronic Dermatologic Disease 272,Chronic Dermatologic Disease 272 affects related physiological systems and may present with characteristic symptom clusters.,2,0,4,Potentially severe if untreated,Secondary infection,1,3
Autoimmune Dermatologic Disease 273,Autoimmune Dermatologic Disease 273 affects related physiological systems and may present with characteristic symptom clusters.,7,4,1,Acute onset may resolve with care,Inflammation complications,0,2
Idiopathic Dermatologic Disease 274,Idiopathic Dermatologic Disease 274 affects related physiological systems and may present with characteristic symptom clusters.,1,1,2,Progressive condition needing monitoring,Metabolic imbalance,2,1
Primary Dermatologic Disease 275,Primary Dermatologic Disease 275 affects related physiological systems and may present with characteristic symptom clusters.,3,5,3,Chronic condition requiring long-term management,Neurological complications,1,0
Secondary Dermatologic Disease 276,Secondary Dermatologic Disease 276 affects related physiological systems and may present with characteristic symptom clusters.,4,2,4,Potentially severe if untreated,Organ dysfunction,0,3
Progressive Dermatologic Disease 277,Progressive Dermatologic Disease 277 affects related physiological systems and may present with characteristic symptom clusters.,0,7,1,Acute onset may resolve with care,Secondary infection,2,2
Congenital Dermatologic Disease 278,Congenital Dermatologic Disease 278 affects related physiological systems and may present with characteristic symptom clusters.,6,3,2,Progressive condition needing monitoring,Inflammation complications,1,1
Inflammatory Dermatologic Disease 279,Inflammatory Dermatologic Disease 279 affects related physiological systems and may present with characteristic symptom clusters.,5,6,3,Chronic condition requiring long-term management,Metabolic imbalance,0,0
Metabolic Dermatologic Disease 280,Metabolic Dermatologic Disease 280 affects related physiological systems and may present with characteristic symptom clusters.,2,0,4,Potentially severe if untreated,Neurological complications,2,3
Acute Hematologic Disease 281,Acute Hematologic Disease 281 affects related physiological systems and may present with characteristic symptom clusters.,7,4,1,Acute onset may resolve with care,Organ dysfunction,1,2
Chronic Hematologic Disease 282,Chronic Hematologic Disease 282 affects related physiological systems and may present with characteristic symptom clusters.,1,1,2,Progressive condition needing monitoring,Secondary infection,0,1
Autoimmune Hematologic Disease 283,Autoimmune Hematologic Disease 283 affects related physiological systems and may present with characteristic symptom clusters.,3,5,3,Chronic condition requiring long-term management,Inflammation complications,2,0
Idiopathic Hematologic Disease 284,Idiopathic Hematologic Disease 284 affects related physiological systems and may present with characteristic symptom clusters.,4,2,4,Potentially severe if untreated,Metabolic imbalance,1,3
Primary Hematologic Disease 285,Primary Hematologic Disease 285 affects related physiological systems and may present with characteristic symptom clusters.,0,7,1,Acute onset may resolve with care,Neurological complications,0,2
Secondary Hematologic Disease 286,Secondary Hematologic Disease 286 affects related physiological systems and may present with characteristic symptom clusters.,6,3,2,Progressive condition needing monitoring,Organ dysfunction,2,1
Progressive Hematologic Disease 287,Progressive Hematologic Disease 287 affects related physiological systems and may present with characteristic symptom clusters.,5,6,3,Chronic condition requiring long-term management,Secondary infection,1,0
Congenital Hematologic Disease 288,Congenital Hematologic Disease 288 affects related physiological systems and may present with characteristic symptom clusters.,2,0,4,Potentially severe if untreated,Inflammation complications,0,3
Inflammatory Hematologic Disease 289,Inflammatory Hematologic Disease 289 affects related physiological systems and may present with characteristic symptom clusters.,7,4,1,Acute onset may resolve with care,Metabolic imbalance,2,2
Metabolic Hematologic Disease 290,Metabolic Hematologic Disease 290 affects related physiological systems and may present with characteristic symptom clusters.,1,1,2,Progressive condition needing monitoring,Neurological complications,1,1
Acute Musculoskeletal Disease 291,Acute Musculoskeletal Disease 291 affects related physiological systems and may present with characteristic symptom clusters.,3,5,3,Chronic condition requiring long-term management,Organ dysfunction,0,0
Chronic Musculoskeletal Disease 292,Chronic Musculoskeletal Disease 292 affects related physiological systems and may present with characteristic symptom clusters.,4,2,4,Potentially severe if untreated,Secondary infection,2,3
Autoimmune Musculoskeletal Disease 293,Autoimmune Musculoskeletal Disease 293 affects related physiological systems and may present with characteristic symptom clusters.,0,7,1,Acute onset may resolve with care,Inflammation complications,1,2
Idiopathic Musculoskeletal Disease 294,Idiopathic Musculoskeletal Disease 294 affects related physiological systems and may present with characteristic symptom clusters.,6,3,2,Progressive condition needing monitoring,Metabolic imbalance,0,1
Primary Musculoskeletal Disease 295,Primary Musculoskeletal Disease 295 affects related physiological systems and may present with characteristic symptom clusters.,5,6,3,Chronic condition requiring long-term management,Neurological complications,2,0
Secondary Musculoskeletal Disease 296,Secondary Musculoskeletal Disease 296 affects related physiological systems and may present with characteristic symptom clusters.,2,0,4,Potentially severe if untreated,Organ dysfunction,1,3
Progressive Musculoskeletal Disease 297,Progressive Musculoskeletal Disease 297 affects related physiological systems and may present with characteristic symptom clusters.,7,4,1,Acute onset may resolve with care,Secondary infection,0,2
Congenital Musculoskeletal Disease 298,Congenital Musculoskeletal Disease 298 affects related physiological systems and may present with characteristic symptom clusters.,1,1,2,Progressive condition needing monitoring,Inflammation complications,2,1
Inflammatory Musculoskeletal Disease 299,Inflammatory Musculoskeletal Disease 299 affects related physiological systems and may present with characteristic symptom clusters.,3,5,3,Chronic condition requiring long-term management,Metabolic imbalance,1,0
Metabolic Musculoskeletal Disease 300,Metabolic Musculoskeletal Disease 300 affects related physiological systems and may present with characteristic symptom clusters.,4,2,4,Potentially severe if untreated,Neurological complications,0,3
Acute Respiratory Condition 301,Acute Respiratory Condition 301 affects related physiological systems and may present with characteristic symptom clusters.,0,7,1,Acute onset may resolve with care,Organ dysfunction,2,2
Chronic Respiratory Condition 302,Chronic Respiratory Condition 302 affects related physiological systems and may present with characteristic symptom clusters.,6,3,2,Progressive condition needing monitoring,Secondary infection,1,1
Autoimmune Respiratory Condition 303,Autoimmune Respiratory Condition 303 affects related physiological systems and may present with characteristic symptom clusters.,5,6,3,Chronic condition requiring long-term management,Inflammation complications,0,0
Idiopathic Respiratory Condition 304,Idiopathic Respiratory Condition 304 affects related physiological systems and may present with characteristic symptom clusters.,2,0,4,Potentially severe if untreated,Metabolic imbalance,2,3
Primary Respiratory Condition 305,Primary Respiratory Condition 305 affects related physiological systems and may present with characteristic symptom clusters.,7,4,1,Acute onset may resolve with care,Neurological complications,1,2
Secondary Respiratory Condition 306,Secondary Respiratory Condition 306 affects related physiological systems and may present with characteristic symptom clusters.,1,1,2,Progressive condition needing monitoring,Organ dysfunction,0,1
Progressive Respiratory Condition 307,Progressive Respiratory Condition 307 affects related physiological systems and may present with characteristic symptom clusters.,3,5,3,Chronic condition requiring long-term management,Secondary infection,2,0
Congenital Respiratory Condition 308,Congenital Respiratory Condition 308 affects related physiological systems and may present with characteristic symptom clusters.,4,2,4,Potentially severe if untreated,Inflammation complications,1,3
Inflammatory Respiratory Condition 309,Inflammatory Respiratory Condition 309 affects related physiological systems and may present with characteristic symptom clusters.,0,7,1,Acute onset may resolve with care,Metabolic imbalance,0,2
Metabolic Respiratory Condition 310,Metabolic Respiratory Condition 310 affects related physiological systems and may present with characteristic symptom clusters.,6,3,2,Progressive condition needing monitoring,Neurological complications,2,1
Acute Cardiac Condition 311,Acute Cardiac Condition 311 affects related physiological systems and may present with characteristic symptom clusters.,5,6,3,Chronic condition requiring long-term management,Organ dysfunction,1,0
Chronic Cardiac Condition 312,Chronic Cardiac Condition 312 affects related physiological systems and may present with characteristic symptom clusters.,2,0,4,Potentially severe if untreated,Secondary infection,0,3
Autoimmune Cardiac Condition 313,Autoimmune Cardiac Condition 313 affects related physiological systems and may present with characteristic symptom clusters.,7,4,1,Acute onset may resolve with care,Inflammation complications,2,2
Idiopathic Cardiac Condition 314,Idiopathic Cardiac Condition 314 affects related physiological systems and may present with characteristic symptom clusters.,1,1,2,Progressive condition needing monitoring,Metabolic imbalance,1,1
Primary Cardiac Condition 315,Primary Cardiac Condition 315 affects related physiological systems and may present with characteristic symptom clusters.,3,5,3,Chronic condition requiring long-term management,Neurological complications,0,0
Secondary Cardiac Condition 316,Secondary Cardiac Condition 316 affects related physiological systems and may present with characteristic symptom clusters.,4,2,4,Potentially severe if untreated,Organ dysfunction,2,3
Progressive Cardiac Condition 317,Progressive Cardiac Condition 317 affects related physiological systems and may present with characteristic symptom clusters.,0,7,1,Acute onset may resolve with care,Secondary infection,1,2
Congenital Cardiac Condition 318,Congenital Cardiac Condition 318 affects related physiological systems and may present with characteristic symptom clusters.,6,3,2,Progressive condition needing monitoring,Inflammation complications,0,1
Inflammatory Cardiac Condition 319,Inflammatory Cardiac Condition 319 affects related physiological systems and may present with characteristic symptom clusters.,5,6,3,Chronic condition requiring long-term management,Metabolic imbalance,2,0
Metabolic Cardiac Condition 320,Metabolic Cardiac Condition 320 affects related physiological systems and may present with characteristic symptom clusters.,2,0,4,Potentially severe if untreated,Neurological complications,1,3
Acute Neurological Condition 321,Acute Neurological Condition 321 affects related physiological systems and may present with characteristic symptom clusters.,7,4,1,Acute onset may resolve with care,Organ dysfunction,0,2
Chronic Neurological Condition 322,Chronic Neurological Condition 322 affects related physiological systems and may present with characteristic symptom clusters.,1,1,2,Progressive condition needing monitoring,Secondary infection,2,1
Autoimmune Neurological Condition 323,Autoimmune Neurological Condition 323 affects related physiological systems and may present with characteristic symptom clusters.,3,5,3,Chronic condition requiring long-term management,Inflammation complications,1,0
Idiopathic Neurological Condition 324,Idiopathic Neurological Condition 324 affects related physiological systems and may present with characteristic symptom clusters.,4,2,4,Potentially severe if untreated,Metabolic imbalance,0,3
Primary Neurological Condition 325,Primary Neurological Condition 325 affects related physiological systems and may present with characteristic symptom clusters.,0,7,1,Acute onset may resolve with care,Neurological complications,2,2
Secondary Neurological Condition 326,Secondary Neurological Condition 326 affects related physiological systems and may present with characteristic symptom clusters.,6,3,2,Progressive condition needing monitoring,Organ dysfunction,1,1
Progressive Neurological Condition 327,Progressive Neurological Condition 327 affects related physiological systems and may present with characteristic symptom clusters.,5,6,3,Chronic condition requiring long-term management,Secondary infection,0,0
Congenital Neurological Condition 328,Congenital Neurological Condition 328 affects related physiological systems and may present with characteristic symptom clusters.,2,0,4,Potentially severe if untreated,Inflammation complications,2,3
Inflammatory Neurological Condition 329,Inflammatory Neurological Condition 329 affects related physiological systems and may present with characteristic symptom clusters.,7,4,1,Acute onset may resolve with care,Metabolic imbalance,1,2
Metabolic Neurological Condition 330,Metabolic Neurological Condition 330 affects related physiological systems and may present with characteristic symptom clusters.,1,1,2,Progressive condition needing monitoring,Neurological complications,0,1
Acute Renal Condition 331,Acute Renal Condition 331 affects related physiological systems and may present with characteristic symptom clusters.,3,5,3,Chronic condition requiring long-term management,Organ dysfunction,2,0
Chronic Renal Condition 332,Chronic Renal Condition 332 affects related physiological systems and may present with characteristic symptom clusters.,4,2,4,Potentially severe if untreated,Secondary infection,1,3
Autoimmune Renal Condition 333,Autoimmune Renal Condition 333 affects related physiological systems and may present with characteristic symptom clusters.,0,7,1,Acute onset may resolve with care,Inflammation complications,0,2
Idiopathic Renal Condition 334,Idiopathic Renal Condition 334 affects related physiological systems and may present with characteristic symptom clusters.,6,3,2,Progressive condition needing monitoring,Metabolic imbalance,2,1
Primary Renal Condition 335,Primary Renal Condition 335 affects related physiological systems and may present with characteristic symptom clusters.,5,6,3,Chronic condition requiring long-term management,Neurological complications,1,0
Secondary Renal Condition 336,Secondary Renal Condition 336 affects related physiological systems and may present with characteristic symptom clusters.,2,0,4,Potentially severe if untreated,Organ dysfunction,0,3
Progressive Renal Condition 337,Progressive Renal Condition 337 affects related physiological systems and may present with characteristic symptom clusters.,7,4,1,Acute onset may resolve with care,Secondary infection,2,2
Congenital Renal Condition 338,Congenital Renal Condition 338 affects related physiological systems and may present with characteristic symptom clusters.,1,1,2,Progressive condition needing monitoring,Inflammation complications,1,1
Inflammatory Renal Condition 339,Inflammatory Renal Condition 339 affects related physiological systems and may present with characteristic symptom clusters.,3,5,3,Chronic condition requiring long-term management,Metabolic imbalance,0,0
Metabolic Renal Condition 340,Metabolic Renal Condition 340 affects related physiological systems and may present with characteristic symptom clusters.,4,2,4,Potentially severe if untreated,Neurological complications,2,3
Acute Hepatic Condition 341,Acute Hepatic Condition 341 affects related physiological systems and may present with characteristic symptom clusters.,0,7,1,Acute onset may resolve with care,Organ dysfunction,1,2
Chronic Hepatic Condition 342,Chronic Hepatic Condition 342 affects related physiological systems and may present with characteristic symptom clusters.,6,3,2,Progressive condition needing monitoring,Secondary infection,0,1
Autoimmune Hepatic Condition 343,Autoimmune Hepatic Condition 343 affects related physiological systems and may present with characteristic symptom clusters.,5,6,3,Chronic condition requiring long-term management,Inflammation complications,2,0
Idiopathic Hepatic Condition 344,Idiopathic Hepatic Condition 344 affects related physiological systems and may present with characteristic symptom clusters.,2,0,4,Potentially severe if untreated,Metabolic imbalance,1,3
Primary Hepatic Condition 345,Primary Hepatic Condition 345 affects related physiological systems and may present with characteristic symptom clusters.,7,4,1,Acute onset may resolve with care,Neurological complications,0,2
Secondary Hepatic Condition 346,Secondary Hepatic Condition 346 affects related physiological systems and may present with characteristic symptom clusters.,1,1,2,Progressive condition needing monitoring,Organ dysfunction,2,1
Progressive Hepatic Condition 347,Progressive Hepatic Condition 347 affects related physiological systems and may present with characteristic symptom clusters.,3,5,3,Chronic condition requiring long-term management,Secondary infection,1,0
Congenital Hepatic Condition 348,Congenital Hepatic Condition 348 affects related physiological systems and may present with characteristic symptom clusters.,4,2,4,Potentially severe if untreated,Inflammation complications,0,3
Inflammatory Hepatic Condition 349,Inflammatory Hepatic Condition 349 affects related physiological systems and may present with characteristic symptom clusters.,0,7,1,Acute onset may resolve with care,Metabolic imbalance,2,2
Metabolic Hepatic Condition 350,Metabolic Hepatic Condition 350 affects related physiological systems and may present with characteristic symptom clusters.,6,3,2,Progressive condition needing monitoring,Neurological complications,1,1
Acute Endocrine Condition 351,Acute Endocrine Condition 351 affects related physiological systems and may present with characteristic symptom clusters.,5,6,3,Chronic condition requiring long-term management,Organ dysfunction,0,0
Chronic Endocrine Condition 352,Chronic Endocrine Condition 352 affects related physiological systems and may present with characteristic symptom clusters.,2,0,4,Potentially severe if untreated,Secondary infection,2,3
Autoimmune Endocrine Condition 353,Autoimmune Endocrine Condition 353 affects related physiological systems and may present with characteristic symptom clusters.,7,4,1,Acute onset may resolve with care,Inflammation complications,1,2
Idiopathic Endocrine Condition 354,Idiopathic Endocrine Condition 354 affects related physiological systems and may present with characteristic symptom clusters.,1,1,2,Progressive condition needing monitoring,Metabolic imbalance,0,1
Primary Endocrine Condition 355,Primary Endocrine Condition 355 affects related physiological systems and may present with characteristic symptom clusters.,3,5,3,Chronic condition requiring long-term management,Neurological complications,2,0
Secondary Endocrine Condition 356,Secondary Endocrine Condition 356 affects related physiological systems and may present with characteristic symptom clusters.,4,2,4,Potentially severe if untreated,Organ dysfunction,1,3
Progressive Endocrine Condition 357,Progressive Endocrine Condition 357 affects related physiological systems and may present with characteristic symptom clusters.,0,7,1,Acute onset may resolve with care,Secondary infection,0,2
Congenital Endocrine Condition 358,Congenital Endocrine Condition 358 affects related physiological systems and may present with characteristic symptom clusters.,6,3,2,Progressive condition needing monitoring,Inflammation complications,2,1
Inflammatory Endocrine Condition 359,Inflammatory Endocrine Condition 359 affects related physiological systems and may present with characteristic symptom clusters.,5,6,3,Chronic condition requiring long-term management,Metabolic imbalance,1,0
Metabolic Endocrine Condition 360,Metabolic Endocrine Condition 360 affects related physiological systems and may present with characteristic symptom clusters.,2,0,4,Potentially severe if untreated,Neurological complications,0,3
Acute Gastro Condition 361,Acute Gastro Condition 361 affects related physiological systems and may present with characteristic symptom clusters.,7,4,1,Acute onset may resolve with care,Organ dysfunction,2,2
Chronic Gastro Condition 362,Chronic Gastro Condition 362 affects related physiological systems and may present with characteristic symptom clusters.,1,1,2,Progressive condition needing monitoring,Secondary infection,1,1
Autoimmune Gastro Condition 363,Autoimmune Gastro Condition 363 affects related physiological systems and may present with characteristic symptom clusters.,3,5,3,Chronic condition requiring long-term management,Inflammation complications,0,0
Idiopathic Gastro Condition 364,Idiopathic Gastro Condition 364 affects related physiological systems and may present with characteristic symptom clusters.,4,2,4,Potentially severe if untreated,Metabolic imbalance,2,3
Primary Gastro Condition 365,Primary Gastro Condition 365 affects related physiological systems and may present with characteristic symptom clusters.,0,7,1,Acute onset may resolve with care,Neurological complications,1,2
Secondary Gastro Condition 366,Secondary Gastro Condition 366 affects related physiological systems and may present with characteristic symptom clusters.,6,3,2,Progressive condition needing monitoring,Organ dysfunction,0,1
Progressive Gastro Condition 367,Progressive Gastro Condition 367 affects related physiological systems and may present with characteristic symptom clusters.,5,6,3,Chronic condition requiring long-term management,Secondary infection,2,0
Congenital Gastro Condition 368,Congenital Gastro Condition 368 affects related physiological systems and may present with characteristic symptom clusters.,2,0,4,Potentially severe if untreated,Inflammation complications,1,3
Inflammatory Gastro Condition 369,Inflammatory Gastro Condition 369 affects related physiological systems and may present with characteristic symptom clusters.,7,4,1,Acute onset may resolve with care,Metabolic imbalance,0,2
Metabolic Gastro Condition 370,Metabolic Gastro Condition 370 affects related physiological systems and may present with characteristic symptom clusters.,1,1,2,Progressive condition needing monitoring,Neurological complications,2,1
Acute Dermatologic Condition 371,Acute Dermatologic Condition 371 affects related physiological systems and may present with characteristic symptom clusters.,3,5,3,Chronic condition requiring long-term management,Organ dysfunction,1,0
Chronic Dermatologic Condition 372,Chronic Dermatologic Condition 372 affects related physiological systems and may present with characteristic symptom clusters.,4,2,4,Potentially severe if untreated,Secondary infection,0,3
Autoimmune Dermatologic Condition 373,Autoimmune Dermatologic Condition 373 affects related physiological systems and may present with characteristic symptom clusters.,0,7,1,Acute onset may resolve with care,Inflammation complications,2,2
Idiopathic Dermatologic Condition 374,Idiopathic Dermatologic Condition 374 affects related physiological systems and may present with characteristic symptom clusters.,6,3,2,Progressive condition needing monitoring,Metabolic imbalance,1,1
Primary Dermatologic Condition 375,Primary Dermatologic Condition 375 affects related physiological systems and may present with characteristic symptom clusters.,5,6,3,Chronic condition requiring long-term management,Neurological complications,0,0
Secondary Dermatologic Condition 376,Secondary Dermatologic Condition 376 affects related physiological systems and may present with characteristic symptom clusters.,2,0,4,Potentially severe if untreated,Organ dysfunction,2,3
Progressive Dermatologic Condition 377,Progressive Dermatologic Condition 377 affects related physiological systems and may present with characteristic symptom clusters.,7,4,1,Acute onset may resolve with care,Secondary infection,1,2
Congenital Dermatologic Condition 378,Congenital Dermatologic Condition 378 affects related physiological systems and may present with characteristic symptom clusters.,1,1,2,Progressive condition needing monitoring,Inflammation complications,0,1
Inflammatory Dermatologic Condition 379,Inflammatory Dermatologic Condition 379 affects related physiological systems and may present with characteristic symptom clusters.,3,5,3,Chronic condition requiring long-term management,Metabolic imbalance,2,0
Metabolic Dermatologic Condition 380,Metabolic Dermatologic Condition 380 affects related physiological systems and may present with characteristic symptom clusters.,4,2,4,Potentially severe if untreated,Neurological complications,1,3
Acute Hematologic Condition 381,Acute Hematologic Condition 381 affects related physiological systems and may present with characteristic symptom clusters.,0,7,1,Acute onset may resolve with care,Organ dysfunction,0,2
Chronic Hematologic Condition 382,Chronic Hematologic Condition 382 affects related physiological systems and may present with characteristic symptom clusters.,6,3,2,Progressive condition needing monitoring,Secondary infection,2,1
Autoimmune Hematologic Condition 383,Autoimmune Hematologic Condition 383 affects related physiological systems and may present with characteristic symptom clusters.,5,6,3,Chronic condition requiring long-term management,Inflammation complications,1,0
Idiopathic Hematologic Condition 384,Idiopathic Hematologic Condition 384 affects related physiological systems and may present with characteristic symptom clusters.,2,0,4,Potentially severe if untreated,Metabolic imbalance,0,3
Primary Hematologic Condition 385,Primary Hematologic Condition 385 affects related physiological systems and may present with characteristic symptom clusters.,7,4,1,Acute onset may resolve with care,Neurological complications,2,2
Secondary Hematologic Condition 386,Secondary Hematologic Condition 386 affects related physiological systems and may present with characteristic symptom clusters.,1,1,2,Progressive condition needing monitoring,Organ dysfunction,1,1
Progressive Hematologic Condition 387,Progressive Hematologic Condition 387 affects related physiological systems and may present with characteristic symptom clusters.,3,5,3,Chronic condition requiring long-term management,Secondary infection,0,0
Congenital Hematologic Condition 388,Congenital Hematologic Condition 388 affects related physiological systems and may present with characteristic symptom clusters.,4,2,4,Potentially severe if untreated,Inflammation complications,2,3
Inflammatory Hematologic Condition 389,Inflammatory Hematologic Condition 389 affects related physiological systems and may present with characteristic symptom clusters.,0,7,1,Acute onset may resolve with care,Metabolic imbalance,1,2
Metabolic Hematologic Condition 390,Metabolic Hematologic Condition 390 affects related physiological systems and may present with characteristic symptom clusters.,6,3,2,Progressive condition needing monitoring,Neurological complications,0,1
Acute Musculoskeletal Condition 391,Acute Musculoskeletal Condition 391 affects related physiological systems and may present with characteristic symptom clusters.,5,6,3,Chronic condition requiring long-term management,Organ dysfunction,2,0
Chronic Musculoskeletal Condition 392,Chronic Musculoskeletal Condition 392 affects related physiological systems and may present with characteristic symptom clusters.,2,0,4,Potentially severe if untreated,Secondary infection,1,3
Autoimmune Musculoskeletal Condition 393,Autoimmune Musculoskeletal Condition 393 affects related physiological systems and may present with characteristic symptom clusters.,7,4,1,Acute onset may resolve with care,Inflammation complications,0,2
Idiopathic Musculoskeletal Condition 394,Idiopathic Musculoskeletal Condition 394 affects related physiological systems and may present with characteristic symptom clusters.,1,1,2,Progressive condition needing monitoring,Metabolic imbalance,2,1
Primary Musculoskeletal Condition 395,Primary Musculoskeletal Condition 395 affects related physiological systems and may present with characteristic symptom clusters.,3,5,3,Chronic condition requiring long-term management,Neurological complications,1,0
Secondary Musculoskeletal Condition 396,Secondary Musculoskeletal Condition 396 affects related physiological systems and may present with characteristic symptom clusters.,4,2,4,Potentially severe if untreated,Organ dysfunction,0,3
Progressive Musculoskeletal Condition 397,Progressive Musculoskeletal Condition 397 affects related physiological systems and may present with characteristic symptom clusters.,0,7,1,Acute onset may resolve with care,Secondary infection,2,2
Congenital Musculoskeletal Condition 398,Congenital Musculoskeletal Condition 398 affects related physiological systems and may present with characteristic symptom clusters.,6,3,2,Progressive condition needing monitoring,Inflammation complications,1,1
Inflammatory Musculoskeletal Condition 399,Inflammatory Musculoskeletal Condition 399 affects related physiological systems and may present with characteristic symptom clusters.,5,6,3,Chronic condition requiring long-term management,Metabolic imbalance,0,0
Metabolic Musculoskeletal Condition 400,Metabolic Musculoskeletal Condition 400 affects related physiological systems and may present with characteristic symptom clusters.,2,0,4,Potentially severe if untreated,Neurological complications,2,3
Acute Respiratory Failure 401,Acute Respiratory Failure 401 affects related physiological systems and may present with characteristic symptom clusters.,7,4,1,Acute onset may resolve with care,Organ dysfunction,1,2
Chronic Respiratory Failure 402,Chronic Respiratory Failure 402 affects related physiological systems and may present with characteristic symptom clusters.,1,1,2,Progressive condition needing monitoring,Secondary infection,0,1
Autoimmune Respiratory Failure 403,Autoimmune Respiratory Failure 403 affects related physiological systems and may present with characteristic symptom clusters.,3,5,3,Chronic condition requiring long-term management,Inflammation complications,2,0
Idiopathic Respiratory Failure 404,Idiopathic Respiratory Failure 404 affects related physiological systems and may present with characteristic symptom clusters.,4,2,4,Potentially severe if untreated,Metabolic imbalance,1,3
Primary Respiratory Failure 405,Primary Respiratory Failure 405 affects related physiological systems and may present with characteristic symptom clusters.,0,7,1,Acute onset may resolve with care,Neurological complications,0,2
Secondary Respiratory Failure 406,Secondary Respiratory Failure 406 affects related physiological systems and may present with characteristic symptom clusters.,6,3,2,Progressive condition needing monitoring,Organ dysfunction,2,1
Progressive Respiratory Failure 407,Progressive Respiratory Failure 407 affects related physiological systems and may present with characteristic symptom clusters.,5,6,3,Chronic condition requiring long-term management,Secondary infection,1,0
Congenital Respiratory Failure 408,Congenital Respiratory Failure 408 affects related physiological systems and may present with characteristic symptom clusters.,2,0,4,Potentially severe if untreated,Inflammation complications,0,3
Inflammatory Respiratory Failure 409,Inflammatory Respiratory Failure 409 affects related physiological systems and may present with characteristic symptom clusters.,7,4,1,Acute onset may resolve with care,Metabolic imbalance,2,2
Metabolic Respiratory Failure 410,Metabolic Respiratory Failure 410 affects related physiological systems and may present with characteristic symptom clusters.,1,1,2,Progressive condition needing monitoring,Neurological complications,1,1
Acute Cardiac Failure 411,Acute Cardiac Failure 411 affects related physiological systems and may present with characteristic symptom clusters.,3,5,3,Chronic condition requiring long-term management,Organ dysfunction,0,0
Chronic Cardiac Failure 412,Chronic Cardiac Failure 412 affects related physiological systems and may present with characteristic symptom clusters.,4,2,4,Potentially severe if untreated,Secondary infection,2,3
Autoimmune Cardiac Failure 413,Autoimmune Cardiac Failure 413 affects related physiological systems and may present with characteristic symptom clusters.,0,7,1,Acute onset may resolve with care,Inflammation complications,1,2
Idiopathic Cardiac Failure 414,Idiopathic Cardiac Failure 414 affects related physiological systems and may present with characteristic symptom clusters.,6,3,2,Progressive condition needing monitoring,Metabolic imbalance,0,1
Primary Cardiac Failure 415,Primary Cardiac Failure 415 affects related physiological systems and may present with characteristic symptom clusters.,5,6,3,Chronic condition requiring long-term management,Neurological complications,2,0
Secondary Cardiac Failure 416,Secondary Cardiac Failure 416 affects related physiological systems and may present with characteristic symptom clusters.,2,0,4,Potentially severe if untreated,Organ dysfunction,1,3
Progressive Cardiac Failure 417,Progressive Cardiac Failure 417 affects related physiological systems and may present with characteristic symptom clusters.,7,4,1,Acute onset may resolve with care,Secondary infection,0,2
Congenital Cardiac Failure 418,Congenital Cardiac Failure 418 affects related physiological systems and may present with characteristic symptom clusters.,1,1,2,Progressive condition needing monitoring,Inflammation complications,2,1
Inflammatory Cardiac Failure 419,Inflammatory Cardiac Failure 419 affects related physiological systems and may present with characteristic symptom clusters.,3,5,3,Chronic condition requiring long-term management,Metabolic imbalance,1,0
Metabolic Cardiac Failure 420,Metabolic Cardiac Failure 420 affects related physiological systems and may present with characteristic symptom clusters.,4,2,4,Potentially severe if untreated,Neurological complications,0,3
Acute Neurological Failure 421,Acute Neurological Failure 421 affects related physiological systems and may present with characteristic symptom clusters.,0,7,1,Acute onset may resolve with care,Organ dysfunction,2,2
Chronic Neurological Failure 422,Chronic Neurological Failure 422 affects related physiological systems and may present with characteristic symptom clusters.,6,3,2,Progressive condition needing monitoring,Secondary infection,1,1
Autoimmune Neurological Failure 423,Autoimmune Neurological Failure 423 affects related physiological systems and may present with characteristic symptom clusters.,5,6,3,Chronic condition requiring long-term management,Inflammation complications,0,0
Idiopathic Neurological Failure 424,Idiopathic Neurological Failure 424 affects related physiological systems and may present with characteristic symptom clusters.,2,0,4,Potentially severe if untreated,Metabolic imbalance,2,3
Primary Neurological Failure 425,Primary Neurological Failure 425 affects related physiological systems and may present with characteristic symptom clusters.,7,4,1,Acute onset may resolve with care,Neurological complications,1,2
Secondary Neurological Failure 426,Secondary Neurological Failure 426 affects related physiological systems and may present with characteristic symptom clusters.,1,1,2,Progressive condition needing monitoring,Organ dysfunction,0,1
Progressive Neurological Failure 427,Progressive Neurological Failure 427 affects related physiological systems and may present with characteristic symptom clusters.,3,5,3,Chronic condition requiring long-term management,Secondary infection,2,0
Congenital Neurological Failure 428,Congenital Neurological Failure 428 affects related physiological systems and may present with characteristic symptom clusters.,4,2,4,Potentially severe if untreated,Inflammation complications,1,3
Inflammatory Neurological Failure 429,Inflammatory Neurological Failure 429 affects related physiological systems and may present with characteristic symptom clusters.,0,7,1,Acute onset may resolve with care,Metabolic imbalance,0,2
Metabolic Neurological Failure 430,Metabolic Neurological Failure 430 affects related physiological systems and may present with characteristic symptom clusters.,6,3,2,Progressive condition needing monitoring,Neurological complications,2,1
Acute Renal Failure 431,Acute Renal Failure 431 affects related physiological systems and may present with characteristic symptom clusters.,5,6,3,Chronic condition requiring long-term management,Organ dysfunction,1,0
Chronic Renal Failure 432,Chronic Renal Failure 432 affects related physiological systems and may present with characteristic symptom clusters.,2,0,4,Potentially severe if untreated,Secondary infection,0,3
Autoimmune Renal Failure 433,Autoimmune Renal Failure 433 affects related physiological systems and may present with characteristic symptom clusters.,7,4,1,Acute onset may resolve with care,Inflammation complications,2,2
Idiopathic Renal Failure 434,Idiopathic Renal Failure 434 affects related physiological systems and may present with characteristic symptom clusters.,1,1,2,Progressive condition needing monitoring,Metabolic imbalance,1,1
Primary Renal Failure 435,Primary Renal Failure 435 affects related physiological systems and may present with characteristic symptom clusters.,3,5,3,Chronic condition requiring long-term management,Neurological complications,0,0
Secondary Renal Failure 436,Secondary Renal Failure 436 affects related physiological systems and may present with characteristic symptom clusters.,4,2,4,Potentially severe if untreated,Organ dysfunction,2,3
Progressive Renal Failure 437,Progressive Renal Failure 437 affects related physiological systems and may present with characteristic symptom clusters.,0,7,1,Acute onset may resolve with care,Secondary infection,1,2
Congenital Renal Failure 438,Congenital Renal Failure 438 affects related physiological systems and may present with characteristic symptom clusters.,6,3,2,Progressive condition needing monitoring,Inflammation complications,0,1
Inflammatory Renal Failure 439,Inflammatory Renal Failure 439 affects related physiological systems and may present with characteristic symptom clusters.,5,6,3,Chronic condition requiring long-term management,Metabolic imbalance,2,0
Metabolic Renal Failure 440,Metabolic Renal Failure 440 affects related physiological systems and may present with characteristic symptom clusters.,2,0,4,Potentially severe if untreated,Neurological complications,1,3
Acute Hepatic Failure 441,Acute Hepatic Failure 441 affects related physiological systems and may present with characteristic symptom clusters.,7,4,1,Acute onset may resolve with care,Organ dysfunction,0,2
Chronic Hepatic Failure 442,Chronic Hepatic Failure 442 affects related physiological systems and may present with characteristic symptom clusters.,1,1,2,Progressive condition needing monitoring,Secondary infection,2,1
Autoimmune Hepatic Failure 443,Autoimmune Hepatic Failure 443 affects related physiological systems and may present with characteristic symptom clusters.,3,5,3,Chronic condition requiring long-term management,Inflammation complications,1,0
Idiopathic Hepatic Failure 444,Idiopathic Hepatic Failure 444 affects related physiological systems and may present with characteristic symptom clusters.,4,2,4,Potentially severe if untreated,Metabolic imbalance,0,3
Primary Hepatic Failure 445,Primary Hepatic Failure 445 affects related physiological systems and may present with characteristic symptom clusters.,0,7,1,Acute onset may resolve with care,Neurological complications,2,2
Secondary Hepatic Failure 446,Secondary Hepatic Failure 446 affects related physiological systems and may present with characteristic symptom clusters.,6,3,2,Progressive condition needing monitoring,Organ dysfunction,1,1
Progressive Hepatic Failure 447,Progressive Hepatic Failure 447 affects related physiological systems and may present with characteristic symptom clusters.,5,6,3,Chronic condition requiring long-term management,Secondary infection,0,0
Congenital Hepatic Failure 448,Congenital Hepatic Failure 448 affects related physiological systems and may present with characteristic symptom clusters.,2,0,4,Potentially severe if untreated,Inflammation complications,2,3
Inflammatory Hepatic Failure 449,Inflammatory Hepatic Failure 449 affects related physiological systems and may present with characteristic symptom clusters.,7,4,1,Acute onset may resolve with care,Metabolic imbalance,1,2
Metabolic Hepatic Failure 450,Metabolic Hepatic Failure 450 affects related physiological systems and may present with characteristic symptom clusters.,1,1,2,Progressive condition needing monitoring,Neurological complications,0,1
Acute Endocrine Failure 451,Acute Endocrine Failure 451 affects related physiological systems and may present with characteristic symptom clusters.,3,5,3,Chronic condition requiring long-term management,Organ dysfunction,2,0
Chronic Endocrine Failure 452,Chronic Endocrine Failure 452 affects related physiological systems and may present with characteristic symptom clusters.,4,2,4,Potentially severe if untreated,Secondary infection,1,3
Autoimmune Endocrine Failure 453,Autoimmune Endocrine Failure 453 affects related physiological systems and may present with characteristic symptom clusters.,0,7,1,Acute onset may resolve with care,Inflammation complications,0,2
Idiopathic Endocrine Failure 454,Idiopathic Endocrine Failure 454 affects related physiological systems and may present with characteristic symptom clusters.,6,3,2,Progressive condition needing monitoring,Metabolic imbalance,2,1
Primary Endocrine Failure 455,Primary Endocrine Failure 455 affects related physiological systems and may present with characteristic symptom clusters.,5,6,3,Chronic condition requiring long-term management,Neurological complications,1,0
Secondary Endocrine Failure 456,Secondary Endocrine Failure 456 affects related physiological systems and may present with characteristic symptom clusters.,2,0,4,Potentially severe if untreated,Organ dysfunction,0,3
Progressive Endocrine Failure 457,Progressive Endocrine Failure 457 affects related physiological systems and may present with characteristic symptom clusters.,7,4,1,Acute onset may resolve with care,Secondary infection,2,2
Congenital Endocrine Failure 458,Congenital Endocrine Failure 458 affects related physiological systems and may present with characteristic symptom clusters.,1,1,2,Progressive condition needing monitoring,Inflammation complications,1,1
Inflammatory Endocrine Failure 459,Inflammatory Endocrine Failure 459 affects related physiological systems and may present with characteristic symptom clusters.,3,5,3,Chronic condition requiring long-term management,Metabolic imbalance,0,0
Metabolic Endocrine Failure 460,Metabolic Endocrine Failure 460 affects related physiological systems and may present with characteristic symptom clusters.,4,2,4,Potentially severe if untreated,Neurological complications,2,3
Acute Gastro Failure 461,Acute Gastro Failure 461 affects related physiological systems and may present with characteristic symptom clusters.,0,7,1,Acute onset may resolve with care,Organ dysfunction,1,2
Chronic Gastro Failure 462,Chronic Gastro Failure 462 affects related physiological systems and may present with characteristic symptom clusters.,6,3,2,Progressive condition needing monitoring,Secondary infection,0,1
Autoimmune Gastro Failure 463,Autoimmune Gastro Failure 463 affects related physiological systems and may present with characteristic symptom clusters.,5,6,3,Chronic condition requiring long-term management,Inflammation complications,2,0
Idiopathic Gastro Failure 464,Idiopathic Gastro Failure 464 affects related physiological systems and may present with characteristic symptom clusters.,2,0,4,Potentially severe if untreated,Metabolic imbalance,1,3
Primary Gastro Failure 465,Primary Gastro Failure 465 affects related physiological systems and may present with characteristic symptom clusters.,7,4,1,Acute onset may resolve with care,Neurological complications,0,2
Secondary Gastro Failure 466,Secondary Gastro Failure 466 affects related physiological systems and may present with characteristic symptom clusters.,1,1,2,Progressive condition needing monitoring,Organ dysfunction,2,1
Progressive Gastro Failure 467,Progressive Gastro Failure 467 affects related physiological systems and may present with characteristic symptom clusters.,3,5,3,Chronic condition requiring long-term management,Secondary infection,1,0
Congenital Gastro Failure 468,Congenital Gastro Failure 468 affects related physiological systems and may present with characteristic symptom clusters.,4,2,4,Potentially severe if untreated,Inflammation complications,0,3
Inflammatory Gastro Failure 469,Inflammatory Gastro Failure 469 affects related physiological systems and may present with characteristic symptom clusters.,0,7,1,Acute onset may resolve with care,Metabolic imbalance,2,2
Metabolic Gastro Failure 470,Metabolic Gastro Failure 470 affects related physiological systems and may present with characteristic symptom clusters.,6,3,2,Progressive condition needing monitoring,Neurological complications,1,1
Acute Dermatologic Failure 471,Acute Dermatologic Failure 471 affects related physiological systems and may present with characteristic symptom clusters.,5,6,3,Chronic condition requiring long-term management,Organ dysfunction,0,0
Chronic Dermatologic Failure 472,Chronic Dermatologic Failure 472 affects related physiological systems and may present with characteristic symptom clusters.,2,0,4,Potentially severe if untreated,Secondary infection,2,3
Autoimmune Dermatologic Failure 473,Autoimmune Dermatologic Failure 473 affects related physiological systems and may present with characteristic symptom clusters.,7,4,1,Acute onset may resolve with care,Inflammation complications,1,2
Idiopathic Dermatologic Failure 474,Idiopathic Dermatologic Failure 474 affects related physiological systems and may present with characteristic symptom clusters.,1,1,2,Progressive condition needing monitoring,Metabolic imbalance,0,1
Primary Dermatologic Failure 475,Primary Dermatologic Failure 475 affects related physiological systems and may present with characteristic symptom clusters.,3,5,3,Chronic condition requiring long-term management,Neurological complications,2,0
Secondary Dermatologic Failure 476,Secondary Dermatologic Failure 476 affects related physiological systems and may present with characteristic symptom clusters.,4,2,4,Potentially severe if untreated,Organ dysfunction,1,3
Progressive Dermatologic Failure 477,Progressive Dermatologic Failure 477 affects related physiological systems and may present with characteristic symptom clusters.,0,7,1,Acute onset may resolve with care,Secondary infection,0,2
Congenital Dermatologic Failure 478,Congenital Dermatologic Failure 478 affects related physiological systems and may present with characteristic symptom clusters.,6,3,2,Progressive condition needing monitoring,Inflammation complications,2,1
Inflammatory Dermatologic Failure 479,Inflammatory Dermatologic Failure 479 affects related physiological systems and may present with characteristic symptom clusters.,5,6,3,Chronic condition requiring long-term management,Metabolic imbalance,1,0
Metabolic Dermatologic Failure 480,Metabolic Dermatologic Failure 480 affects related physiological systems and may present with characteristic symptom clusters.,2,0,4,Potentially severe if untreated,Neurological complications,0,3
Acute Hematologic Failure 481,Acute Hematologic Failure 481 affects related physiological systems and may present with characteristic symptom clusters.,7,4,1,Acute onset may resolve with care,Organ dysfunction,2,2
Chronic Hematologic Failure 482,Chronic Hematologic Failure 482 affects related physiological systems and may present with characteristic symptom clusters.,1,1,2,Progressive condition needing monitoring,Secondary infection,1,1
Autoimmune Hematologic Failure 483,Autoimmune Hematologic Failure 483 affects related physiological systems and may present with characteristic symptom clusters.,3,5,3,Chronic condition requiring long-term management,Inflammation complications,0,0
Idiopathic Hematologic Failure 484,Idiopathic Hematologic Failure 484 affects related physiological systems and may present with characteristic symptom clusters.,4,2,4,Potentially severe if untreated,Metabolic imbalance,2,3
Primary Hematologic Failure 485,Primary Hematologic Failure 485 affects related physiological systems and may present with characteristic symptom clusters.,0,7,1,Acute onset may resolve with care,Neurological complications,1,2
Secondary Hematologic Failure 486,Secondary Hematologic Failure 486 affects related physiological systems and may present with characteristic symptom clusters.,6,3,2,Progressive condition needing monitoring,Organ dysfunction,0,1
Progressive Hematologic Failure 487,Progressive Hematologic Failure 487 affects related physiological systems and may present with characteristic symptom clusters.,5,6,3,Chronic condition requiring long-term management,Secondary infection,2,0
Congenital Hematologic Failure 488,Congenital Hematologic Failure 488 affects related physiological systems and may present with characteristic symptom clusters.,2,0,4,Potentially severe if untreated,Inflammation complications,1,3
Inflammatory Hematologic Failure 489,Inflammatory Hematologic Failure 489 affects related physiological systems and may present with characteristic symptom clusters.,7,4,1,Acute onset may resolve with care,Metabolic imbalance,0,2
Metabolic Hematologic Failure 490,Metabolic Hematologic Failure 490 affects related physiological systems and may present with characteristic symptom clusters.,1,1,2,Progressive condition needing monitoring,Neurological complications,2,1
Acute Musculoskeletal Failure 491,Acute Musculoskeletal Failure 491 affects related physiological systems and may present with characteristic symptom clusters.,3,5,3,Chronic condition requiring long-term management,Organ dysfunction,1,0
Chronic Musculoskeletal Failure 492,Chronic Musculoskeletal Failure 492 affects related physiological systems and may present with characteristic symptom clusters.,4,2,4,Potentially severe if untreated,Secondary infection,0,3
Autoimmune Musculoskeletal Failure 493,Autoimmune Musculoskeletal Failure 493 affects related physiological systems and may present with characteristic symptom clusters.,0,7,1,Acute onset may resolve with care,Inflammation complications,2,2
Idiopathic Musculoskeletal Failure 494,Idiopathic Musculoskeletal Failure 494 affects related physiological systems and may present with characteristic symptom clusters.,6,3,2,Progressive condition needing monitoring,Metabolic imbalance,1,1
Primary Musculoskeletal Failure 495,Primary Musculoskeletal Failure 495 affects related physiological systems and may present with characteristic symptom clusters.,5,6,3,Chronic condition requiring long-term management,Neurological complications,0,0
Secondary Musculoskeletal Failure 496,Secondary Musculoskeletal Failure 496 affects related physiological systems and may present with characteristic symptom clusters.,2,0,4,Potentially severe if untreated,Organ dysfunction,2,3
Progressive Musculoskeletal Failure 497,Progressive Musculoskeletal Failure 497 affects related physiological systems and may present with characteristic symptom clusters.,7,4,1,Acute onset may resolve with care,Secondary infection,1,2
Congenital Musculoskeletal Failure 498,Congenital Musculoskeletal Failure 498 affects related physiological systems and may present with characteristic symptom clusters.,1,1,2,Progressive condition needing monitoring,Inflammation complications,0,1
Inflammatory Musculoskeletal Failure 499,Inflammatory Musculoskeletal Failure 499 affects related physiological systems and may present with characteristic symptom clusters.,3,5,3,Chronic condition requiring long-term management,Metabolic imbalance,2,0
Metabolic Musculoskeletal Failure 500,Metabolic Musculoskeletal Failure 500 affects related physiological systems and may present with characteristic symptom clusters.,4,2,4,Potentially severe if untreated,Neurological complications,1,3
Acute Respiratory Infection 501,Acute Respiratory Infection 501 affects related physiological systems and may present with characteristic symptom clusters.,0,7,1,Acute onset may resolve with care,Organ dysfunction,0,2
Chronic Respiratory Infection 502,Chronic Respiratory Infection 502 affects related physiological systems and may present with characteristic symptom clusters.,6,3,2,Progressive condition needing monitoring,Secondary infection,2,1
Autoimmune Respiratory Infection 503,Autoimmune Respiratory Infection 503 affects related physiological systems and may present with characteristic symptom clusters.,5,6,3,Chronic condition requiring long-term management,Inflammation complications,1,0
Idiopathic Respiratory Infection 504,Idiopathic Respiratory Infection 504 affects related physiological systems and may present with characteristic symptom clusters.,2,0,4,Potentially severe if untreated,Metabolic imbalance,0,3
Primary Respiratory Infection 505,Primary Respiratory Infection 505 affects related physiological systems and may present with characteristic symptom clusters.,7,4,1,Acute onset may resolve with care,Neurological complications,2,2
Secondary Respiratory Infection 506,Secondary Respiratory Infection 506 affects related physiological systems and may present with characteristic symptom clusters.,1,1,2,Progressive condition needing monitoring,Organ dysfunction,1,1
Progressive Respiratory Infection 507,Progressive Respiratory Infection 507 affects related physiological systems and may present with characteristic symptom clusters.,3,5,3,Chronic condition requiring long-term management,Secondary infection,0,0
Congenital Respiratory Infection 508,Congenital Respiratory Infection 508 affects related physiological systems and may present with characteristic symptom clusters.,4,2,4,Potentially severe if untreated,Inflammation complications,2,3
Inflammatory Respiratory Infection 509,Inflammatory Respiratory Infection 509 affects related physiological systems and may present with characteristic symptom clusters.,0,7,1,Acute onset may resolve with care,Metabolic imbalance,1,2
Metabolic Respiratory Infection 510,Metabolic Respiratory Infection 510 affects related physiological systems and may present with characteristic symptom clusters.,6,3,2,Progressive condition needing monitoring,Neurological complications,0,1
Acute Cardiac Infection 511,Acute Cardiac Infection 511 affects related physiological systems and may present with characteristic symptom clusters.,5,6,3,Chronic condition requiring long-term management,Organ dysfunction,2,0
Chronic Cardiac Infection 512,Chronic Cardiac Infection 512 affects related physiological systems and may present with characteristic symptom clusters.,2,0,4,Potentially severe if untreated,Secondary infection,1,3
Autoimmune Cardiac Infection 513,Autoimmune Cardiac Infection 513 affects related physiological systems and may present with characteristic symptom clusters.,7,4,1,Acute onset may resolve with care,Inflammation complications,0,2
Idiopathic Cardiac Infection 514,Idiopathic Cardiac Infection 514 affects related physiological systems and may present with characteristic symptom clusters.,1,1,2,Progressive condition needing monitoring,Metabolic imbalance,2,1
Primary Cardiac Infection 515,Primary Cardiac Infection 515 affects related physiological systems and may present with characteristic symptom clusters.,3,5,3,Chronic condition requiring long-term management,Neurological complications,1,0
Secondary Cardiac Infection 516,Secondary Cardiac Infection 516 affects related physiological systems and may present with characteristic symptom clusters.,4,2,4,Potentially severe if untreated,Organ dysfunction,0,3
Progressive Cardiac Infection 517,Progressive Cardiac Infection 517 affects related physiological systems and may present with characteristic symptom clusters.,0,7,1,Acute onset may resolve with care,Secondary infection,2,2
Congenital Cardiac Infection 518,Congenital Cardiac Infection 518 affects related physiological systems and may present with characteristic symptom clusters.,6,3,2,Progressive condition needing monitoring,Inflammation complications,1,1
Inflammatory Cardiac Infection 519,Inflammatory Cardiac Infection 519 affects related physiological systems and may present with characteristic symptom clusters.,5,6,3,Chronic condition requiring long-term management,Metabolic imbalance,0,0
Metabolic Cardiac Infection 520,Metabolic Cardiac Infection 520 affects related physiological systems and may present with characteristic symptom clusters.,2,0,4,Potentially severe if untreated,Neurological complications,2,3
Acute Neurological Infection 521,Acute Neurological Infection 521 affects related physiological systems and may present with characteristic symptom clusters.,7,4,1,Acute onset may resolve with care,Organ dysfunction,1,2
Chronic Neurological Infection 522,Chronic Neurological Infection 522 affects related physiological systems and may present with characteristic symptom clusters.,1,1,2,Progressive condition needing monitoring,Secondary infection,0,1
Autoimmune Neurological Infection 523,Autoimmune Neurological Infection 523 affects related physiological systems and may present with characteristic symptom clusters.,3,5,3,Chronic condition requiring long-term management,Inflammation complications,2,0
Idiopathic Neurological Infection 524,Idiopathic Neurological Infection 524 affects related physiological systems and may present with characteristic symptom clusters.,4,2,4,Potentially severe if untreated,Metabolic imbalance,1,3
Primary Neurological Infection 525,Primary Neurological Infection 525 affects related physiological systems and may present with characteristic symptom clusters.,0,7,1,Acute onset may resolve with care,Neurological complications,0,2
Secondary Neurological Infection 526,Secondary Neurological Infection 526 affects related physiological systems and may present with characteristic symptom clusters.,6,3,2,Progressive condition needing monitoring,Organ dysfunction,2,1
Progressive Neurological Infection 527,Progressive Neurological Infection 527 affects related physiological systems and may present with characteristic symptom clusters.,5,6,3,Chronic condition requiring long-term management,Secondary infection,1,0
Congenital Neurological Infection 528,Congenital Neurological Infection 528 affects related physiological systems and may present with characteristic symptom clusters.,2,0,4,Potentially severe if untreated,Inflammation complications,0,3
Inflammatory Neurological Infection 529,Inflammatory Neurological Infection 529 affects related physiological systems and may present with characteristic symptom clusters.,7,4,1,Acute onset may resolve with care,Metabolic imbalance,2,2
Metabolic Neurological Infection 530,Metabolic Neurological Infection 530 affects related physiological systems and may present with characteristic symptom clusters.,1,1,2,Progressive condition needing monitoring,Neurological complications,1,1
Acute Renal Infection 531,Acute Renal Infection 531 affects related physiological systems and may present with characteristic symptom clusters.,3,5,3,Chronic condition requiring long-term management,Organ dysfunction,0,0
Chronic Renal Infection 532,Chronic Renal Infection 532 affects related physiological systems and may present with characteristic symptom clusters.,4,2,4,Potentially severe if untreated,Secondary infection,2,3
Autoimmune Renal Infection 533,Autoimmune Renal Infection 533 affects related physiological systems and may present with characteristic symptom clusters.,0,7,1,Acute onset may resolve with care,Inflammation complications,1,2
Idiopathic Renal Infection 534,Idiopathic Renal Infection 534 affects related physiological systems and may present with characteristic symptom clusters.,6,3,2,Progressive condition needing monitoring,Metabolic imbalance,0,1
Primary Renal Infection 535,Primary Renal Infection 535 affects related physiological systems and may present with characteristic symptom clusters.,5,6,3,Chronic condition requiring long-term management,Neurological complications,2,0
Secondary Renal Infection 536,Secondary Renal Infection 536 affects related physiological systems and may present with characteristic symptom clusters.,2,0,4,Potentially severe if untreated,Organ dysfunction,1,3
Progressive Renal Infection 537,Progressive Renal Infection 537 affects related physiological systems and may present with characteristic symptom clusters.,7,4,1,Acute onset may resolve with care,Secondary infection,0,2
Congenital Renal Infection 538,Congenital Renal Infection 538 affects related physiological systems and may present with characteristic symptom clusters.,1,1,2,Progressive condition needing monitoring,Inflammation complications,2,1
Inflammatory Renal Infection 539,Inflammatory Renal Infection 539 affects related physiological systems and may present with characteristic symptom clusters.,3,5,3,Chronic condition requiring long-term management,Metabolic imbalance,1,0
Metabolic Renal Infection 540,Metabolic Renal Infection 540 affects related physiological systems and may present with characteristic symptom clusters.,4,2,4,Potentially severe if untreated,Neurological complications,0,3
Acute Hepatic Infection 541,Acute Hepatic Infection 541 affects related physiological systems and may present with characteristic symptom clusters.,0,7,1,Acute onset may resolve with care,Organ dysfunction,2,2
Chronic Hepatic Infection 542,Chronic Hepatic Infection 542 affects related physiological systems and may present with characteristic symptom clusters.,6,3,2,Progressive condition needing monitoring,Secondary infection,1,1
Autoimmune Hepatic Infection 543,Autoimmune Hepatic Infection 543 affects related physiological systems and may present with characteristic symptom clusters.,5,6,3,Chronic condition requiring long-term management,Inflammation complications,0,0
Idiopathic Hepatic Infection 544,Idiopathic Hepatic Infection 544 affects related physiological systems and may present with characteristic symptom clusters.,2,0,4,Potentially severe if untreated,Metabolic imbalance,2,3
Primary Hepatic Infection 545,Primary Hepatic Infection 545 affects related physiological systems and may present with characteristic symptom clusters.,7,4,1,Acute onset may resolve with care,Neurological complications,1,2
Secondary Hepatic Infection 546,Secondary Hepatic Infection 546 affects related physiological systems and may present with characteristic symptom clusters.,1,1,2,Progressive condition needing monitoring,Organ dysfunction,0,1
Progressive Hepatic Infection 547,Progressive Hepatic Infection 547 affects related physiological systems and may present with characteristic symptom clusters.,3,5,3,Chronic condition requiring long-term management,Secondary infection,2,0
Congenital Hepatic Infection 548,Congenital Hepatic Infection 548 affects related physiological systems and may present with characteristic symptom clusters.,4,2,4,Potentially severe if untreated,Inflammation complications,1,3
Inflammatory Hepatic Infection 549,Inflammatory Hepatic Infection 549 affects related physiological systems and may present with characteristic symptom clusters.,0,7,1,Acute onset may resolve with care,Metabolic imbalance,0,2
Metabolic Hepatic Infection 550,Metabolic Hepatic Infection 550 affects related physiological systems and may present with characteristic symptom clusters.,6,3,2,Progressive condition needing monitoring,Neurological complications,2,1
Acute Endocrine Infection 551,Acute Endocrine Infection 551 affects related physiological systems and may present with characteristic symptom clusters.,5,6,3,Chronic condition requiring long-term management,Organ dysfunction,1,0
Chronic Endocrine Infection 552,Chronic Endocrine Infection 552 affects related physiological systems and may present with characteristic symptom clusters.,2,0,4,Potentially severe if untreated,Secondary infection,0,3
Autoimmune Endocrine Infection 553,Autoimmune Endocrine Infection 553 affects related physiological systems and may present with characteristic symptom clusters.,7,4,1,Acute onset may resolve with care,Inflammation complications,2,2
Idiopathic Endocrine Infection 554,Idiopathic Endocrine Infection 554 affects related physiological systems and may present with characteristic symptom clusters.,1,1,2,Progressive condition needing monitoring,Metabolic imbalance,1,1
Primary Endocrine Infection 555,Primary Endocrine Infection 555 affects related physiological systems and may present with characteristic symptom clusters.,3,5,3,Chronic condition requiring long-term management,Neurological complications,0,0
Secondary Endocrine Infection 556,Secondary Endocrine Infection 556 affects related physiological systems and may present with characteristic symptom clusters.,4,2,4,Potentially severe if untreated,Organ dysfunction,2,3
Progressive Endocrine Infection 557,Progressive Endocrine Infection 557 affects related physiological systems and may present with characteristic symptom clusters.,0,7,1,Acute onset may resolve with care,Secondary infection,1,2
Congenital Endocrine Infection 558,Congenital Endocrine Infection 558 affects related physiological systems and may present with characteristic symptom clusters.,6,3,2,Progressive condition needing monitoring,Inflammation complications,0,1
Inflammatory Endocrine Infection 559,Inflammatory Endocrine Infection 559 affects related physiological systems and may present with characteristic symptom clusters.,5,6,3,Chronic condition requiring long-term management,Metabolic imbalance,2,0
Metabolic Endocrine Infection 560,Metabolic Endocrine Infection 560 affects related physiological systems and may present with characteristic symptom clusters.,2,0,4,Potentially severe if untreated,Neurological complications,1,3
Acute Gastro Infection 561,Acute Gastro Infection 561 affects related physiological systems and may present with characteristic symptom clusters.,7,4,1,Acute onset may resolve with care,Organ dysfunction,0,2
Chronic Gastro Infection 562,Chronic Gastro Infection 562 affects related physiological systems and may present with characteristic symptom clusters.,1,1,2,Progressive condition needing monitoring,Secondary infection,2,1
Autoimmune Gastro Infection 563,Autoimmune Gastro Infection 563 affects related physiological systems and may present with characteristic symptom clusters.,3,5,3,Chronic condition requiring long-term management,Inflammation complications,1,0
Idiopathic Gastro Infection 564,Idiopathic Gastro Infection 564 affects related physiological systems and may present with characteristic symptom clusters.,4,2,4,Potentially severe if untreated,Metabolic imbalance,0,3
Primary Gastro Infection 565,Primary Gastro Infection 565 affects related physiological systems and may present with characteristic symptom clusters.,0,7,1,Acute onset may resolve with care,Neurological complications,2,2
Secondary Gastro Infection 566,Secondary Gastro Infection 566 affects related physiological systems and may present with characteristic symptom clusters.,6,3,2,Progressive condition needing monitoring,Organ dysfunction,1,1
Progressive Gastro Infection 567,Progressive Gastro Infection 567 affects related physiological systems and may present with characteristic symptom clusters.,5,6,3,Chronic condition requiring long-term management,Secondary infection,0,0
Congenital Gastro Infection 568,Congenital Gastro Infection 568 affects related physiological systems and may present with characteristic symptom clusters.,2,0,4,Potentially severe if untreated,Inflammation complications,2,3
Inflammatory Gastro Infection 569,Inflammatory Gastro Infection 569 affects related physiological systems and may present with characteristic symptom clusters.,7,4,1,Acute onset may resolve with care,Metabolic imbalance,1,2
Metabolic Gastro Infection 570,Metabolic Gastro Infection 570 affects related physiological systems and may present with characteristic symptom clusters.,1,1,2,Progressive condition needing monitoring,Neurological complications,0,1
Acute Dermatologic Infection 571,Acute Dermatologic Infection 571 affects related physiological systems and may present with characteristic symptom clusters.,3,5,3,Chronic condition requiring long-term management,Organ dysfunction,2,0
Chronic Dermatologic Infection 572,Chronic Dermatologic Infection 572 affects related physiological systems and may present with characteristic symptom clusters.,4,2,4,Potentially severe if untreated,Secondary infection,1,3
Autoimmune Dermatologic Infection 573,Autoimmune Dermatologic Infection 573 affects related physiological systems and may present with characteristic symptom clusters.,0,7,1,Acute onset may resolve with care,Inflammation complications,0,2
Idiopathic Dermatologic Infection 574,Idiopathic Dermatologic Infection 574 affects related physiological systems and may present with characteristic symptom clusters.,6,3,2,Progressive condition needing monitoring,Metabolic imbalance,2,1
Primary Dermatologic Infection 575,Primary Dermatologic Infection 575 affects related physiological systems and may present with characteristic symptom clusters.,5,6,3,Chronic condition requiring long-term management,Neurological complications,1,0
Secondary Dermatologic Infection 576,Secondary Dermatologic Infection 576 affects related physiological systems and may present with characteristic symptom clusters.,2,0,4,Potentially severe if untreated,Organ dysfunction,0,3
Progressive Dermatologic Infection 577,Progressive Dermatologic Infection 577 affects related physiological systems and may present with characteristic symptom clusters.,7,4,1,Acute onset may resolve with care,Secondary infection,2,2
Congenital Dermatologic Infection 578,Congenital Dermatologic Infection 578 affects related physiological systems and may present with characteristic symptom clusters.,1,1,2,Progressive condition needing monitoring,Inflammation complications,1,1
Inflammatory Dermatologic Infection 579,Inflammatory Dermatologic Infection 579 affects related physiological systems and may present with characteristic symptom clusters.,3,5,3,Chronic condition requiring long-term management,Metabolic imbalance,0,0
Metabolic Dermatologic Infection 580,Metabolic Dermatologic Infection 580 affects related physiological systems and may present with characteristic symptom clusters.,4,2,4,Potentially severe if untreated,Neurological complications,2,3
Acute Hematologic Infection 581,Acute Hematologic Infection 581 affects related physiological systems and may present with characteristic symptom clusters.,0,7,1,Acute onset may resolve with care,Organ dysfunction,1,2
Chronic Hematologic Infection 582,Chronic Hematologic Infection 582 affects related physiological systems and may present with characteristic symptom clusters.,6,3,2,Progressive condition needing monitoring,Secondary infection,0,1
Autoimmune Hematologic Infection 583,Autoimmune Hematologic Infection 583 affects related physiological systems and may present with characteristic symptom clusters.,5,6,3,Chronic condition requiring long-term management,Inflammation complications,2,0
Idiopathic Hematologic Infection 584,Idiopathic Hematologic Infection 584 affects related physiological systems and may present with characteristic symptom clusters.,2,0,4,Potentially severe if untreated,Metabolic imbalance,1,3
Primary Hematologic Infection 585,Primary Hematologic Infection 585 affects related physiological systems and may present with characteristic symptom clusters.,7,4,1,Acute onset may resolve with care,Neurological complications,0,2
Secondary Hematologic Infection 586,Secondary Hematologic Infection 586 affects related physiological systems and may present with characteristic symptom clusters.,1,1,2,Progressive condition needing monitoring,Organ dysfunction,2,1
Progressive Hematologic Infection 587,Progressive Hematologic Infection 587 affects related physiological systems and may present with characteristic symptom clusters.,3,5,3,Chronic condition requiring long-term management,Secondary infection,1,0
Congenital Hematologic Infection 588,Congenital Hematologic Infection 588 affects related physiological systems and may present with characteristic symptom clusters.,4,2,4,Potentially severe if untreated,Inflammation complications,0,3
Inflammatory Hematologic Infection 589,Inflammatory Hematologic Infection 589 affects related physiological systems and may present with characteristic symptom clusters.,0,7,1,Acute onset may resolve with care,Metabolic imbalance,2,2
Metabolic Hematologic Infection 590,Metabolic Hematologic Infection 590 affects related physiological systems and may present with characteristic symptom clusters.,6,3,2,Progressive condition needing monitoring,Neurological complications,1,1
Acute Musculoskeletal Infection 591,Acute Musculoskeletal Infection 591 affects related physiological systems and may present with characteristic symptom clusters.,5,6,3,Chronic condition requiring long-term management,Organ dysfunction,0,0
Chronic Musculoskeletal Infection 592,Chronic Musculoskeletal Infection 592 affects related physiological systems and may present with characteristic symptom clusters.,2,0,4,Potentially severe if untreated,Secondary infection,2,3
Autoimmune Musculoskeletal Infection 593,Autoimmune Musculoskeletal Infection 593 affects related physiological systems and may present with characteristic symptom clusters.,7,4,1,Acute onset may resolve with care,Inflammation complications,1,2
Idiopathic Musculoskeletal Infection 594,Idiopathic Musculoskeletal Infection 594 affects related physiological systems and may present with characteristic symptom clusters.,1,1,2,Progressive condition needing monitoring,Metabolic imbalance,0,1
Primary Musculoskeletal Infection 595,Primary Musculoskeletal Infection 595 affects related physiological systems and may present with characteristic symptom clusters.,3,5,3,Chronic condition requiring long-term management,Neurological complications,2,0
Secondary Musculoskeletal Infection 596,Secondary Musculoskeletal Infection 596 affects related physiological systems and may present with characteristic symptom clusters.,4,2,4,Potentially severe if untreated,Organ dysfunction,1,3
Progressive Musculoskeletal Infection 597,Progressive Musculoskeletal Infection 597 affects related physiological systems and may present with characteristic symptom clusters.,0,7,1,Acute onset may resolve with care,Secondary infection,0,2
Congenital Musculoskeletal Infection 598,Congenital Musculoskeletal Infection 598 affects related physiological systems and may present with characteristic symptom clusters.,6,3,2,Progressive condition needing monitoring,Inflammation complications,2,1
Inflammatory Musculoskeletal Infection 599,Inflammatory Musculoskeletal Infection 599 affects related physiological systems and may present with characteristic symptom clusters.,5,6,3,Chronic condition requiring long-term management,Metabolic imbalance,1,0
Metabolic Musculoskeletal Infection 600,Metabolic Musculoskeletal Infection 600 affects related physiological systems and may present with characteristic symptom clusters.,2,0,4,Potentially severe if untreated,Neurological complications,0,3
Acute Respiratory Deficiency 601,Acute Respiratory Deficiency 601 affects related physiological systems and may present with characteristic symptom clusters.,7,4,1,Acute onset may resolve with care,Organ dysfunction,2,2
Chronic Respiratory Deficiency 602,Chronic Respiratory Deficiency 602 affects related physiological systems and may present with characteristic symptom clusters.,1,1,2,Progressive condition needing monitoring,Secondary infection,1,1
Autoimmune Respiratory Deficiency 603,Autoimmune Respiratory Deficiency 603 affects related physiological systems and may present with characteristic symptom clusters.,3,5,3,Chronic condition requiring long-term management,Inflammation complications,0,0
Idiopathic Respiratory Deficiency 604,Idiopathic Respiratory Deficiency 604 affects related physiological systems and may present with characteristic symptom clusters.,4,2,4,Potentially severe if untreated,Metabolic imbalance,2,3
Primary Respiratory Deficiency 605,Primary Respiratory Deficiency 605 affects related physiological systems and may present with characteristic symptom clusters.,0,7,1,Acute onset may resolve with care,Neurological complications,1,2
Secondary Respiratory Deficiency 606,Secondary Respiratory Deficiency 606 affects related physiological systems and may present with characteristic symptom clusters.,6,3,2,Progressive condition needing monitoring,Organ dysfunction,0,1
Progressive Respiratory Deficiency 607,Progressive Respiratory Deficiency 607 affects related physiological systems and may present with characteristic symptom clusters.,5,6,3,Chronic condition requiring long-term management,Secondary infection,2,0
Congenital Respiratory Deficiency 608,Congenital Respiratory Deficiency 608 affects related physiological systems and may present with characteristic symptom clusters.,2,0,4,Potentially severe if untreated,Inflammation complications,1,3
Inflammatory Respiratory Deficiency 609,Inflammatory Respiratory Deficiency 609 affects related physiological systems and may present with characteristic symptom clusters.,7,4,1,Acute onset may resolve with care,Metabolic imbalance,0,2
Metabolic Respiratory Deficiency 610,Metabolic Respiratory Deficiency 610 affects related physiological systems and may present with characteristic symptom clusters.,1,1,2,Progressive condition needing monitoring,Neurological complications,2,1
Acute Cardiac Deficiency 611,Acute Cardiac Deficiency 611 affects related physiological systems and may present with characteristic symptom clusters.,3,5,3,Chronic condition requiring long-term management,Organ dysfunction,1,0
Chronic Cardiac Deficiency 612,Chronic Cardiac Deficiency 612 affects related physiological systems and may present with characteristic symptom clusters.,4,2,4,Potentially severe if untreated,Secondary infection,0,3
Autoimmune Cardiac Deficiency 613,Autoimmune Cardiac Deficiency 613 affects related physiological systems and may present with characteristic symptom clusters.,0,7,1,Acute onset may resolve with care,Inflammation complications,2,2
Idiopathic Cardiac Deficiency 614,Idiopathic Cardiac Deficiency 614 affects related physiological systems and may present with characteristic symptom clusters.,6,3,2,Progressive condition needing monitoring,Metabolic imbalance,1,1
Primary Cardiac Deficiency 615,Primary Cardiac Deficiency 615 affects related physiological systems and may present with characteristic symptom clusters.,5,6,3,Chronic condition requiring long-term management,Neurological complications,0,0
Secondary Cardiac Deficiency 616,Secondary Cardiac Deficiency 616 affects related physiological systems and may present with characteristic symptom clusters.,2,0,4,Potentially severe if untreated,Organ dysfunction,2,3
Progressive Cardiac Deficiency 617,Progressive Cardiac Deficiency 617 affects related physiological systems and may present with characteristic symptom clusters.,7,4,1,Acute onset may resolve with care,Secondary infection,1,2
Congenital Cardiac Deficiency 618,Congenital Cardiac Deficiency 618 affects related physiological systems and may present with characteristic symptom clusters.,1,1,2,Progressive condition needing monitoring,Inflammation complications,0,1
Inflammatory Cardiac Deficiency 619,Inflammatory Cardiac Deficiency 619 affects related physiological systems and may present with characteristic symptom clusters.,3,5,3,Chronic condition requiring long-term management,Metabolic imbalance,2,0
Metabolic Cardiac Deficiency 620,Metabolic Cardiac Deficiency 620 affects related physiological systems and may present with characteristic symptom clusters.,4,2,4,Potentially severe if untreated,Neurological complications,1,3
Acute Neurological Deficiency 621,Acute Neurological Deficiency 621 affects related physiological systems and may present with characteristic symptom clusters.,0,7,1,Acute onset may resolve with care,Organ dysfunction,0,2
Chronic Neurological Deficiency 622,Chronic Neurological Deficiency 622 affects related physiological systems and may present with characteristic symptom clusters.,6,3,2,Progressive condition needing monitoring,Secondary infection,2,1
Autoimmune Neurological Deficiency 623,Autoimmune Neurological Deficiency 623 affects related physiological systems and may present with characteristic symptom clusters.,5,6,3,Chronic condition requiring long-term management,Inflammation complications,1,0
Idiopathic Neurological Deficiency 624,Idiopathic Neurological Deficiency 624 affects related physiological systems and may present with characteristic symptom clusters.,2,0,4,Potentially severe if untreated,Metabolic imbalance,0,3
Primary Neurological Deficiency 625,Primary Neurological Deficiency 625 affects related physiological systems and may present with characteristic symptom clusters.,7,4,1,Acute onset may resolve with care,Neurological complications,2,2
Secondary Neurological Deficiency 626,Secondary Neurological Deficiency 626 affects related physiological systems and may present with characteristic symptom clusters.,1,1,2,Progressive condition needing monitoring,Organ dysfunction,1,1
Progressive Neurological Deficiency 627,Progressive Neurological Deficiency 627 affects related physiological systems and may present with characteristic symptom clusters.,3,5,3,Chronic condition requiring long-term management,Secondary infection,0,0
Congenital Neurological Deficiency 628,Congenital Neurological Deficiency 628 affects related physiological systems and may present with characteristic symptom clusters.,4,2,4,Potentially severe if untreated,Inflammation complications,2,3
Inflammatory Neurological Deficiency 629,Inflammatory Neurological Deficiency 629 affects related physiological systems and may present with characteristic symptom clusters.,0,7,1,Acute onset may resolve with care,Metabolic imbalance,1,2
Metabolic Neurological Deficiency 630,Metabolic Neurological Deficiency 630 affects related physiological systems and may present with characteristic symptom clusters.,6,3,2,Progressive condition needing monitoring,Neurological complications,0,1
Acute Renal Deficiency 631,Acute Renal Deficiency 631 affects related physiological systems and may present with characteristic symptom clusters.,5,6,3,Chronic condition requiring long-term management,Organ dysfunction,2,0
Chronic Renal Deficiency 632,Chronic Renal Deficiency 632 affects related physiological systems and may present with characteristic symptom clusters.,2,0,4,Potentially severe if untreated,Secondary infection,1,3
Autoimmune Renal Deficiency 633,Autoimmune Renal Deficiency 633 affects related physiological systems and may present with characteristic symptom clusters.,7,4,1,Acute onset may resolve with care,Inflammation complications,0,2
Idiopathic Renal Deficiency 634,Idiopathic Renal Deficiency 634 affects related physiological systems and may present with characteristic symptom clusters.,1,1,2,Progressive condition needing monitoring,Metabolic imbalance,2,1
Primary Renal Deficiency 635,Primary Renal Deficiency 635 affects related physiological systems and may present with characteristic symptom clusters.,3,5,3,Chronic condition requiring long-term management,Neurological complications,1,0
Secondary Renal Deficiency 636,Secondary Renal Deficiency 636 affects related physiological systems and may present with characteristic symptom clusters.,4,2,4,Potentially severe if untreated,Organ dysfunction,0,3
Progressive Renal Deficiency 637,Progressive Renal Deficiency 637 affects related physiological systems and may present with characteristic symptom clusters.,0,7,1,Acute onset may resolve with care,Secondary infection,2,2
Congenital Renal Deficiency 638,Congenital Renal Deficiency 638 affects related physiological systems and may present with characteristic symptom clusters.,6,3,2,Progressive condition needing monitoring,Inflammation complications,1,1
Inflammatory Renal Deficiency 639,Inflammatory Renal Deficiency 639 affects related physiological systems and may present with characteristic symptom clusters.,5,6,3,Chronic condition requiring long-term management,Metabolic imbalance,0,0
Metabolic Renal Deficiency 640,Metabolic Renal Deficiency 640 affects related physiological systems and may present with characteristic symptom clusters.,2,0,4,Potentially severe if untreated,Neurological complications,2,3
Acute Hepatic Deficiency 641,Acute Hepatic Deficiency 641 affects related physiological systems and may present with characteristic symptom clusters.,7,4,1,Acute onset may resolve with care,Organ dysfunction,1,2
Chronic Hepatic Deficiency 642,Chronic Hepatic Deficiency 642 affects related physiological systems and may present with characteristic symptom clusters.,1,1,2,Progressive condition needing monitoring,Secondary infection,0,1
Autoimmune Hepatic Deficiency 643,Autoimmune Hepatic Deficiency 643 affects related physiological systems and may present with characteristic symptom clusters.,3,5,3,Chronic condition requiring long-term management,Inflammation complications,2,0
Idiopathic Hepatic Deficiency 644,Idiopathic Hepatic Deficiency 644 affects related physiological systems and may present with characteristic symptom clusters.,4,2,4,Potentially severe if untreated,Metabolic imbalance,1,3
Primary Hepatic Deficiency 645,Primary Hepatic Deficiency 645 affects related physiological systems and may present with characteristic symptom clusters.,0,7,1,Acute onset may resolve with care,Neurological complications,0,2
Secondary Hepatic Deficiency 646,Secondary Hepatic Deficiency 646 affects related physiological systems and may present with characteristic symptom clusters.,6,3,2,Progressive condition needing monitoring,Organ dysfunction,2,1
Progressive Hepatic Deficiency 647,Progressive Hepatic Deficiency 647 affects related physiological systems and may present with characteristic symptom clusters.,5,6,3,Chronic condition requiring long-term management,Secondary infection,1,0
Congenital Hepatic Deficiency 648,Congenital Hepatic Deficiency 648 affects related physiological systems and may present with characteristic symptom clusters.,2,0,4,Potentially severe if untreated,Inflammation complications,0,3
Inflammatory Hepatic Deficiency 649,Inflammatory Hepatic Deficiency 649 affects related physiological systems and may present with characteristic symptom clusters.,7,4,1,Acute onset may resolve with care,Metabolic imbalance,2,2
Metabolic Hepatic Deficiency 650,Metabolic Hepatic Deficiency 650 affects related physiological systems and may present with characteristic symptom clusters.,1,1,2,Progressive condition needing monitoring,Neurological complications,1,1
Acute Endocrine Deficiency 651,Acute Endocrine Deficiency 651 affects related physiological systems and may present with characteristic symptom clusters.,3,5,3,Chronic condition requiring long-term management,Organ dysfunction,0,0
Chronic Endocrine Deficiency 652,Chronic Endocrine Deficiency 652 affects related physiological systems and may present with characteristic symptom clusters.,4,2,4,Potentially severe if untreated,Secondary infection,2,3
Autoimmune Endocrine Deficiency 653,Autoimmune Endocrine Deficiency 653 affects related physiological systems and may present with characteristic symptom clusters.,0,7,1,Acute onset may resolve with care,Inflammation complications,1,2
Idiopathic Endocrine Deficiency 654,Idiopathic Endocrine Deficiency 654 affects related physiological systems and may present with characteristic symptom clusters.,6,3,2,Progressive condition needing monitoring,Metabolic imbalance,0,1
Primary Endocrine Deficiency 655,Primary Endocrine Deficiency 655 affects related physiological systems and may present with characteristic symptom clusters.,5,6,3,Chronic condition requiring long-term management,Neurological complications,2,0
Secondary Endocrine Deficiency 656,Secondary Endocrine Deficiency 656 affects related physiological systems and may present with characteristic symptom clusters.,2,0,4,Potentially severe if untreated,Organ dysfunction,1,3
Progressive Endocrine Deficiency 657,Progressive Endocrine Deficiency 657 affects related physiological systems and may present with characteristic symptom clusters.,7,4,1,Acute onset may resolve with care,Secondary infection,0,2
Congenital Endocrine Deficiency 658,Congenital Endocrine Deficiency 658 affects related physiological systems and may present with characteristic symptom clusters.,1,1,2,Progressive condition needing monitoring,Inflammation complications,2,1
Inflammatory Endocrine Deficiency 659,Inflammatory Endocrine Deficiency 659 affects related physiological systems and may present with characteristic symptom clusters.,3,5,3,Chronic condition requiring long-term management,Metabolic imbalance,1,0
Metabolic Endocrine Deficiency 660,Metabolic Endocrine Deficiency 660 affects related physiological systems and may present with characteristic symptom clusters.,4,2,4,Potentially severe if untreated,Neurological complications,0,3
Acute Gastro Deficiency 661,Acute Gastro Deficiency 661 affects related physiological systems and may present with characteristic symptom clusters.,0,7,1,Acute onset may resolve with care,Organ dysfunction,2,2
Chronic Gastro Deficiency 662,Chronic Gastro Deficiency 662 affects related physiological systems and may present with characteristic symptom clusters.,6,3,2,Progressive condition needing monitoring,Secondary infection,1,1
Autoimmune Gastro Deficiency 663,Autoimmune Gastro Deficiency 663 affects related physiological systems and may present with characteristic symptom clusters.,5,6,3,Chronic condition requiring long-term management,Inflammation complications,0,0
Idiopathic Gastro Deficiency 664,Idiopathic Gastro Deficiency 664 affects related physiological systems and may present with characteristic symptom clusters.,2,0,4,Potentially severe if untreated,Metabolic imbalance,2,3
Primary Gastro Deficiency 665,Primary Gastro Deficiency 665 affects related physiological systems and may present with characteristic symptom clusters.,7,4,1,Acute onset may resolve with care,Neurological complications,1,2
Secondary Gastro Deficiency 666,Secondary Gastro Deficiency 666 affects related physiological systems and may present with characteristic symptom clusters.,1,1,2,Progressive condition needing monitoring,Organ dysfunction,0,1
Progressive Gastro Deficiency 667,Progressive Gastro Deficiency 667 affects related physiological systems and may present with characteristic symptom clusters.,3,5,3,Chronic condition requiring long-term management,Secondary infection,2,0
Congenital Gastro Deficiency 668,Congenital Gastro Deficiency 668 affects related physiological systems and may present with characteristic symptom clusters.,4,2,4,Potentially severe if untreated,Inflammation complications,1,3
Inflammatory Gastro Deficiency 669,Inflammatory Gastro Deficiency 669 affects related physiological systems and may present with characteristic symptom clusters.,0,7,1,Acute onset may resolve with care,Metabolic imbalance,0,2
Metabolic Gastro Deficiency 670,Metabolic Gastro Deficiency 670 affects related physiological systems and may present with characteristic symptom clusters.,6,3,2,Progressive condition needing monitoring,Neurological complications,2,1
Acute Dermatologic Deficiency 671,Acute Dermatologic Deficiency 671 affects related physiological systems and may present with characteristic symptom clusters.,5,6,3,Chronic condition requiring long-term management,Organ dysfunction,1,0
Chronic Dermatologic Deficiency 672,Chronic Dermatologic Deficiency 672 affects related physiological systems and may present with characteristic symptom clusters.,2,0,4,Potentially severe if untreated,Secondary infection,0,3
Autoimmune Dermatologic Deficiency 673,Autoimmune Dermatologic Deficiency 673 affects related physiological systems and may present with characteristic symptom clusters.,7,4,1,Acute onset may resolve with care,Inflammation complications,2,2
Idiopathic Dermatologic Deficiency 674,Idiopathic Dermatologic Deficiency 674 affects related physiological systems and may present with characteristic symptom clusters.,1,1,2,Progressive condition needing monitoring,Metabolic imbalance,1,1
Primary Dermatologic Deficiency 675,Primary Dermatologic Deficiency 675 affects related physiological systems and may present with characteristic symptom clusters.,3,5,3,Chronic condition requiring long-term management,Neurological complications,0,0
Secondary Dermatologic Deficiency 676,Secondary Dermatologic Deficiency 676 affects related physiological systems and may present with characteristic symptom clusters.,4,2,4,Potentially severe if untreated,Organ dysfunction,2,3
Progressive Dermatologic Deficiency 677,Progressive Dermatologic Deficiency 677 affects related physiological systems and may present with characteristic symptom clusters.,0,7,1,Acute onset may resolve with care,Secondary infection,1,2
Congenital Dermatologic Deficiency 678,Congenital Dermatologic Deficiency 678 affects related physiological systems and may present with characteristic symptom clusters.,6,3,2,Progressive condition needing monitoring,Inflammation complications,0,1
Inflammatory Dermatologic Deficiency 679,Inflammatory Dermatologic Deficiency 679 affects related physiological systems and may present with characteristic symptom clusters.,5,6,3,Chronic condition requiring long-term management,Metabolic imbalance,2,0
Metabolic Dermatologic Deficiency 680,Metabolic Dermatologic Deficiency 680 affects related physiological systems and may present with characteristic symptom clusters.,2,0,4,Potentially severe if untreated,Neurological complications,1,3
Acute Hematologic Deficiency 681,Acute Hematologic Deficiency 681 affects related physiological systems and may present with characteristic symptom clusters.,7,4,1,Acute onset may resolve with care,Organ dysfunction,0,2
Chronic Hematologic Deficiency 682,Chronic Hematologic Deficiency 682 affects related physiological systems and may present with characteristic symptom clusters.,1,1,2,Progressive condition needing monitoring,Secondary infection,2,1
Autoimmune Hematologic Deficiency 683,Autoimmune Hematologic Deficiency 683 affects related physiological systems and may present with characteristic symptom clusters.,3,5,3,Chronic condition requiring long-term management,Inflammation complications,1,0
Idiopathic Hematologic Deficiency 684,Idiopathic Hematologic Deficiency 684 affects related physiological systems and may present with characteristic symptom clusters.,4,2,4,Potentially severe if untreated,Metabolic imbalance,0,3
Primary Hematologic Deficiency 685,Primary Hematologic Deficiency 685 affects related physiological systems and may present with characteristic symptom clusters.,0,7,1,Acute onset may resolve with care,Neurological complications,2,2
Secondary Hematologic Deficiency 686,Secondary Hematologic Deficiency 686 affects related physiological systems and may present with characteristic symptom clusters.,6,3,2,Progressive condition needing monitoring,Organ dysfunction,1,1
Progressive Hematologic Deficiency 687,Progressive Hematologic Deficiency 687 affects related physiological systems and may present with characteristic symptom clusters.,5,6,3,Chronic condition requiring long-term management,Secondary infection,0,0
Congenital Hematologic Deficiency 688,Congenital Hematologic Deficiency 688 affects related physiological systems and may present with characteristic symptom clusters.,2,0,4,Potentially severe if untreated,Inflammation complications,2,3
Inflammatory Hematologic Deficiency 689,Inflammatory Hematologic Deficiency 689 affects related physiological systems and may present with characteristic symptom clusters.,7,4,1,Acute onset may resolve with care,Metabolic imbalance,1,2
Metabolic Hematologic Deficiency 690,Metabolic Hematologic Deficiency 690 affects related physiological systems and may present with characteristic symptom clusters.,1,1,2,Progressive condition needing monitoring,Neurological complications,0,1
Acute Musculoskeletal Deficiency 691,Acute Musculoskeletal Deficiency 691 affects related physiological systems and may present with characteristic symptom clusters.,3,5,3,Chronic condition requiring long-term management,Organ dysfunction,2,0
Chronic Musculoskeletal Deficiency 692,Chronic Musculoskeletal Deficiency 692 affects related physiological systems and may present with characteristic symptom clusters.,4,2,4,Potentially severe if untreated,Secondary infection,1,3
Autoimmune Musculoskeletal Deficiency 693,Autoimmune Musculoskeletal Deficiency 693 affects related physiological systems and may present with characteristic symptom clusters.,0,7,1,Acute onset may resolve with care,Inflammation complications,0,2
Idiopathic Musculoskeletal Deficiency 694,Idiopathic Musculoskeletal Deficiency 694 affects related physiological systems and may present with characteristic symptom clusters.,6,3,2,Progressive condition needing monitoring,Metabolic imbalance,2,1
Primary Musculoskeletal Deficiency 695,Primary Musculoskeletal Deficiency 695 affects related physiological systems and may present with characteristic symptom clusters.,5,6,3,Chronic condition requiring long-term management,Neurological complications,1,0
Secondary Musculoskeletal Deficiency 696,Secondary Musculoskeletal Deficiency 696 affects related physiological systems and may present with characteristic symptom clusters.,2,0,4,Potentially severe if untreated,Organ dysfunction,0,3
Progressive Musculoskeletal Deficiency 697,Progressive Musculoskeletal Deficiency 697 affects related physiological systems and may present with characteristic symptom clusters.,7,4,1,Acute onset may resolve with care,Secondary infection,2,2
Congenital Musculoskeletal Deficiency 698,Congenital Musculoskeletal Deficiency 698 affects related physiological systems and may present with characteristic symptom clusters.,1,1,2,Progressive condition needing monitoring,Inflammation complications,1,1
Inflammatory Musculoskeletal Deficiency 699,Inflammatory Musculoskeletal Deficiency 699 affects related physiological systems and may present with characteristic symptom clusters.,3,5,3,Chronic condition requiring long-term management,Metabolic imbalance,0,0
Metabolic Musculoskeletal Deficiency 700,Metabolic Musculoskeletal Deficiency 700 affects related physiological systems and may present with characteristic symptom clusters.,4,2,4,Potentially severe if untreated,Neurological complications,2,3
Acute Respiratory Neuropathy 701,Acute Respiratory Neuropathy 701 affects related physiological systems and may present with characteristic symptom clusters.,0,7,1,Acute onset may resolve with care,Organ dysfunction,1,2
Chronic Respiratory Neuropathy 702,Chronic Respiratory Neuropathy 702 affects related physiological systems and may present with characteristic symptom clusters.,6,3,2,Progressive condition needing monitoring,Secondary infection,0,1
Autoimmune Respiratory Neuropathy 703,Autoimmune Respiratory Neuropathy 703 affects related physiological systems and may present with characteristic symptom clusters.,5,6,3,Chronic condition requiring long-term management,Inflammation complications,2,0
Idiopathic Respiratory Neuropathy 704,Idiopathic Respiratory Neuropathy 704 affects related physiological systems and may present with characteristic symptom clusters.,2,0,4,Potentially severe if untreated,Metabolic imbalance,1,3
Primary Respiratory Neuropathy 705,Primary Respiratory Neuropathy 705 affects related physiological systems and may present with characteristic symptom clusters.,7,4,1,Acute onset may resolve with care,Neurological complications,0,2
Secondary Respiratory Neuropathy 706,Secondary Respiratory Neuropathy 706 affects related physiological systems and may present with characteristic symptom clusters.,1,1,2,Progressive condition needing monitoring,Organ dysfunction,2,1
Progressive Respiratory Neuropathy 707,Progressive Respiratory Neuropathy 707 affects related physiological systems and may present with characteristic symptom clusters.,3,5,3,Chronic condition requiring long-term management,Secondary infection,1,0
Congenital Respiratory Neuropathy 708,Congenital Respiratory Neuropathy 708 affects related physiological systems and may present with characteristic symptom clusters.,4,2,4,Potentially severe if untreated,Inflammation complications,0,3
Inflammatory Respiratory Neuropathy 709,Inflammatory Respiratory Neuropathy 709 affects related physiological systems and may present with characteristic symptom clusters.,0,7,1,Acute onset may resolve with care,Metabolic imbalance,2,2
Metabolic Respiratory Neuropathy 710,Metabolic Respiratory Neuropathy 710 affects related physiological systems and may present with characteristic symptom clusters.,6,3,2,Progressive condition needing monitoring,Neurological complications,1,1
Acute Cardiac Neuropathy 711,Acute Cardiac Neuropathy 711 affects related physiological systems and may present with characteristic symptom clusters.,5,6,3,Chronic condition requiring long-term management,Organ dysfunction,0,0
Chronic Cardiac Neuropathy 712,Chronic Cardiac Neuropathy 712 affects related physiological systems and may present with characteristic symptom clusters.,2,0,4,Potentially severe if untreated,Secondary infection,2,3
Autoimmune Cardiac Neuropathy 713,Autoimmune Cardiac Neuropathy 713 affects related physiological systems and may present with characteristic symptom clusters.,7,4,1,Acute onset may resolve with care,Inflammation complications,1,2
Idiopathic Cardiac Neuropathy 714,Idiopathic Cardiac Neuropathy 714 affects related physiological systems and may present with characteristic symptom clusters.,1,1,2,Progressive condition needing monitoring,Metabolic imbalance,0,1
Primary Cardiac Neuropathy 715,Primary Cardiac Neuropathy 715 affects related physiological systems and may present with characteristic symptom clusters.,3,5,3,Chronic condition requiring long-term management,Neurological complications,2,0
Secondary Cardiac Neuropathy 716,Secondary Cardiac Neuropathy 716 affects related physiological systems and may present with characteristic symptom clusters.,4,2,4,Potentially severe if untreated,Organ dysfunction,1,3
Progressive Cardiac Neuropathy 717,Progressive Cardiac Neuropathy 717 affects related physiological systems and may present with characteristic symptom clusters.,0,7,1,Acute onset may resolve with care,Secondary infection,0,2
Congenital Cardiac Neuropathy 718,Congenital Cardiac Neuropathy 718 affects related physiological systems and may present with characteristic symptom clusters.,6,3,2,Progressive condition needing monitoring,Inflammation complications,2,1
Inflammatory Cardiac Neuropathy 719,Inflammatory Cardiac Neuropathy 719 affects related physiological systems and may present with characteristic symptom clusters.,5,6,3,Chronic condition requiring long-term management,Metabolic imbalance,1,0
Metabolic Cardiac Neuropathy 720,Metabolic Cardiac Neuropathy 720 affects related physiological systems and may present with characteristic symptom clusters.,2,0,4,Potentially severe if untreated,Neurological complications,0,3
Acute Neurological Neuropathy 721,Acute Neurological Neuropathy 721 affects related physiological systems and may present with characteristic symptom clusters.,7,4,1,Acute onset may resolve with care,Organ dysfunction,2,2
Chronic Neurological Neuropathy 722,Chronic Neurological Neuropathy 722 affects related physiological systems and may present with characteristic symptom clusters.,1,1,2,Progressive condition needing monitoring,Secondary infection,1,1
Autoimmune Neurological Neuropathy 723,Autoimmune Neurological Neuropathy 723 affects related physiological systems and may present with characteristic symptom clusters.,3,5,3,Chronic condition requiring long-term management,Inflammation complications,0,0
Idiopathic Neurological Neuropathy 724,Idiopathic Neurological Neuropathy 724 affects related physiological systems and may present with characteristic symptom clusters.,4,2,4,Potentially severe if untreated,Metabolic imbalance,2,3
Primary Neurological Neuropathy 725,Primary Neurological Neuropathy 725 affects related physiological systems and may present with characteristic symptom clusters.,0,7,1,Acute onset may resolve with care,Neurological complications,1,2
Secondary Neurological Neuropathy 726,Secondary Neurological Neuropathy 726 affects related physiological systems and may present with characteristic symptom clusters.,6,3,2,Progressive condition needing monitoring,Organ dysfunction,0,1
Progressive Neurological Neuropathy 727,Progressive Neurological Neuropathy 727 affects related physiological systems and may present with characteristic symptom clusters.,5,6,3,Chronic condition requiring long-term management,Secondary infection,2,0
Congenital Neurological Neuropathy 728,Congenital Neurological Neuropathy 728 affects related physiological systems and may present with characteristic symptom clusters.,2,0,4,Potentially severe if untreated,Inflammation complications,1,3
Inflammatory Neurological Neuropathy 729,Inflammatory Neurological Neuropathy 729 affects related physiological systems and may present with characteristic symptom clusters.,7,4,1,Acute onset may resolve with care,Metabolic imbalance,0,2
Metabolic Neurological Neuropathy 730,Metabolic Neurological Neuropathy 730 affects related physiological systems and may present with characteristic symptom clusters.,1,1,2,Progressive condition needing monitoring,Neurological complications,2,1
Acute Renal Neuropathy 731,Acute Renal Neuropathy 731 affects related physiological systems and may present with characteristic symptom clusters.,3,5,3,Chronic condition requiring long-term management,Organ dysfunction,1,0
Chronic Renal Neuropathy 732,Chronic Renal Neuropathy 732 affects related physiological systems and may present with characteristic symptom clusters.,4,2,4,Potentially severe if untreated,Secondary infection,0,3
Autoimmune Renal Neuropathy 733,Autoimmune Renal Neuropathy 733 affects related physiological systems and may present with characteristic symptom clusters.,0,7,1,Acute onset may resolve with care,Inflammation complications,2,2
Idiopathic Renal Neuropathy 734,Idiopathic Renal Neuropathy 734 affects related physiological systems and may present with characteristic symptom clusters.,6,3,2,Progressive condition needing monitoring,Metabolic imbalance,1,1
Primary Renal Neuropathy 735,Primary Renal Neuropathy 735 affects related physiological systems and may present with characteristic symptom clusters.,5,6,3,Chronic condition requiring long-term management,Neurological complications,0,0
Secondary Renal Neuropathy 736,Secondary Renal Neuropathy 736 affects related physiological systems and may present with characteristic symptom clusters.,2,0,4,Potentially severe if untreated,Organ dysfunction,2,3
Progressive Renal Neuropathy 737,Progressive Renal Neuropathy 737 affects related physiological systems and may present with characteristic symptom clusters.,7,4,1,Acute onset may resolve with care,Secondary infection,1,2
Congenital Renal Neuropathy 738,Congenital Renal Neuropathy 738 affects related physiological systems and may present with characteristic symptom clusters.,1,1,2,Progressive condition needing monitoring,Inflammation complications,0,1
Inflammatory Renal Neuropathy 739,Inflammatory Renal Neuropathy 739 affects related physiological systems and may present with characteristic symptom clusters.,3,5,3,Chronic condition requiring long-term management,Metabolic imbalance,2,0
Metabolic Renal Neuropathy 740,Metabolic Renal Neuropathy 740 affects related physiological systems and may present with characteristic symptom clusters.,4,2,4,Potentially severe if untreated,Neurological complications,1,3
Acute Hepatic Neuropathy 741,Acute Hepatic Neuropathy 741 affects related physiological systems and may present with characteristic symptom clusters.,0,7,1,Acute onset may resolve with care,Organ dysfunction,0,2
Chronic Hepatic Neuropathy 742,Chronic Hepatic Neuropathy 742 affects related physiological systems and may present with characteristic symptom clusters.,6,3,2,Progressive condition needing monitoring,Secondary infection,2,1
Autoimmune Hepatic Neuropathy 743,Autoimmune Hepatic Neuropathy 743 affects related physiological systems and may present with characteristic symptom clusters.,5,6,3,Chronic condition requiring long-term management,Inflammation complications,1,0
Idiopathic Hepatic Neuropathy 744,Idiopathic Hepatic Neuropathy 744 affects related physiological systems and may present with characteristic symptom clusters.,2,0,4,Potentially severe if untreated,Metabolic imbalance,0,3
Primary Hepatic Neuropathy 745,Primary Hepatic Neuropathy 745 affects related physiological systems and may present with characteristic symptom clusters.,7,4,1,Acute onset may resolve with care,Neurological complications,2,2
Secondary Hepatic Neuropathy 746,Secondary Hepatic Neuropathy 746 affects related physiological systems and may present with characteristic symptom clusters.,1,1,2,Progressive condition needing monitoring,Organ dysfunction,1,1
Progressive Hepatic Neuropathy 747,Progressive Hepatic Neuropathy 747 affects related physiological systems and may present with characteristic symptom clusters.,3,5,3,Chronic condition requiring long-term management,Secondary infection,0,0
Congenital Hepatic Neuropathy 748,Congenital Hepatic Neuropathy 748 affects related physiological systems and may present with characteristic symptom clusters.,4,2,4,Potentially severe if untreated,Inflammation complications,2,3
Inflammatory Hepatic Neuropathy 749,Inflammatory Hepatic Neuropathy 749 affects related physiological systems and may present with characteristic symptom clusters.,0,7,1,Acute onset may resolve with care,Metabolic imbalance,1,2
Metabolic Hepatic Neuropathy 750,Metabolic Hepatic Neuropathy 750 affects related physiological systems and may present with characteristic symptom clusters.,6,3,2,Progressive condition needing monitoring,Neurological complications,0,1
Acute Endocrine Neuropathy 751,Acute Endocrine Neuropathy 751 affects related physiological systems and may present with characteristic symptom clusters.,5,6,3,Chronic condition requiring long-term management,Organ dysfunction,2,0
Chronic Endocrine Neuropathy 752,Chronic Endocrine Neuropathy 752 affects related physiological systems and may present with characteristic symptom clusters.,2,0,4,Potentially severe if untreated,Secondary infection,1,3
Autoimmune Endocrine Neuropathy 753,Autoimmune Endocrine Neuropathy 753 affects related physiological systems and may present with characteristic symptom clusters.,7,4,1,Acute onset may resolve with care,Inflammation complications,0,2
Idiopathic Endocrine Neuropathy 754,Idiopathic Endocrine Neuropathy 754 affects related physiological systems and may present with characteristic symptom clusters.,1,1,2,Progressive condition needing monitoring,Metabolic imbalance,2,1
Primary Endocrine Neuropathy 755,Primary Endocrine Neuropathy 755 affects related physiological systems and may present with characteristic symptom clusters.,3,5,3,Chronic condition requiring long-term management,Neurological complications,1,0
Secondary Endocrine Neuropathy 756,Secondary Endocrine Neuropathy 756 affects related physiological systems and may present with characteristic symptom clusters.,4,2,4,Potentially severe if untreated,Organ dysfunction,0,3
Progressive Endocrine Neuropathy 757,Progressive Endocrine Neuropathy 757 affects related physiological systems and may present with characteristic symptom clusters.,0,7,1,Acute onset may resolve with care,Secondary infection,2,2
Congenital Endocrine Neuropathy 758,Congenital Endocrine Neuropathy 758 affects related physiological systems and may present with characteristic symptom clusters.,6,3,2,Progressive condition needing monitoring,Inflammation complications,1,1
Inflammatory Endocrine Neuropathy 759,Inflammatory Endocrine Neuropathy 759 affects related physiological systems and may present with characteristic symptom clusters.,5,6,3,Chronic condition requiring long-term management,Metabolic imbalance,0,0
Metabolic Endocrine Neuropathy 760,Metabolic Endocrine Neuropathy 760 affects related physiological systems and may present with characteristic symptom clusters.,2,0,4,Potentially severe if untreated,Neurological complications,2,3
Acute Gastro Neuropathy 761,Acute Gastro Neuropathy 761 affects related physiological systems and may present with characteristic symptom clusters.,7,4,1,Acute onset may resolve with care,Organ dysfunction,1,2
Chronic Gastro Neuropathy 762,Chronic Gastro Neuropathy 762 affects related physiological systems and may present with characteristic symptom clusters.,1,1,2,Progressive condition needing monitoring,Secondary infection,0,1
Autoimmune Gastro Neuropathy 763,Autoimmune Gastro Neuropathy 763 affects related physiological systems and may present with characteristic symptom clusters.,3,5,3,Chronic condition requiring long-term management,Inflammation complications,2,0
Idiopathic Gastro Neuropathy 764,Idiopathic Gastro Neuropathy 764 affects related physiological systems and may present with characteristic symptom clusters.,4,2,4,Potentially severe if untreated,Metabolic imbalance,1,3
Primary Gastro Neuropathy 765,Primary Gastro Neuropathy 765 affects related physiological systems and may present with characteristic symptom clusters.,0,7,1,Acute onset may resolve with care,Neurological complications,0,2
Secondary Gastro Neuropathy 766,Secondary Gastro Neuropathy 766 affects related physiological systems and may present with characteristic symptom clusters.,6,3,2,Progressive condition needing monitoring,Organ dysfunction,2,1
Progressive Gastro Neuropathy 767,Progressive Gastro Neuropathy 767 affects related physiological systems and may present with characteristic symptom clusters.,5,6,3,Chronic condition requiring long-term management,Secondary infection,1,0
Congenital Gastro Neuropathy 768,Congenital Gastro Neuropathy 768 affects related physiological systems and may present with characteristic symptom clusters.,2,0,4,Potentially severe if untreated,Inflammation complications,0,3
Inflammatory Gastro Neuropathy 769,Inflammatory Gastro Neuropathy 769 affects related physiological systems and may present with characteristic symptom clusters.,7,4,1,Acute onset may resolve with care,Metabolic imbalance,2,2
Metabolic Gastro Neuropathy 770,Metabolic Gastro Neuropathy 770 affects related physiological systems and may present with characteristic symptom clusters.,1,1,2,Progressive condition needing monitoring,Neurological complications,1,1
Acute Dermatologic Neuropathy 771,Acute Dermatologic Neuropathy 771 affects related physiological systems and may present with characteristic symptom clusters.,3,5,3,Chronic condition requiring long-term management,Organ dysfunction,0,0
Chronic Dermatologic Neuropathy 772,Chronic Dermatologic Neuropathy 772 affects related physiological systems and may present with characteristic symptom clusters.,4,2,4,Potentially severe if untreated,Secondary infection,2,3
Autoimmune Dermatologic Neuropathy 773,Autoimmune Dermatologic Neuropathy 773 affects related physiological systems and may present with characteristic symptom clusters.,0,7,1,Acute onset may resolve with care,Inflammation complications,1,2
Idiopathic Dermatologic Neuropathy 774,Idiopathic Dermatologic Neuropathy 774 affects related physiological systems and may present with characteristic symptom clusters.,6,3,2,Progressive condition needing monitoring,Metabolic imbalance,0,1
Primary Dermatologic Neuropathy 775,Primary Dermatologic Neuropathy 775 affects related physiological systems and may present with characteristic symptom clusters.,5,6,3,Chronic condition requiring long-term management,Neurological complications,2,0
Secondary Dermatologic Neuropathy 776,Secondary Dermatologic Neuropathy 776 affects related physiological systems and may present with characteristic symptom clusters.,2,0,4,Potentially severe if untreated,Organ dysfunction,1,3
Progressive Dermatologic Neuropathy 777,Progressive Dermatologic Neuropathy 777 affects related physiological systems and may present with characteristic symptom clusters.,7,4,1,Acute onset may resolve with care,Secondary infection,0,2
Congenital Dermatologic Neuropathy 778,Congenital Dermatologic Neuropathy 778 affects related physiological systems and may present with characteristic symptom clusters.,1,1,2,Progressive condition needing monitoring,Inflammation complications,2,1
Inflammatory Dermatologic Neuropathy 779,Inflammatory Dermatologic Neuropathy 779 affects related physiological systems and may present with characteristic symptom clusters.,3,5,3,Chronic condition requiring long-term management,Metabolic imbalance,1,0
Metabolic Dermatologic Neuropathy 780,Metabolic Dermatologic Neuropathy 780 affects related physiological systems and may present with characteristic symptom clusters.,4,2,4,Potentially severe if untreated,Neurological complications,0,3
Acute Hematologic Neuropathy 781,Acute Hematologic Neuropathy 781 affects related physiological systems and may present with characteristic symptom clusters.,0,7,1,Acute onset may resolve with care,Organ dysfunction,2,2
Chronic Hematologic Neuropathy 782,Chronic Hematologic Neuropathy 782 affects related physiological systems and may present with characteristic symptom clusters.,6,3,2,Progressive condition needing monitoring,Secondary infection,1,1
Autoimmune Hematologic Neuropathy 783,Autoimmune Hematologic Neuropathy 783 affects related physiological systems and may present with characteristic symptom clusters.,5,6,3,Chronic condition requiring long-term management,Inflammation complications,0,0
Idiopathic Hematologic Neuropathy 784,Idiopathic Hematologic Neuropathy 784 affects related physiological systems and may present with characteristic symptom clusters.,2,0,4,Potentially severe if untreated,Metabolic imbalance,2,3
Primary Hematologic Neuropathy 785,Primary Hematologic Neuropathy 785 affects related physiological systems and may present with characteristic symptom clusters.,7,4,1,Acute onset may resolve with care,Neurological complications,1,2
Secondary Hematologic Neuropathy 786,Secondary Hematologic Neuropathy 786 affects related physiological systems and may present with characteristic symptom clusters.,1,1,2,Progressive condition needing monitoring,Organ dysfunction,0,1
Progressive Hematologic Neuropathy 787,Progressive Hematologic Neuropathy 787 affects related physiological systems and may present with characteristic symptom clusters.,3,5,3,Chronic condition requiring long-term management,Secondary infection,2,0
Congenital Hematologic Neuropathy 788,Congenital Hematologic Neuropathy 788 affects related physiological systems and may present with characteristic symptom clusters.,4,2,4,Potentially severe if untreated,Inflammation complications,1,3
Inflammatory Hematologic Neuropathy 789,Inflammatory Hematologic Neuropathy 789 affects related physiological systems and may present with characteristic symptom clusters.,0,7,1,Acute onset may resolve with care,Metabolic imbalance,0,2
Metabolic Hematologic Neuropathy 790,Metabolic Hematologic Neuropathy 790 affects related physiological systems and may present with characteristic symptom clusters.,6,3,2,Progressive condition needing monitoring,Neurological complications,2,1
Acute Musculoskeletal Neuropathy 791,Acute Musculoskeletal Neuropathy 791 affects related physiological systems and may present with characteristic symptom clusters.,5,6,3,Chronic condition requiring long-term management,Organ dysfunction,1,0
Chronic Musculoskeletal Neuropathy 792,Chronic Musculoskeletal Neuropathy 792 affects related physiological systems and may present with characteristic symptom clusters.,2,0,4,Potentially severe if untreated,Secondary infection,0,3
Autoimmune Musculoskeletal Neuropathy 793,Autoimmune Musculoskeletal Neuropathy 793 affects related physiological systems and may present with characteristic symptom clusters.,7,4,1,Acute onset may resolve with care,Inflammation complications,2,2
Idiopathic Musculoskeletal Neuropathy 794,Idiopathic Musculoskeletal Neuropathy 794 affects related physiological systems and may present with characteristic symptom clusters.,1,1,2,Progressive condition needing monitoring,Metabolic imbalance,1,1
Primary Musculoskeletal Neuropathy 795,Primary Musculoskeletal Neuropathy 795 affects related physiological systems and may present with characteristic symptom clusters.,3,5,3,Chronic condition requiring long-term management,Neurological complications,0,0
Secondary Musculoskeletal Neuropathy 796,Secondary Musculoskeletal Neuropathy 796 affects related physiological systems and may present with characteristic symptom clusters.,4,2,4,Potentially severe if untreated,Organ dysfunction,2,3
Progressive Musculoskeletal Neuropathy 797,Progressive Musculoskeletal Neuropathy 797 affects related physiological systems and may present with characteristic symptom clusters.,0,7,1,Acute onset may resolve with care,Secondary infection,1,2
Congenital Musculoskeletal Neuropathy 798,Congenital Musculoskeletal Neuropathy 798 affects related physiological systems and may present with characteristic symptom clusters.,6,3,2,Progressive condition needing monitoring,Inflammation complications,0,1
Inflammatory Musculoskeletal Neuropathy 799,Inflammatory Musculoskeletal Neuropathy 799 affects related physiological systems and may present with characteristic symptom clusters.,5,6,3,Chronic condition requiring long-term management,Metabolic imbalance,2,0
Metabolic Musculoskeletal Neuropathy 800,Metabolic Musculoskeletal Neuropathy 800 affects related physiological systems and may present with characteristic symptom clusters.,2,0,4,Potentially severe if untreated,Neurological complications,1,3
Acute Respiratory Inflammation 801,Acute Respiratory Inflammation 801 affects related physiological systems and may present with characteristic symptom clusters.,7,4,1,Acute onset may resolve with care,Organ dysfunction,0,2
Chronic Respiratory Inflammation 802,Chronic Respiratory Inflammation 802 affects related physiological systems and may present with characteristic symptom clusters.,1,1,2,Progressive condition needing monitoring,Secondary infection,2,1
Autoimmune Respiratory Inflammation 803,Autoimmune Respiratory Inflammation 803 affects related physiological systems and may present with characteristic symptom clusters.,3,5,3,Chronic condition requiring long-term management,Inflammation complications,1,0
Idiopathic Respiratory Inflammation 804,Idiopathic Respiratory Inflammation 804 affects related physiological systems and may present with characteristic symptom clusters.,4,2,4,Potentially severe if untreated,Metabolic imbalance,0,3
Primary Respiratory Inflammation 805,Primary Respiratory Inflammation 805 affects related physiological systems and may present with characteristic symptom clusters.,0,7,1,Acute onset may resolve with care,Neurological complications,2,2
Secondary Respiratory Inflammation 806,Secondary Respiratory Inflammation 806 affects related physiological systems and may present with characteristic symptom clusters.,6,3,2,Progressive condition needing monitoring,Organ dysfunction,1,1
Progressive Respiratory Inflammation 807,Progressive Respiratory Inflammation 807 affects related physiological systems and may present with characteristic symptom clusters.,5,6,3,Chronic condition requiring long-term management,Secondary infection,0,0
Congenital Respiratory Inflammation 808,Congenital Respiratory Inflammation 808 affects related physiological systems and may present with characteristic symptom clusters.,2,0,4,Potentially severe if untreated,Inflammation complications,2,3
Inflammatory Respiratory Inflammation 809,Inflammatory Respiratory Inflammation 809 affects related physiological systems and may present with characteristic symptom clusters.,7,4,1,Acute onset may resolve with care,Metabolic imbalance,1,2
Metabolic Respiratory Inflammation 810,Metabolic Respiratory Inflammation 810 affects related physiological systems and may present with characteristic symptom clusters.,1,1,2,Progressive condition needing monitoring,Neurological complications,0,1
Acute Cardiac Inflammation 811,Acute Cardiac Inflammation 811 affects related physiological systems and may present with characteristic symptom clusters.,3,5,3,Chronic condition requiring long-term management,Organ dysfunction,2,0
Chronic Cardiac Inflammation 812,Chronic Cardiac Inflammation 812 affects related physiological systems and may present with characteristic symptom clusters.,4,2,4,Potentially severe if untreated,Secondary infection,1,3
Autoimmune Cardiac Inflammation 813,Autoimmune Cardiac Inflammation 813 affects related physiological systems and may present with characteristic symptom clusters.,0,7,1,Acute onset may resolve with care,Inflammation complications,0,2
Idiopathic Cardiac Inflammation 814,Idiopathic Cardiac Inflammation 814 affects related physiological systems and may present with characteristic symptom clusters.,6,3,2,Progressive condition needing monitoring,Metabolic imbalance,2,1
Primary Cardiac Inflammation 815,Primary Cardiac Inflammation 815 affects related physiological systems and may present with characteristic symptom clusters.,5,6,3,Chronic condition requiring long-term management,Neurological complications,1,0
Secondary Cardiac Inflammation 816,Secondary Cardiac Inflammation 816 affects related physiological systems and may present with characteristic symptom clusters.,2,0,4,Potentially severe if untreated,Organ dysfunction,0,3
Progressive Cardiac Inflammation 817,Progressive Cardiac Inflammation 817 affects related physiological systems and may present with characteristic symptom clusters.,7,4,1,Acute onset may resolve with care,Secondary infection,2,2
Congenital Cardiac Inflammation 818,Congenital Cardiac Inflammation 818 affects related physiological systems and may present with characteristic symptom clusters.,1,1,2,Progressive condition needing monitoring,Inflammation complications,1,1
Inflammatory Cardiac Inflammation 819,Inflammatory Cardiac Inflammation 819 affects related physiological systems and may present with characteristic symptom clusters.,3,5,3,Chronic condition requiring long-term management,Metabolic imbalance,0,0
Metabolic Cardiac Inflammation 820,Metabolic Cardiac Inflammation 820 affects related physiological systems and may present with characteristic symptom clusters.,4,2,4,Potentially severe if untreated,Neurological complications,2,3
Acute Neurological Inflammation 821,Acute Neurological Inflammation 821 affects related physiological systems and may present with characteristic symptom clusters.,0,7,1,Acute onset may resolve with care,Organ dysfunction,1,2
Chronic Neurological Inflammation 822,Chronic Neurological Inflammation 822 affects related physiological systems and may present with characteristic symptom clusters.,6,3,2,Progressive condition needing monitoring,Secondary infection,0,1
Autoimmune Neurological Inflammation 823,Autoimmune Neurological Inflammation 823 affects related physiological systems and may present with characteristic symptom clusters.,5,6,3,Chronic condition requiring long-term management,Inflammation complications,2,0
Idiopathic Neurological Inflammation 824,Idiopathic Neurological Inflammation 824 affects related physiological systems and may present with characteristic symptom clusters.,2,0,4,Potentially severe if untreated,Metabolic imbalance,1,3
Primary Neurological Inflammation 825,Primary Neurological Inflammation 825 affects related physiological systems and may present with characteristic symptom clusters.,7,4,1,Acute onset may resolve with care,Neurological complications,0,2
Secondary Neurological Inflammation 826,Secondary Neurological Inflammation 826 affects related physiological systems and may present with characteristic symptom clusters.,1,1,2,Progressive condition needing monitoring,Organ dysfunction,2,1
Progressive Neurological Inflammation 827,Progressive Neurological Inflammation 827 affects related physiological systems and may present with characteristic symptom clusters.,3,5,3,Chronic condition requiring long-term management,Secondary infection,1,0
Congenital Neurological Inflammation 828,Congenital Neurological Inflammation 828 affects related physiological systems and may present with characteristic symptom clusters.,4,2,4,Potentially severe if untreated,Inflammation complications,0,3
Inflammatory Neurological Inflammation 829,Inflammatory Neurological Inflammation 829 affects related physiological systems and may present with characteristic symptom clusters.,0,7,1,Acute onset may resolve with care,Metabolic imbalance,2,2
Metabolic Neurological Inflammation 830,Metabolic Neurological Inflammation 830 affects related physiological systems and may present with characteristic symptom clusters.,6,3,2,Progressive condition needing monitoring,Neurological complications,1,1
Acute Renal Inflammation 831,Acute Renal Inflammation 831 affects related physiological systems and may present with characteristic symptom clusters.,5,6,3,Chronic condition requiring long-term management,Organ dysfunction,0,0
Chronic Renal Inflammation 832,Chronic Renal Inflammation 832 affects related physiological systems and may present with characteristic symptom clusters.,2,0,4,Potentially severe if untreated,Secondary infection,2,3
Autoimmune Renal Inflammation 833,Autoimmune Renal Inflammation 833 affects related physiological systems and may present with characteristic symptom clusters.,7,4,1,Acute onset may resolve with care,Inflammation complications,1,2
Idiopathic Renal Inflammation 834,Idiopathic Renal Inflammation 834 affects related physiological systems and may present with characteristic symptom clusters.,1,1,2,Progressive condition needing monitoring,Metabolic imbalance,0,1
Primary Renal Inflammation 835,Primary Renal Inflammation 835 affects related physiological systems and may present with characteristic symptom clusters.,3,5,3,Chronic condition requiring long-term management,Neurological complications,2,0
Secondary Renal Inflammation 836,Secondary Renal Inflammation 836 affects related physiological systems and may present with characteristic symptom clusters.,4,2,4,Potentially severe if untreated,Organ dysfunction,1,3
Progressive Renal Inflammation 837,Progressive Renal Inflammation 837 affects related physiological systems and may present with characteristic symptom clusters.,0,7,1,Acute onset may resolve with care,Secondary infection,0,2
Congenital Renal Inflammation 838,Congenital Renal Inflammation 838 affects related physiological systems and may present with characteristic symptom clusters.,6,3,2,Progressive condition needing monitoring,Inflammation complications,2,1
Inflammatory Renal Inflammation 839,Inflammatory Renal Inflammation 839 affects related physiological systems and may present with characteristic symptom clusters.,5,6,3,Chronic condition requiring long-term management,Metabolic imbalance,1,0
Metabolic Renal Inflammation 840,Metabolic Renal Inflammation 840 affects related physiological systems and may present with characteristic symptom clusters.,2,0,4,Potentially severe if untreated,Neurological complications,0,3
Acute Hepatic Inflammation 841,Acute Hepatic Inflammation 841 affects related physiological systems and may present with characteristic symptom clusters.,7,4,1,Acute onset may resolve with care,Organ dysfunction,2,2
Chronic Hepatic Inflammation 842,Chronic Hepatic Inflammation 842 affects related physiological systems and may present with characteristic symptom clusters.,1,1,2,Progressive condition needing monitoring,Secondary infection,1,1
Autoimmune Hepatic Inflammation 843,Autoimmune Hepatic Inflammation 843 affects related physiological systems and may present with characteristic symptom clusters.,3,5,3,Chronic condition requiring long-term management,Inflammation complications,0,0
Idiopathic Hepatic Inflammation 844,Idiopathic Hepatic Inflammation 844 affects related physiological systems and may present with characteristic symptom clusters.,4,2,4,Potentially severe if untreated,Metabolic imbalance,2,3
Primary Hepatic Inflammation 845,Primary Hepatic Inflammation 845 affects related physiological systems and may present with characteristic symptom clusters.,0,7,1,Acute onset may resolve with care,Neurological complications,1,2
Secondary Hepatic Inflammation 846,Secondary Hepatic Inflammation 846 affects related physiological systems and may present with characteristic symptom clusters.,6,3,2,Progressive condition needing monitoring,Organ dysfunction,0,1
Progressive Hepatic Inflammation 847,Progressive Hepatic Inflammation 847 affects related physiological systems and may present with characteristic symptom clusters.,5,6,3,Chronic condition requiring long-term management,Secondary infection,2,0
Congenital Hepatic Inflammation 848,Congenital Hepatic Inflammation 848 affects related physiological systems and may present with characteristic symptom clusters.,2,0,4,Potentially severe if untreated,Inflammation complications,1,3
Inflammatory Hepatic Inflammation 849,Inflammatory Hepatic Inflammation 849 affects related physiological systems and may present with characteristic symptom clusters.,7,4,1,Acute onset may resolve with care,Metabolic imbalance,0,2
Metabolic Hepatic Inflammation 850,Metabolic Hepatic Inflammation 850 affects related physiological systems and may present with characteristic symptom clusters.,1,1,2,Progressive condition needing monitoring,Neurological complications,2,1
Acute Endocrine Inflammation 851,Acute Endocrine Inflammation 851 affects related physiological systems and may present with characteristic symptom clusters.,3,5,3,Chronic condition requiring long-term management,Organ dysfunction,1,0
Chronic Endocrine Inflammation 852,Chronic Endocrine Inflammation 852 affects related physiological systems and may present with characteristic symptom clusters.,4,2,4,Potentially severe if untreated,Secondary infection,0,3
Autoimmune Endocrine Inflammation 853,Autoimmune Endocrine Inflammation 853 affects related physiological systems and may present with characteristic symptom clusters.,0,7,1,Acute onset may resolve with care,Inflammation complications,2,2
Idiopathic Endocrine Inflammation 854,Idiopathic Endocrine Inflammation 854 affects related physiological systems and may present with characteristic symptom clusters.,6,3,2,Progressive condition needing monitoring,Metabolic imbalance,1,1
Primary Endocrine Inflammation 855,Primary Endocrine Inflammation 855 affects related physiological systems and may present with characteristic symptom clusters.,5,6,3,Chronic condition requiring long-term management,Neurological complications,0,0
Secondary Endocrine Inflammation 856,Secondary Endocrine Inflammation 856 affects related physiological systems and may present with characteristic symptom clusters.,2,0,4,Potentially severe if untreated,Organ dysfunction,2,3
Progressive Endocrine Inflammation 857,Progressive Endocrine Inflammation 857 affects related physiological systems and may present with characteristic symptom clusters.,7,4,1,Acute onset may resolve with care,Secondary infection,1,2
Congenital Endocrine Inflammation 858,Congenital Endocrine Inflammation 858 affects related physiological systems and may present with characteristic symptom clusters.,1,1,2,Progressive condition needing monitoring,Inflammation complications,0,1
Inflammatory Endocrine Inflammation 859,Inflammatory Endocrine Inflammation 859 affects related physiological systems and may present with characteristic symptom clusters.,3,5,3,Chronic condition requiring long-term management,Metabolic imbalance,2,0
Metabolic Endocrine Inflammation 860,Metabolic Endocrine Inflammation 860 affects related physiological systems and may present with characteristic symptom clusters.,4,2,4,Potentially severe if untreated,Neurological complications,1,3
Acute Gastro Inflammation 861,Acute Gastro Inflammation 861 affects related physiological systems and may present with characteristic symptom clusters.,0,7,1,Acute onset may resolve with care,Organ dysfunction,0,2
Chronic Gastro Inflammation 862,Chronic Gastro Inflammation 862 affects related physiological systems and may present with characteristic symptom clusters.,6,3,2,Progressive condition needing monitoring,Secondary infection,2,1
Autoimmune Gastro Inflammation 863,Autoimmune Gastro Inflammation 863 affects related physiological systems and may present with characteristic symptom clusters.,5,6,3,Chronic condition requiring long-term management,Inflammation complications,1,0
Idiopathic Gastro Inflammation 864,Idiopathic Gastro Inflammation 864 affects related physiological systems and may present with characteristic symptom clusters.,2,0,4,Potentially severe if untreated,Metabolic imbalance,0,3
Primary Gastro Inflammation 865,Primary Gastro Inflammation 865 affects related physiological systems and may present with characteristic symptom clusters.,7,4,1,Acute onset may resolve with care,Neurological complications,2,2
Secondary Gastro Inflammation 866,Secondary Gastro Inflammation 866 affects related physiological systems and may present with characteristic symptom clusters.,1,1,2,Progressive condition needing monitoring,Organ dysfunction,1,1
Progressive Gastro Inflammation 867,Progressive Gastro Inflammation 867 affects related physiological systems and may present with characteristic symptom clusters.,3,5,3,Chronic condition requiring long-term management,Secondary infection,0,0
Congenital Gastro Inflammation 868,Congenital Gastro Inflammation 868 affects related physiological systems and may present with characteristic symptom clusters.,4,2,4,Potentially severe if untreated,Inflammation complications,2,3
Inflammatory Gastro Inflammation 869,Inflammatory Gastro Inflammation 869 affects related physiological systems and may present with characteristic symptom clusters.,0,7,1,Acute onset may resolve with care,Metabolic imbalance,1,2
Metabolic Gastro Inflammation 870,Metabolic Gastro Inflammation 870 affects related physiological systems and may present with characteristic symptom clusters.,6,3,2,Progressive condition needing monitoring,Neurological complications,0,1
Acute Dermatologic Inflammation 871,Acute Dermatologic Inflammation 871 affects related physiological systems and may present with characteristic symptom clusters.,5,6,3,Chronic condition requiring long-term management,Organ dysfunction,2,0
Chronic Dermatologic Inflammation 872,Chronic Dermatologic Inflammation 872 affects related physiological systems and may present with characteristic symptom clusters.,2,0,4,Potentially severe if untreated,Secondary infection,1,3
Autoimmune Dermatologic Inflammation 873,Autoimmune Dermatologic Inflammation 873 affects related physiological systems and may present with characteristic symptom clusters.,7,4,1,Acute onset may resolve with care,Inflammation complications,0,2
Idiopathic Dermatologic Inflammation 874,Idiopathic Dermatologic Inflammation 874 affects related physiological systems and may present with characteristic symptom clusters.,1,1,2,Progressive condition needing monitoring,Metabolic imbalance,2,1
Primary Dermatologic Inflammation 875,Primary Dermatologic Inflammation 875 affects related physiological systems and may present with characteristic symptom clusters.,3,5,3,Chronic condition requiring long-term management,Neurological complications,1,0
Secondary Dermatologic Inflammation 876,Secondary Dermatologic Inflammation 876 affects related physiological systems and may present with characteristic symptom clusters.,4,2,4,Potentially severe if untreated,Organ dysfunction,0,3
Progressive Dermatologic Inflammation 877,Progressive Dermatologic Inflammation 877 affects related physiological systems and may present with characteristic symptom clusters.,0,7,1,Acute onset may resolve with care,Secondary infection,2,2
Congenital Dermatologic Inflammation 878,Congenital Dermatologic Inflammation 878 affects related physiological systems and may present with characteristic symptom clusters.,6,3,2,Progressive condition needing monitoring,Inflammation complications,1,1
Inflammatory Dermatologic Inflammation 879,Inflammatory Dermatologic Inflammation 879 affects related physiological systems and may present with characteristic symptom clusters.,5,6,3,Chronic condition requiring long-term management,Metabolic imbalance,0,0
Metabolic Dermatologic Inflammation 880,Metabolic Dermatologic Inflammation 880 affects related physiological systems and may present with characteristic symptom clusters.,2,0,4,Potentially severe if untreated,Neurological complications,2,3
Acute Hematologic Inflammation 881,Acute Hematologic Inflammation 881 affects related physiological systems and may present with characteristic symptom clusters.,7,4,1,Acute onset may resolve with care,Organ dysfunction,1,2
Chronic Hematologic Inflammation 882,Chronic Hematologic Inflammation 882 affects related physiological systems and may present with characteristic symptom clusters.,1,1,2,Progressive condition needing monitoring,Secondary infection,0,1
Autoimmune Hematologic Inflammation 883,Autoimmune Hematologic Inflammation 883 affects related physiological systems and may present with characteristic symptom clusters.,3,5,3,Chronic condition requiring long-term management,Inflammation complications,2,0
Idiopathic Hematologic Inflammation 884,Idiopathic Hematologic Inflammation 884 affects related physiological systems and may present with characteristic symptom clusters.,4,2,4,Potentially severe if untreated,Metabolic imbalance,1,3
Primary Hematologic Inflammation 885,Primary Hematologic Inflammation 885 affects related physiological systems and may present with characteristic symptom clusters.,0,7,1,Acute onset may resolve with care,Neurological complications,0,2
Secondary Hematologic Inflammation 886,Secondary Hematologic Inflammation 886 affects related physiological systems and may present with characteristic symptom clusters.,6,3,2,Progressive condition needing monitoring,Organ dysfunction,2,1
Progressive Hematologic Inflammation 887,Progressive Hematologic Inflammation 887 affects related physiological systems and may present with characteristic symptom clusters.,5,6,3,Chronic condition requiring long-term management,Secondary infection,1,0
Congenital Hematologic Inflammation 888,Congenital Hematologic Inflammation 888 affects related physiological systems and may present with characteristic symptom clusters.,2,0,4,Potentially severe if untreated,Inflammation complications,0,3
Inflammatory Hematologic Inflammation 889,Inflammatory Hematologic Inflammation 889 affects related physiological systems and may present with characteristic symptom clusters.,7,4,1,Acute onset may resolve with care,Metabolic imbalance,2,2
Metabolic Hematologic Inflammation 890,Metabolic Hematologic Inflammation 890 affects related physiological systems and may present with characteristic symptom clusters.,1,1,2,Progressive condition needing monitoring,Neurological complications,1,1
Acute Musculoskeletal Inflammation 891,Acute Musculoskeletal Inflammation 891 affects related physiological systems and may present with characteristic symptom clusters.,3,5,3,Chronic condition requiring long-term management,Organ dysfunction,0,0
Chronic Musculoskeletal Inflammation 892,Chronic Musculoskeletal Inflammation 892 affects related physiological systems and may present with characteristic symptom clusters.,4,2,4,Potentially severe if untreated,Secondary infection,2,3
Autoimmune Musculoskeletal Inflammation 893,Autoimmune Musculoskeletal Inflammation 893 affects related physiological systems and may present with characteristic symptom clusters.,0,7,1,Acute onset may resolve with care,Inflammation complications,1,2
Idiopathic Musculoskeletal Inflammation 894,Idiopathic Musculoskeletal Inflammation 894 affects related physiological systems and may present with characteristic symptom clusters.,6,3,2,Progressive condition needing monitoring,Metabolic imbalance,0,1
Primary Musculoskeletal Inflammation 895,Primary Musculoskeletal Inflammation 895 affects related physiological systems and may present with characteristic symptom clusters.,5,6,3,Chronic condition requiring long-term management,Neurological complications,2,0
Secondary Musculoskeletal Inflammation 896,Secondary Musculoskeletal Inflammation 896 affects related physiological systems and may present with characteristic symptom clusters.,2,0,4,Potentially severe if untreated,Organ dysfunction,1,3
Progressive Musculoskeletal Inflammation 897,Progressive Musculoskeletal Inflammation 897 affects related physiological systems and may present with characteristic symptom clusters.,7,4,1,Acute onset may resolve with care,Secondary infection,0,2
Congenital Musculoskeletal Inflammation 898,Congenital Musculoskeletal Inflammation 898 affects related physiological systems and may present with characteristic symptom clusters.,1,1,2,Progressive condition needing monitoring,Inflammation complications,2,1
Inflammatory Musculoskeletal Inflammation 899,Inflammatory Musculoskeletal Inflammation 899 affects related physiological systems and may present with characteristic symptom clusters.,3,5,3,Chronic condition requiring long-term management,Metabolic imbalance,1,0
Metabolic Musculoskeletal Inflammation 900,Metabolic Musculoskeletal Inflammation 900 affects related physiological systems and may present with characteristic symptom clusters.,4,2,4,Potentially severe if untreated,Neurological complications,0,3
Acute Respiratory Degeneration 901,Acute Respiratory Degeneration 901 affects related physiological systems and may present with characteristic symptom clusters.,0,7,1,Acute onset may resolve with care,Organ dysfunction,2,2
Chronic Respiratory Degeneration 902,Chronic Respiratory Degeneration 902 affects related physiological systems and may present with characteristic symptom clusters.,6,3,2,Progressive condition needing monitoring,Secondary infection,1,1
Autoimmune Respiratory Degeneration 903,Autoimmune Respiratory Degeneration 903 affects related physiological systems and may present with characteristic symptom clusters.,5,6,3,Chronic condition requiring long-term management,Inflammation complications,0,0
Idiopathic Respiratory Degeneration 904,Idiopathic Respiratory Degeneration 904 affects related physiological systems and may present with characteristic symptom clusters.,2,0,4,Potentially severe if untreated,Metabolic imbalance,2,3
Primary Respiratory Degeneration 905,Primary Respiratory Degeneration 905 affects related physiological systems and may present with characteristic symptom clusters.,7,4,1,Acute onset may resolve with care,Neurological complications,1,2
Secondary Respiratory Degeneration 906,Secondary Respiratory Degeneration 906 affects related physiological systems and may present with characteristic symptom clusters.,1,1,2,Progressive condition needing monitoring,Organ dysfunction,0,1
Progressive Respiratory Degeneration 907,Progressive Respiratory Degeneration 907 affects related physiological systems and may present with characteristic symptom clusters.,3,5,3,Chronic condition requiring long-term management,Secondary infection,2,0
Congenital Respiratory Degeneration 908,Congenital Respiratory Degeneration 908 affects related physiological systems and may present with characteristic symptom clusters.,4,2,4,Potentially severe if untreated,Inflammation complications,1,3
Inflammatory Respiratory Degeneration 909,Inflammatory Respiratory Degeneration 909 affects related physiological systems and may present with characteristic symptom clusters.,0,7,1,Acute onset may resolve with care,Metabolic imbalance,0,2
Metabolic Respiratory Degeneration 910,Metabolic Respiratory Degeneration 910 affects related physiological systems and may present with characteristic symptom clusters.,6,3,2,Progressive condition needing monitoring,Neurological complications,2,1
Acute Cardiac Degeneration 911,Acute Cardiac Degeneration 911 affects related physiological systems and may present with characteristic symptom clusters.,5,6,3,Chronic condition requiring long-term management,Organ dysfunction,1,0
Chronic Cardiac Degeneration 912,Chronic Cardiac Degeneration 912 affects related physiological systems and may present with characteristic symptom clusters.,2,0,4,Potentially severe if untreated,Secondary infection,0,3
Autoimmune Cardiac Degeneration 913,Autoimmune Cardiac Degeneration 913 affects related physiological systems and may present with characteristic symptom clusters.,7,4,1,Acute onset may resolve with care,Inflammation complications,2,2
Idiopathic Cardiac Degeneration 914,Idiopathic Cardiac Degeneration 914 affects related physiological systems and may present with characteristic symptom clusters.,1,1,2,Progressive condition needing monitoring,Metabolic imbalance,1,1
Primary Cardiac Degeneration 915,Primary Cardiac Degeneration 915 affects related physiological systems and may present with characteristic symptom clusters.,3,5,3,Chronic condition requiring long-term management,Neurological complications,0,0
Secondary Cardiac Degeneration 916,Secondary Cardiac Degeneration 916 affects related physiological systems and may present with characteristic symptom clusters.,4,2,4,Potentially severe if untreated,Organ dysfunction,2,3
Progressive Cardiac Degeneration 917,Progressive Cardiac Degeneration 917 affects related physiological systems and may present with characteristic symptom clusters.,0,7,1,Acute onset may resolve with care,Secondary infection,1,2
Congenital Cardiac Degeneration 918,Congenital Cardiac Degeneration 918 affects related physiological systems and may present with characteristic symptom clusters.,6,3,2,Progressive condition needing monitoring,Inflammation complications,0,1
Inflammatory Cardiac Degeneration 919,Inflammatory Cardiac Degeneration 919 affects related physiological systems and may present with characteristic symptom clusters.,5,6,3,Chronic condition requiring long-term management,Metabolic imbalance,2,0
Metabolic Cardiac Degeneration 920,Metabolic Cardiac Degeneration 920 affects related physiological systems and may present with characteristic symptom clusters.,2,0,4,Potentially severe if untreated,Neurological complications,1,3
Acute Neurological Degeneration 921,Acute Neurological Degeneration 921 affects related physiological systems and may present with characteristic symptom clusters.,7,4,1,Acute onset may resolve with care,Organ dysfunction,0,2
Chronic Neurological Degeneration 922,Chronic Neurological Degeneration 922 affects related physiological systems and may present with characteristic symptom clusters.,1,1,2,Progressive condition needing monitoring,Secondary infection,2,1
Autoimmune Neurological Degeneration 923,Autoimmune Neurological Degeneration 923 affects related physiological systems and may present with characteristic symptom clusters.,3,5,3,Chronic condition requiring long-term management,Inflammation complications,1,0
Idiopathic Neurological Degeneration 924,Idiopathic Neurological Degeneration 924 affects related physiological systems and may present with characteristic symptom clusters.,4,2,4,Potentially severe if untreated,Metabolic imbalance,0,3
Primary Neurological Degeneration 925,Primary Neurological Degeneration 925 affects related physiological systems and may present with characteristic symptom clusters.,0,7,1,Acute onset may resolve with care,Neurological complications,2,2
Secondary Neurological Degeneration 926,Secondary Neurological Degeneration 926 affects related physiological systems and may present with characteristic symptom clusters.,6,3,2,Progressive condition needing monitoring,Organ dysfunction,1,1
Progressive Neurological Degeneration 927,Progressive Neurological Degeneration 927 affects related physiological systems and may present with characteristic symptom clusters.,5,6,3,Chronic condition requiring long-term management,Secondary infection,0,0
Congenital Neurological Degeneration 928,Congenital Neurological Degeneration 928 affects related physiological systems and may present with characteristic symptom clusters.,2,0,4,Potentially severe if untreated,Inflammation complications,2,3
Inflammatory Neurological Degeneration 929,Inflammatory Neurological Degeneration 929 affects related physiological systems and may present with characteristic symptom clusters.,7,4,1,Acute onset may resolve with care,Metabolic imbalance,1,2
Metabolic Neurological Degeneration 930,Metabolic Neurological Degeneration 930 affects related physiological systems and may present with characteristic symptom clusters.,1,1,2,Progressive condition needing monitoring,Neurological complications,0,1
Acute Renal Degeneration 931,Acute Renal Degeneration 931 affects related physiological systems and may present with characteristic symptom clusters.,3,5,3,Chronic condition requiring long-term management,Organ dysfunction,2,0
Chronic Renal Degeneration 932,Chronic Renal Degeneration 932 affects related physiological systems and may present with characteristic symptom clusters.,4,2,4,Potentially severe if untreated,Secondary infection,1,3
Autoimmune Renal Degeneration 933,Autoimmune Renal Degeneration 933 affects related physiological systems and may present with characteristic symptom clusters.,0,7,1,Acute onset may resolve with care,Inflammation complications,0,2
Idiopathic Renal Degeneration 934,Idiopathic Renal Degeneration 934 affects related physiological systems and may present with characteristic symptom clusters.,6,3,2,Progressive condition needing monitoring,Metabolic imbalance,2,1
Primary Renal Degeneration 935,Primary Renal Degeneration 935 affects related physiological systems and may present with characteristic symptom clusters.,5,6,3,Chronic condition requiring long-term management,Neurological complications,1,0
Secondary Renal Degeneration 936,Secondary Renal Degeneration 936 affects related physiological systems and may present with characteristic symptom clusters.,2,0,4,Potentially severe if untreated,Organ dysfunction,0,3
Progressive Renal Degeneration 937,Progressive Renal Degeneration 937 affects related physiological systems and may present with characteristic symptom clusters.,7,4,1,Acute onset may resolve with care,Secondary infection,2,2
Congenital Renal Degeneration 938,Congenital Renal Degeneration 938 affects related physiological systems and may present with characteristic symptom clusters.,1,1,2,Progressive condition needing monitoring,Inflammation complications,1,1
Inflammatory Renal Degeneration 939,Inflammatory Renal Degeneration 939 affects related physiological systems and may present with characteristic symptom clusters.,3,5,3,Chronic condition requiring long-term management,Metabolic imbalance,0,0
Metabolic Renal Degeneration 940,Metabolic Renal Degeneration 940 affects related physiological systems and may present with characteristic symptom clusters.,4,2,4,Potentially severe if untreated,Neurological complications,2,3
Acute Hepatic Degeneration 941,Acute Hepatic Degeneration 941 affects related physiological systems and may present with characteristic symptom clusters.,0,7,1,Acute onset may resolve with care,Organ dysfunction,1,2
Chronic Hepatic Degeneration 942,Chronic Hepatic Degeneration 942 affects related physiological systems and may present with characteristic symptom clusters.,6,3,2,Progressive condition needing monitoring,Secondary infection,0,1
Autoimmune Hepatic Degeneration 943,Autoimmune Hepatic Degeneration 943 affects related physiological systems and may present with characteristic symptom clusters.,5,6,3,Chronic condition requiring long-term management,Inflammation complications,2,0
Idiopathic Hepatic Degeneration 944,Idiopathic Hepatic Degeneration 944 affects related physiological systems and may present with characteristic symptom clusters.,2,0,4,Potentially severe if untreated,Metabolic imbalance,1,3
Primary Hepatic Degeneration 945,Primary Hepatic Degeneration 945 affects related physiological systems and may present with characteristic symptom clusters.,7,4,1,Acute onset may resolve with care,Neurological complications,0,2
Secondary Hepatic Degeneration 946,Secondary Hepatic Degeneration 946 affects related physiological systems and may present with characteristic symptom clusters.,1,1,2,Progressive condition needing monitoring,Organ dysfunction,2,1
Progressive Hepatic Degeneration 947,Progressive Hepatic Degeneration 947 affects related physiological systems and may present with characteristic symptom clusters.,3,5,3,Chronic condition requiring long-term management,Secondary infection,1,0
Congenital Hepatic Degeneration 948,Congenital Hepatic Degeneration 948 affects related physiological systems and may present with characteristic symptom clusters.,4,2,4,Potentially severe if untreated,Inflammation complications,0,3
Inflammatory Hepatic Degeneration 949,Inflammatory Hepatic Degeneration 949 affects related physiological systems and may present with characteristic symptom clusters.,0,7,1,Acute onset may resolve with care,Metabolic imbalance,2,2
Metabolic Hepatic Degeneration 950,Metabolic Hepatic Degeneration 950 affects related physiological systems and may present with characteristic symptom clusters.,6,3,2,Progressive condition needing monitoring,Neurological complications,1,1
Acute Endocrine Degeneration 951,Acute Endocrine Degeneration 951 affects related physiological systems and may present with characteristic symptom clusters.,5,6,3,Chronic condition requiring long-term management,Organ dysfunction,0,0
Chronic Endocrine Degeneration 952,Chronic Endocrine Degeneration 952 affects related physiological systems and may present with characteristic symptom clusters.,2,0,4,Potentially severe if untreated,Secondary infection,2,3
Autoimmune Endocrine Degeneration 953,Autoimmune Endocrine Degeneration 953 affects related physiological systems and may present with characteristic symptom clusters.,7,4,1,Acute onset may resolve with care,Inflammation complications,1,2
Idiopathic Endocrine Degeneration 954,Idiopathic Endocrine Degeneration 954 affects related physiological systems and may present with characteristic symptom clusters.,1,1,2,Progressive condition needing monitoring,Metabolic imbalance,0,1
Primary Endocrine Degeneration 955,Primary Endocrine Degeneration 955 affects related physiological systems and may present with characteristic symptom clusters.,3,5,3,Chronic condition requiring long-term management,Neurological complications,2,0
Secondary Endocrine Degeneration 956,Secondary Endocrine Degeneration 956 affects related physiological systems and may present with characteristic symptom clusters.,4,2,4,Potentially severe if untreated,Organ dysfunction,1,3
Progressive Endocrine Degeneration 957,Progressive Endocrine Degeneration 957 affects related physiological systems and may present with characteristic symptom clusters.,0,7,1,Acute onset may resolve with care,Secondary infection,0,2
Congenital Endocrine Degeneration 958,Congenital Endocrine Degeneration 958 affects related physiological systems and may present with characteristic symptom clusters.,6,3,2,Progressive condition needing monitoring,Inflammation complications,2,1
Inflammatory Endocrine Degeneration 959,Inflammatory Endocrine Degeneration 959 affects related physiological systems and may present with characteristic symptom clusters.,5,6,3,Chronic condition requiring long-term management,Metabolic imbalance,1,0
Metabolic Endocrine Degeneration 960,Metabolic Endocrine Degeneration 960 affects related physiological systems and may present with characteristic symptom clusters.,2,0,4,Potentially severe if untreated,Neurological complications,0,3
Acute Gastro Degeneration 961,Acute Gastro Degeneration 961 affects related physiological systems and may present with characteristic symptom clusters.,7,4,1,Acute onset may resolve with care,Organ dysfunction,2,2
Chronic Gastro Degeneration 962,Chronic Gastro Degeneration 962 affects related physiological systems and may present with characteristic symptom clusters.,1,1,2,Progressive condition needing monitoring,Secondary infection,1,1
Autoimmune Gastro Degeneration 963,Autoimmune Gastro Degeneration 963 affects related physiological systems and may present with characteristic symptom clusters.,3,5,3,Chronic condition requiring long-term management,Inflammation complications,0,0
Idiopathic Gastro Degeneration 964,Idiopathic Gastro Degeneration 964 affects related physiological systems and may present with characteristic symptom clusters.,4,2,4,Potentially severe if untreated,Metabolic imbalance,2,3
Primary Gastro Degeneration 965,Primary Gastro Degeneration 965 affects related physiological systems and may present with characteristic symptom clusters.,0,7,1,Acute onset may resolve with care,Neurological complications,1,2
Secondary Gastro Degeneration 966,Secondary Gastro Degeneration 966 affects related physiological systems and may present with characteristic symptom clusters.,6,3,2,Progressive condition needing monitoring,Organ dysfunction,0,1
Progressive Gastro Degeneration 967,Progressive Gastro Degeneration 967 affects related physiological systems and may present with characteristic symptom clusters.,5,6,3,Chronic condition requiring long-term management,Secondary infection,2,0
Congenital Gastro Degeneration 968,Congenital Gastro Degeneration 968 affects related physiological systems and may present with characteristic symptom clusters.,2,0,4,Potentially severe if untreated,Inflammation complications,1,3
Inflammatory Gastro Degeneration 969,Inflammatory Gastro Degeneration 969 affects related physiological systems and may present with characteristic symptom clusters.,7,4,1,Acute onset may resolve with care,Metabolic imbalance,0,2
Metabolic Gastro Degeneration 970,Metabolic Gastro Degeneration 970 affects related physiological systems and may present with characteristic symptom clusters.,1,1,2,Progressive condition needing monitoring,Neurological complications,2,1
Acute Dermatologic Degeneration 971,Acute Dermatologic Degeneration 971 affects related physiological systems and may present with characteristic symptom clusters.,3,5,3,Chronic condition requiring long-term management,Organ dysfunction,1,0
Chronic Dermatologic Degeneration 972,Chronic Dermatologic Degeneration 972 affects related physiological systems and may present with characteristic symptom clusters.,4,2,4,Potentially severe if untreated,Secondary infection,0,3
Autoimmune Dermatologic Degeneration 973,Autoimmune Dermatologic Degeneration 973 affects related physiological systems and may present with characteristic symptom clusters.,0,7,1,Acute onset may resolve with care,Inflammation complications,2,2
Idiopathic Dermatologic Degeneration 974,Idiopathic Dermatologic Degeneration 974 affects related physiological systems and may present with characteristic symptom clusters.,6,3,2,Progressive condition needing monitoring,Metabolic imbalance,1,1
Primary Dermatologic Degeneration 975,Primary Dermatologic Degeneration 975 affects related physiological systems and may present with characteristic symptom clusters.,5,6,3,Chronic condition requiring long-term management,Neurological complications,0,0
Secondary Dermatologic Degeneration 976,Secondary Dermatologic Degeneration 976 affects related physiological systems and may present with characteristic symptom clusters.,2,0,4,Potentially severe if untreated,Organ dysfunction,2,3
Progressive Dermatologic Degeneration 977,Progressive Dermatologic Degeneration 977 affects related physiological systems and may present with characteristic symptom clusters.,7,4,1,Acute onset may resolve with care,Secondary infection,1,2
Congenital Dermatologic Degeneration 978,Congenital Dermatologic Degeneration 978 affects related physiological systems and may present with characteristic symptom clusters.,1,1,2,Progressive condition needing monitoring,Inflammation complications,0,1
Inflammatory Dermatologic Degeneration 979,Inflammatory Dermatologic Degeneration 979 affects related physiological systems and may present with characteristic symptom clusters.,3,5,3,Chronic condition requiring long-term management,Metabolic imbalance,2,0
Metabolic Dermatologic Degeneration 980,Metabolic Dermatologic Degeneration 980 affects related physiological systems and may present with characteristic symptom clusters.,4,2,4,Potentially severe if untreated,Neurological complications,1,3
Acute Hematologic Degeneration 981,Acute Hematologic Degeneration 981 affects related physiological systems and may present with characteristic symptom clusters.,0,7,1,Acute onset may resolve with care,Organ dysfunction,0,2
Chronic Hematologic Degeneration 982,Chronic Hematologic Degeneration 982 affects related physiological systems and may present with characteristic symptom clusters.,6,3,2,Progressive condition needing monitoring,Secondary infection,2,1
Autoimmune Hematologic Degeneration 983,Autoimmune Hematologic Degeneration 983 affects related physiological systems and may present with characteristic symptom clusters.,5,6,3,Chronic condition requiring long-term management,Inflammation complications,1,0
Idiopathic Hematologic Degeneration 984,Idiopathic Hematologic Degeneration 984 affects related physiological systems and may present with characteristic symptom clusters.,2,0,4,Potentially severe if untreated,Metabolic imbalance,0,3
Primary Hematologic Degeneration 985,Primary Hematologic Degeneration 985 affects related physiological systems and may present with characteristic symptom clusters.,7,4,1,Acute onset may resolve with care,Neurological complications,2,2
Secondary Hematologic Degeneration 986,Secondary Hematologic Degeneration 986 affects related physiological systems and may present with characteristic symptom clusters.,1,1,2,Progressive condition needing monitoring,Organ dysfunction,1,1
Progressive Hematologic Degeneration 987,Progressive Hematologic Degeneration 987 affects related physiological systems and may present with characteristic symptom clusters.,3,5,3,Chronic condition requiring long-term management,Secondary infection,0,0
Congenital Hematologic Degeneration 988,Congenital Hematologic Degeneration 988 affects related physiological systems and may present with characteristic symptom clusters.,4,2,4,Potentially severe if untreated,Inflammation complications,2,3
Inflammatory Hematologic Degeneration 989,Inflammatory Hematologic Degeneration 989 affects related physiological systems and may present with characteristic symptom clusters.,0,7,1,Acute onset may resolve with care,Metabolic imbalance,1,2
Metabolic Hematologic Degeneration 990,Metabolic Hematologic Degeneration 990 affects related physiological systems and may present with characteristic symptom clusters.,6,3,2,Progressive condition needing monitoring,Neurological complications,0,1
Acute Musculoskeletal Degeneration 991,Acute Musculoskeletal Degeneration 991 affects related physiological systems and may present with characteristic symptom clusters.,5,6,3,Chronic condition requiring long-term management,Organ dysfunction,2,0
Chronic Musculoskeletal Degeneration 992,Chronic Musculoskeletal Degeneration 992 affects related physiological systems and may present with characteristic symptom clusters.,2,0,4,Potentially severe if untreated,Secondary infection,1,3
Autoimmune Musculoskeletal Degeneration 993,Autoimmune Musculoskeletal Degeneration 993 affects related physiological systems and may present with characteristic symptom clusters.,7,4,1,Acute onset may resolve with care,Inflammation complications,0,2
Idiopathic Musculoskeletal Degeneration 994,Idiopathic Musculoskeletal Degeneration 994 affects related physiological systems and may present with characteristic symptom clusters.,1,1,2,Progressive condition needing monitoring,Metabolic imbalance,2,1
Primary Musculoskeletal Degeneration 995,Primary Musculoskeletal Degeneration 995 affects related physiological systems and may present with characteristic symptom clusters.,3,5,3,Chronic condition requiring long-term management,Neurological complications,1,0
Secondary Musculoskeletal Degeneration 996,Secondary Musculoskeletal Degeneration 996 affects related physiological systems and may present with characteristic symptom clusters.,4,2,4,Potentially severe if untreated,Organ dysfunction,0,3
Progressive Musculoskeletal Degeneration 997,Progressive Musculoskeletal Degeneration 997 affects related physiological systems and may present with characteristic symptom clusters.,0,7,1,Acute onset may resolve with care,Secondary infection,2,2
Congenital Musculoskeletal Degeneration 998,Congenital Musculoskeletal Degeneration 998 affects related physiological systems and may present with characteristic symptom clusters.,6,3,2,Progressive condition needing monitoring,Inflammation complications,1,1
Inflammatory Musculoskeletal Degeneration 999,Inflammatory Musculoskeletal Degeneration 999 affects related physiological systems and may present with characteristic symptom clusters.,5,6,3,Chronic condition requiring long-term management,Metabolic imbalance,0,0
Metabolic Musculoskeletal Degeneration 1000,Metabolic Musculoskeletal Degeneration 1000 affects related physiological systems and may present with characteristic symptom clusters.,2,0,4,Potentially severe if untreated,Neurological complications,2,3
Acute Respiratory Syndrome 1,Acute Respiratory Syndrome 1 affects related physiological systems and may present with characteristic symptom clusters.,7,4,1,Acute onset may resolve with care,Organ dysfunction,1,2
Chronic Respiratory Syndrome 2,Chronic Respiratory Syndrome 2 affects related physiological systems and may present with characteristic symptom clusters.,1,1,2,Progressive condition needing monitoring,Secondary infection,0,1
Autoimmune Respiratory Syndrome 3,Autoimmune Respiratory Syndrome 3 affects related physiological systems and may present with characteristic symptom clusters.,3,5,3,Chronic condition requiring long-term management,Inflammation complications,2,0
Idiopathic Respiratory Syndrome 4,Idiopathic Respiratory Syndrome 4 affects related physiological systems and may present with characteristic symptom clusters.,4,2,4,Potentially severe if untreated,Metabolic imbalance,1,3
Primary Respiratory Syndrome 5,Primary Respiratory Syndrome 5 affects related physiological systems and may present with characteristic symptom clusters.,0,7,1,Acute onset may resolve with care,Neurological complications,0,2
Secondary Respiratory Syndrome 6,Secondary Respiratory Syndrome 6 affects related physiological systems and may present with characteristic symptom clusters.,6,3,2,Progressive condition needing monitoring,Organ dysfunction,2,1
Progressive Respiratory Syndrome 7,Progressive Respiratory Syndrome 7 affects related physiological systems and may present with characteristic symptom clusters.,5,6,3,Chronic condition requiring long-term management,Secondary infection,1,0
Congenital Respiratory Syndrome 8,Congenital Respiratory Syndrome 8 affects related physiological systems and may present with characteristic symptom clusters.,2,0,4,Potentially severe if untreated,Inflammation complications,0,3
Inflammatory Respiratory Syndrome 9,Inflammatory Respiratory Syndrome 9 affects related physiological systems and may present with characteristic symptom clusters.,7,4,1,Acute onset may resolve with care,Metabolic imbalance,2,2
Metabolic Respiratory Syndrome 10,Metabolic Respiratory Syndrome 10 affects related physiological systems and may present with characteristic symptom clusters.,1,1,2,Progressive condition needing monitoring,Neurological complications,1,1
Acute Cardiac Syndrome 11,Acute Cardiac Syndrome 11 affects related physiological systems and may present with characteristic symptom clusters.,3,5,3,Chronic condition requiring long-term management,Organ dysfunction,0,0
Chronic Cardiac Syndrome 12,Chronic Cardiac Syndrome 12 affects related physiological systems and may present with characteristic symptom clusters.,4,2,4,Potentially severe if untreated,Secondary infection,2,3
Autoimmune Cardiac Syndrome 13,Autoimmune Cardiac Syndrome 13 affects related physiological systems and may present with characteristic symptom clusters.,0,7,1,Acute onset may resolve with care,Inflammation complications,1,2
Idiopathic Cardiac Syndrome 14,Idiopathic Cardiac Syndrome 14 affects related physiological systems and may present with characteristic symptom clusters.,6,3,2,Progressive condition needing monitoring,Metabolic imbalance,0,1
Primary Cardiac Syndrome 15,Primary Cardiac Syndrome 15 affects related physiological systems and may present with characteristic symptom clusters.,5,6,3,Chronic condition requiring long-term management,Neurological complications,2,0
Secondary Cardiac Syndrome 16,Secondary Cardiac Syndrome 16 affects related physiological systems and may present with characteristic symptom clusters.,2,0,4,Potentially severe if untreated,Organ dysfunction,1,3
Progressive Cardiac Syndrome 17,Progressive Cardiac Syndrome 17 affects related physiological systems and may present with characteristic symptom clusters.,7,4,1,Acute onset may resolve with care,Secondary infection,0,2
Congenital Cardiac Syndrome 18,Congenital Cardiac Syndrome 18 affects related physiological systems and may present with characteristic symptom clusters.,1,1,2,Progressive condition needing monitoring,Inflammation complications,2,1
Inflammatory Cardiac Syndrome 19,Inflammatory Cardiac Syndrome 19 affects related physiological systems and may present with characteristic symptom clusters.,3,5,3,Chronic condition requiring long-term management,Metabolic imbalance,1,0
Metabolic Cardiac Syndrome 20,Metabolic Cardiac Syndrome 20 affects related physiological systems and may present with characteristic symptom clusters.,4,2,4,Potentially severe if untreated,Neurological complications,0,3
Acute Neurological Syndrome 21,Acute Neurological Syndrome 21 affects related physiological systems and may present with characteristic symptom clusters.,0,7,1,Acute onset may resolve with care,Organ dysfunction,2,2
Chronic Neurological Syndrome 22,Chronic Neurological Syndrome 22 affects related physiological systems and may present with characteristic symptom clusters.,6,3,2,Progressive condition needing monitoring,Secondary infection,1,1
Autoimmune Neurological Syndrome 23,Autoimmune Neurological Syndrome 23 affects related physiological systems and may present with characteristic symptom clusters.,5,6,3,Chronic condition requiring long-term management,Inflammation complications,0,0
Idiopathic Neurological Syndrome 24,Idiopathic Neurological Syndrome 24 affects related physiological systems and may present with characteristic symptom clusters.,2,0,4,Potentially severe if untreated,Metabolic imbalance,2,3
Primary Neurological Syndrome 25,Primary Neurological Syndrome 25 affects related physiological systems and may present with characteristic symptom clusters.,7,4,1,Acute onset may resolve with care,Neurological complications,1,2
Secondary Neurological Syndrome 26,Secondary Neurological Syndrome 26 affects related physiological systems and may present with characteristic symptom clusters.,1,1,2,Progressive condition needing monitoring,Organ dysfunction,0,1
Progressive Neurological Syndrome 27,Progressive Neurological Syndrome 27 affects related physiological systems and may present with characteristic symptom clusters.,3,5,3,Chronic condition requiring long-term management,Secondary infection,2,0
Congenital Neurological Syndrome 28,Congenital Neurological Syndrome 28 affects related physiological systems and may present with characteristic symptom clusters.,4,2,4,Potentially severe if untreated,Inflammation complications,1,3
Inflammatory Neurological Syndrome 29,Inflammatory Neurological Syndrome 29 affects related physiological systems and may present with characteristic symptom clusters.,0,7,1,Acute onset may resolve with care,Metabolic imbalance,0,2
Metabolic Neurological Syndrome 30,Metabolic Neurological Syndrome 30 affects related physiological systems and may present with characteristic symptom clusters.,6,3,2,Progressive condition needing monitoring,Neurological complications,2,1
Acute Renal Syndrome 31,Acute Renal Syndrome 31 affects related physiological systems and may present with characteristic symptom clusters.,5,6,3,Chronic condition requiring long-term management,Organ dysfunction,1,0
Chronic Renal Syndrome 32,Chronic Renal Syndrome 32 affects related physiological systems and may present with characteristic symptom clusters.,2,0,4,Potentially severe if untreated,Secondary infection,0,3
Autoimmune Renal Syndrome 33,Autoimmune Renal Syndrome 33 affects related physiological systems and may present with characteristic symptom clusters.,7,4,1,Acute onset may resolve with care,Inflammation complications,2,2
Idiopathic Renal Syndrome 34,Idiopathic Renal Syndrome 34 affects related physiological systems and may present with characteristic symptom clusters.,1,1,2,Progressive condition needing monitoring,Metabolic imbalance,1,1
Primary Renal Syndrome 35,Primary Renal Syndrome 35 affects related physiological systems and may present with characteristic symptom clusters.,3,5,3,Chronic condition requiring long-term management,Neurological complications,0,0
Secondary Renal Syndrome 36,Secondary Renal Syndrome 36 affects related physiological systems and may present with characteristic symptom clusters.,4,2,4,Potentially severe if untreated,Organ dysfunction,2,3
Progressive Renal Syndrome 37,Progressive Renal Syndrome 37 affects related physiological systems and may present with characteristic symptom clusters.,0,7,1,Acute onset may resolve with care,Secondary infection,1,2
Congenital Renal Syndrome 38,Congenital Renal Syndrome 38 affects related physiological systems and may present with characteristic symptom clusters.,6,3,2,Progressive condition needing monitoring,Inflammation complications,0,1
Inflammatory Renal Syndrome 39,Inflammatory Renal Syndrome 39 affects related physiological systems and may present with characteristic symptom clusters.,5,6,3,Chronic condition requiring long-term management,Metabolic imbalance,2,0
Metabolic Renal Syndrome 40,Metabolic Renal Syndrome 40 affects related physiological systems and may present with characteristic symptom clusters.,2,0,4,Potentially severe if untreated,Neurological complications,1,3
Acute Hepatic Syndrome 41,Acute Hepatic Syndrome 41 affects related physiological systems and may present with characteristic symptom clusters.,7,4,1,Acute onset may resolve with care,Organ dysfunction,0,2
Chronic Hepatic Syndrome 42,Chronic Hepatic Syndrome 42 affects related physiological systems and may present with characteristic symptom clusters.,1,1,2,Progressive condition needing monitoring,Secondary infection,2,1
Autoimmune Hepatic Syndrome 43,Autoimmune Hepatic Syndrome 43 affects related physiological systems and may present with characteristic symptom clusters.,3,5,3,Chronic condition requiring long-term management,Inflammation complications,1,0
Idiopathic Hepatic Syndrome 44,Idiopathic Hepatic Syndrome 44 affects related physiological systems and may present with characteristic symptom clusters.,4,2,4,Potentially severe if untreated,Metabolic imbalance,0,3
Primary Hepatic Syndrome 45,Primary Hepatic Syndrome 45 affects related physiological systems and may present with characteristic symptom clusters.,0,7,1,Acute onset may resolve with care,Neurological complications,2,2
Secondary Hepatic Syndrome 46,Secondary Hepatic Syndrome 46 affects related physiological systems and may present with characteristic symptom clusters.,6,3,2,Progressive condition needing monitoring,Organ dysfunction,1,1
Progressive Hepatic Syndrome 47,Progressive Hepatic Syndrome 47 affects related physiological systems and may present with characteristic symptom clusters.,5,6,3,Chronic condition requiring long-term management,Secondary infection,0,0
Congenital Hepatic Syndrome 48,Congenital Hepatic Syndrome 48 affects related physiological systems and may present with characteristic symptom clusters.,2,0,4,Potentially severe if untreated,Inflammation complications,2,3
Inflammatory Hepatic Syndrome 49,Inflammatory Hepatic Syndrome 49 affects related physiological systems and may present with characteristic symptom clusters.,7,4,1,Acute onset may resolve with care,Metabolic imbalance,1,2
Metabolic Hepatic Syndrome 50,Metabolic Hepatic Syndrome 50 affects related physiological systems and may present with characteristic symptom clusters.,1,1,2,Progressive condition needing monitoring,Neurological complications,0,1
Acute Endocrine Syndrome 51,Acute Endocrine Syndrome 51 affects related physiological systems and may present with characteristic symptom clusters.,3,5,3,Chronic condition requiring long-term management,Organ dysfunction,2,0
Chronic Endocrine Syndrome 52,Chronic Endocrine Syndrome 52 affects related physiological systems and may present with characteristic symptom clusters.,4,2,4,Potentially severe if untreated,Secondary infection,1,3
Autoimmune Endocrine Syndrome 53,Autoimmune Endocrine Syndrome 53 affects related physiological systems and may present with characteristic symptom clusters.,0,7,1,Acute onset may resolve with care,Inflammation complications,0,2
Idiopathic Endocrine Syndrome 54,Idiopathic Endocrine Syndrome 54 affects related physiological systems and may present with characteristic symptom clusters.,6,3,2,Progressive condition needing monitoring,Metabolic imbalance,2,1
Primary Endocrine Syndrome 55,Primary Endocrine Syndrome 55 affects related physiological systems and may present with characteristic symptom clusters.,5,6,3,Chronic condition requiring long-term management,Neurological complications,1,0
Secondary Endocrine Syndrome 56,Secondary Endocrine Syndrome 56 affects related physiological systems and may present with characteristic symptom clusters.,2,0,4,Potentially severe if untreated,Organ dysfunction,0,3
Progressive Endocrine Syndrome 57,Progressive Endocrine Syndrome 57 affects related physiological systems and may present with characteristic symptom clusters.,7,4,1,Acute onset may resolve with care,Secondary infection,2,2
Congenital Endocrine Syndrome 58,Congenital Endocrine Syndrome 58 affects related physiological systems and may present with characteristic symptom clusters.,1,1,2,Progressive condition needing monitoring,Inflammation complications,1,1
Inflammatory Endocrine Syndrome 59,Inflammatory Endocrine Syndrome 59 affects related physiological systems and may present with characteristic symptom clusters.,3,5,3,Chronic condition requiring long-term management,Metabolic imbalance,0,0
Metabolic Endocrine Syndrome 60,Metabolic Endocrine Syndrome 60 affects related physiological systems and may present with characteristic symptom clusters.,4,2,4,Potentially severe if untreated,Neurological complications,2,3
Acute Gastro Syndrome 61,Acute Gastro Syndrome 61 affects related physiological systems and may present with characteristic symptom clusters.,0,7,1,Acute onset may resolve with care,Organ dysfunction,1,2
Chronic Gastro Syndrome 62,Chronic Gastro Syndrome 62 affects related physiological systems and may present with characteristic symptom clusters.,6,3,2,Progressive condition needing monitoring,Secondary infection,0,1
Autoimmune Gastro Syndrome 63,Autoimmune Gastro Syndrome 63 affects related physiological systems and may present with characteristic symptom clusters.,5,6,3,Chronic condition requiring long-term management,Inflammation complications,2,0
Idiopathic Gastro Syndrome 64,Idiopathic Gastro Syndrome 64 affects related physiological systems and may present with characteristic symptom clusters.,2,0,4,Potentially severe if untreated,Metabolic imbalance,1,3
Primary Gastro Syndrome 65,Primary Gastro Syndrome 65 affects related physiological systems and may present with characteristic symptom clusters.,7,4,1,Acute onset may resolve with care,Neurological complications,0,2
Secondary Gastro Syndrome 66,Secondary Gastro Syndrome 66 affects related physiological systems and may present with characteristic symptom clusters.,1,1,2,Progressive condition needing monitoring,Organ dysfunction,2,1
Progressive Gastro Syndrome 67,Progressive Gastro Syndrome 67 affects related physiological systems and may present with characteristic symptom clusters.,3,5,3,Chronic condition requiring long-term management,Secondary infection,1,0
Congenital Gastro Syndrome 68,Congenital Gastro Syndrome 68 affects related physiological systems and may present with characteristic symptom clusters.,4,2,4,Potentially severe if untreated,Inflammation complications,0,3
Inflammatory Gastro Syndrome 69,Inflammatory Gastro Syndrome 69 affects related physiological systems and may present with characteristic symptom clusters.,0,7,1,Acute onset may resolve with care,Metabolic imbalance,2,2
Metabolic Gastro Syndrome 70,Metabolic Gastro Syndrome 70 affects related physiological systems and may present with characteristic symptom clusters.,6,3,2,Progressive condition needing monitoring,Neurological complications,1,1
Acute Dermatologic Syndrome 71,Acute Dermatologic Syndrome 71 affects related physiological systems and may present with characteristic symptom clusters.,5,6,3,Chronic condition requiring long-term management,Organ dysfunction,0,0
Chronic Dermatologic Syndrome 72,Chronic Dermatologic Syndrome 72 affects related physiological systems and may present with characteristic symptom clusters.,2,0,4,Potentially severe if untreated,Secondary infection,2,3
Autoimmune Dermatologic Syndrome 73,Autoimmune Dermatologic Syndrome 73 affects related physiological systems and may present with characteristic symptom clusters.,7,4,1,Acute onset may resolve with care,Inflammation complications,1,2
Idiopathic Dermatologic Syndrome 74,Idiopathic Dermatologic Syndrome 74 affects related physiological systems and may present with characteristic symptom clusters.,1,1,2,Progressive condition needing monitoring,Metabolic imbalance,0,1
Primary Dermatologic Syndrome 75,Primary Dermatologic Syndrome 75 affects related physiological systems and may present with characteristic symptom clusters.,3,5,3,Chronic condition requiring long-term management,Neurological complications,2,0
Secondary Dermatologic Syndrome 76,Secondary Dermatologic Syndrome 76 affects related physiological systems and may present with characteristic symptom clusters.,4,2,4,Potentially severe if untreated,Organ dysfunction,1,3
Progressive Dermatologic Syndrome 77,Progressive Dermatologic Syndrome 77 affects related physiological systems and may present with characteristic symptom clusters.,0,7,1,Acute onset may resolve with care,Secondary infection,0,2
Congenital Dermatologic Syndrome 78,Congenital Dermatologic Syndrome 78 affects related physiological systems and may present with characteristic symptom clusters.,6,3,2,Progressive condition needing monitoring,Inflammation complications,2,1
Inflammatory Dermatologic Syndrome 79,Inflammatory Dermatologic Syndrome 79 affects related physiological systems and may present with characteristic symptom clusters.,5,6,3,Chronic condition requiring long-term management,Metabolic imbalance,1,0
Metabolic Dermatologic Syndrome 80,Metabolic Dermatologic Syndrome 80 affects related physiological systems and may present with characteristic symptom clusters.,2,0,4,Potentially severe if untreated,Neurological complications,0,3
Acute Hematologic Syndrome 81,Acute Hematologic Syndrome 81 affects related physiological systems and may present with characteristic symptom clusters.,7,4,1,Acute onset may resolve with care,Organ dysfunction,2,2
Chronic Hematologic Syndrome 82,Chronic Hematologic Syndrome 82 affects related physiological systems and may present with characteristic symptom clusters.,1,1,2,Progressive condition needing monitoring,Secondary infection,1,1
Autoimmune Hematologic Syndrome 83,Autoimmune Hematologic Syndrome 83 affects related physiological systems and may present with characteristic symptom clusters.,3,5,3,Chronic condition requiring long-term management,Inflammation complications,0,0
Idiopathic Hematologic Syndrome 84,Idiopathic Hematologic Syndrome 84 affects related physiological systems and may present with characteristic symptom clusters.,4,2,4,Potentially severe if untreated,Metabolic imbalance,2,3
Primary Hematologic Syndrome 85,Primary Hematologic Syndrome 85 affects related physiological systems and may present with characteristic symptom clusters.,0,7,1,Acute onset may resolve with care,Neurological complications,1,2
Secondary Hematologic Syndrome 86,Secondary Hematologic Syndrome 86 affects related physiological systems and may present with characteristic symptom clusters.,6,3,2,Progressive condition needing monitoring,Organ dysfunction,0,1
Progressive Hematologic Syndrome 87,Progressive Hematologic Syndrome 87 affects related physiological systems and may present with characteristic symptom clusters.,5,6,3,Chronic condition requiring long-term management,Secondary infection,2,0
Congenital Hematologic Syndrome 88,Congenital Hematologic Syndrome 88 affects related physiological systems and may present with characteristic symptom clusters.,2,0,4,Potentially severe if untreated,Inflammation complications,1,3
Inflammatory Hematologic Syndrome 89,Inflammatory Hematologic Syndrome 89 affects related physiological systems and may present with characteristic symptom clusters.,7,4,1,Acute onset may resolve with care,Metabolic imbalance,0,2
Metabolic Hematologic Syndrome 90,Metabolic Hematologic Syndrome 90 affects related physiological systems and may present with characteristic symptom clusters.,1,1,2,Progressive condition needing monitoring,Neurological complications,2,1
Acute Musculoskeletal Syndrome 91,Acute Musculoskeletal Syndrome 91 affects related physiological systems and may present with characteristic symptom clusters.,3,5,3,Chronic condition requiring long-term management,Organ dysfunction,1,0
Chronic Musculoskeletal Syndrome 92,Chronic Musculoskeletal Syndrome 92 affects related physiological systems and may present with characteristic symptom clusters.,4,2,4,Potentially severe if untreated,Secondary infection,0,3
Autoimmune Musculoskeletal Syndrome 93,Autoimmune Musculoskeletal Syndrome 93 affects related physiological systems and may present with characteristic symptom clusters.,0,7,1,Acute onset may resolve with care,Inflammation complications,2,2
Idiopathic Musculoskeletal Syndrome 94,Idiopathic Musculoskeletal Syndrome 94 affects related physiological systems and may present with characteristic symptom clusters.,6,3,2,Progressive condition needing monitoring,Metabolic imbalance,1,1
Primary Musculoskeletal Syndrome 95,Primary Musculoskeletal Syndrome 95 affects related physiological systems and may present with characteristic symptom clusters.,5,6,3,Chronic condition requiring long-term management,Neurological complications,0,0
Secondary Musculoskeletal Syndrome 96,Secondary Musculoskeletal Syndrome 96 affects related physiological systems and may present with characteristic symptom clusters.,2,0,4,Potentially severe if untreated,Organ dysfunction,2,3
Progressive Musculoskeletal Syndrome 97,Progressive Musculoskeletal Syndrome 97 affects related physiological systems and may present with characteristic symptom clusters.,7,4,1,Acute onset may resolve with care,Secondary infection,1,2
Congenital Musculoskeletal Syndrome 98,Congenital Musculoskeletal Syndrome 98 affects related physiological systems and may present with characteristic symptom clusters.,1,1,2,Progressive condition needing monitoring,Inflammation complications,0,1
Inflammatory Musculoskeletal Syndrome 99,Inflammatory Musculoskeletal Syndrome 99 affects related physiological systems and may present with characteristic symptom clusters.,3,5,3,Chronic condition requiring long-term management,Metabolic imbalance,2,0
Metabolic Musculoskeletal Syndrome 100,Metabolic Musculoskeletal Syndrome 100 affects related physiological systems and may present with characteristic symptom clusters.,4,2,4,Potentially severe if untreated,Neurological complications,1,3
Acute Respiratory Disorder 101,Acute Respiratory Disorder 101 affects related physiological systems and may present with characteristic symptom clusters.,0,7,1,Acute onset may resolve with care,Organ dysfunction,0,2
Chronic Respiratory Disorder 102,Chronic Respiratory Disorder 102 affects related physiological systems and may present with characteristic symptom clusters.,6,3,2,Progressive condition needing monitoring,Secondary infection,2,1
Autoimmune Respiratory Disorder 103,Autoimmune Respiratory Disorder 103 affects related physiological systems and may present with characteristic symptom clusters.,5,6,3,Chronic condition requiring long-term management,Inflammation complications,1,0
Idiopathic Respiratory Disorder 104,Idiopathic Respiratory Disorder 104 affects related physiological systems and may present with characteristic symptom clusters.,2,0,4,Potentially severe if untreated,Metabolic imbalance,0,3
Primary Respiratory Disorder 105,Primary Respiratory Disorder 105 affects related physiological systems and may present with characteristic symptom clusters.,7,4,1,Acute onset may resolve with care,Neurological complications,2,2
Secondary Respiratory Disorder 106,Secondary Respiratory Disorder 106 affects related physiological systems and may present with characteristic symptom clusters.,1,1,2,Progressive condition needing monitoring,Organ dysfunction,1,1
Progressive Respiratory Disorder 107,Progressive Respiratory Disorder 107 affects related physiological systems and may present with characteristic symptom clusters.,3,5,3,Chronic condition requiring long-term management,Secondary infection,0,0
Congenital Respiratory Disorder 108,Congenital Respiratory Disorder 108 affects related physiological systems and may present with characteristic symptom clusters.,4,2,4,Potentially severe if untreated,Inflammation complications,2,3
Inflammatory Respiratory Disorder 109,Inflammatory Respiratory Disorder 109 affects related physiological systems and may present with characteristic symptom clusters.,0,7,1,Acute onset may resolve with care,Metabolic imbalance,1,2
Metabolic Respiratory Disorder 110,Metabolic Respiratory Disorder 110 affects related physiological systems and may present with characteristic symptom clusters.,6,3,2,Progressive condition needing monitoring,Neurological complications,0,1
Acute Cardiac Disorder 111,Acute Cardiac Disorder 111 affects related physiological systems and may present with characteristic symptom clusters.,5,6,3,Chronic condition requiring long-term management,Organ dysfunction,2,0
Chronic Cardiac Disorder 112,Chronic Cardiac Disorder 112 affects related physiological systems and may present with characteristic symptom clusters.,2,0,4,Potentially severe if untreated,Secondary infection,1,3
Autoimmune Cardiac Disorder 113,Autoimmune Cardiac Disorder 113 affects related physiological systems and may present with characteristic symptom clusters.,7,4,1,Acute onset may resolve with care,Inflammation complications,0,2
Idiopathic Cardiac Disorder 114,Idiopathic Cardiac Disorder 114 affects related physiological systems and may present with characteristic symptom clusters.,1,1,2,Progressive condition needing monitoring,Metabolic imbalance,2,1
Primary Cardiac Disorder 115,Primary Cardiac Disorder 115 affects related physiological systems and may present with characteristic symptom clusters.,3,5,3,Chronic condition requiring long-term management,Neurological complications,1,0
Secondary Cardiac Disorder 116,Secondary Cardiac Disorder 116 affects related physiological systems and may present with characteristic symptom clusters.,4,2,4,Potentially severe if untreated,Organ dysfunction,0,3
Progressive Cardiac Disorder 117,Progressive Cardiac Disorder 117 affects related physiological systems and may present with characteristic symptom clusters.,0,7,1,Acute onset may resolve with care,Secondary infection,2,2
Congenital Cardiac Disorder 118,Congenital Cardiac Disorder 118 affects related physiological systems and may present with characteristic symptom clusters.,6,3,2,Progressive condition needing monitoring,Inflammation complications,1,1
Inflammatory Cardiac Disorder 119,Inflammatory Cardiac Disorder 119 affects related physiological systems and may present with characteristic symptom clusters.,5,6,3,Chronic condition requiring long-term management,Metabolic imbalance,0,0
Metabolic Cardiac Disorder 120,Metabolic Cardiac Disorder 120 affects related physiological systems and may present with characteristic symptom clusters.,2,0,4,Potentially severe if untreated,Neurological complications,2,3
Acute Neurological Disorder 121,Acute Neurological Disorder 121 affects related physiological systems and may present with characteristic symptom clusters.,7,4,1,Acute onset may resolve with care,Organ dysfunction,1,2
Chronic Neurological Disorder 122,Chronic Neurological Disorder 122 affects related physiological systems and may present with characteristic symptom clusters.,1,1,2,Progressive condition needing monitoring,Secondary infection,0,1
Autoimmune Neurological Disorder 123,Autoimmune Neurological Disorder 123 affects related physiological systems and may present with characteristic symptom clusters.,3,5,3,Chronic condition requiring long-term management,Inflammation complications,2,0
Idiopathic Neurological Disorder 124,Idiopathic Neurological Disorder 124 affects related physiological systems and may present with characteristic symptom clusters.,4,2,4,Potentially severe if untreated,Metabolic imbalance,1,3
Primary Neurological Disorder 125,Primary Neurological Disorder 125 affects related physiological systems and may present with characteristic symptom clusters.,0,7,1,Acute onset may resolve with care,Neurological complications,0,2
Secondary Neurological Disorder 126,Secondary Neurological Disorder 126 affects related physiological systems and may present with characteristic symptom clusters.,6,3,2,Progressive condition needing monitoring,Organ dysfunction,2,1
Progressive Neurological Disorder 127,Progressive Neurological Disorder 127 affects related physiological systems and may present with characteristic symptom clusters.,5,6,3,Chronic condition requiring long-term management,Secondary infection,1,0
Congenital Neurological Disorder 128,Congenital Neurological Disorder 128 affects related physiological systems and may present with characteristic symptom clusters.,2,0,4,Potentially severe if untreated,Inflammation complications,0,3
Inflammatory Neurological Disorder 129,Inflammatory Neurological Disorder 129 affects related physiological systems and may present with characteristic symptom clusters.,7,4,1,Acute onset may resolve with care,Metabolic imbalance,2,2
Metabolic Neurological Disorder 130,Metabolic Neurological Disorder 130 affects related physiological systems and may present with characteristic symptom clusters.,1,1,2,Progressive condition needing monitoring,Neurological complications,1,1
Acute Renal Disorder 131,Acute Renal Disorder 131 affects related physiological systems and may present with characteristic symptom clusters.,3,5,3,Chronic condition requiring long-term management,Organ dysfunction,0,0
Chronic Renal Disorder 132,Chronic Renal Disorder 132 affects related physiological systems and may present with characteristic symptom clusters.,4,2,4,Potentially severe if untreated,Secondary infection,2,3
Autoimmune Renal Disorder 133,Autoimmune Renal Disorder 133 affects related physiological systems and may present with characteristic symptom clusters.,0,7,1,Acute onset may resolve with care,Inflammation complications,1,2
Idiopathic Renal Disorder 134,Idiopathic Renal Disorder 134 affects related physiological systems and may present with characteristic symptom clusters.,6,3,2,Progressive condition needing monitoring,Metabolic imbalance,0,1
Primary Renal Disorder 135,Primary Renal Disorder 135 affects related physiological systems and may present with characteristic symptom clusters.,5,6,3,Chronic condition requiring long-term management,Neurological complications,2,0
Secondary Renal Disorder 136,Secondary Renal Disorder 136 affects related physiological systems and may present with characteristic symptom clusters.,2,0,4,Potentially severe if untreated,Organ dysfunction,1,3
Progressive Renal Disorder 137,Progressive Renal Disorder 137 affects related physiological systems and may present with characteristic symptom clusters.,7,4,1,Acute onset may resolve with care,Secondary infection,0,2
Congenital Renal Disorder 138,Congenital Renal Disorder 138 affects related physiological systems and may present with characteristic symptom clusters.,1,1,2,Progressive condition needing monitoring,Inflammation complications,2,1
Inflammatory Renal Disorder 139,Inflammatory Renal Disorder 139 affects related physiological systems and may present with characteristic symptom clusters.,3,5,3,Chronic condition requiring long-term management,Metabolic imbalance,1,0
Metabolic Renal Disorder 140,Metabolic Renal Disorder 140 affects related physiological systems and may present with characteristic symptom clusters.,4,2,4,Potentially severe if untreated,Neurological complications,0,3
Acute Hepatic Disorder 141,Acute Hepatic Disorder 141 affects related physiological systems and may present with characteristic symptom clusters.,0,7,1,Acute onset may resolve with care,Organ dysfunction,2,2
Chronic Hepatic Disorder 142,Chronic Hepatic Disorder 142 affects related physiological systems and may present with characteristic symptom clusters.,6,3,2,Progressive condition needing monitoring,Secondary infection,1,1
Autoimmune Hepatic Disorder 143,Autoimmune Hepatic Disorder 143 affects related physiological systems and may present with characteristic symptom clusters.,5,6,3,Chronic condition requiring long-term management,Inflammation complications,0,0
Idiopathic Hepatic Disorder 144,Idiopathic Hepatic Disorder 144 affects related physiological systems and may present with characteristic symptom clusters.,2,0,4,Potentially severe if untreated,Metabolic imbalance,2,3
Primary Hepatic Disorder 145,Primary Hepatic Disorder 145 affects related physiological systems and may present with characteristic symptom clusters.,7,4,1,Acute onset may resolve with care,Neurological complications,1,2
Secondary Hepatic Disorder 146,Secondary Hepatic Disorder 146 affects related physiological systems and may present with characteristic symptom clusters.,1,1,2,Progressive condition needing monitoring,Organ dysfunction,0,1
Progressive Hepatic Disorder 147,Progressive Hepatic Disorder 147 affects related physiological systems and may present with characteristic symptom clusters.,3,5,3,Chronic condition requiring long-term management,Secondary infection,2,0
Congenital Hepatic Disorder 148,Congenital Hepatic Disorder 148 affects related physiological systems and may present with characteristic symptom clusters.,4,2,4,Potentially severe if untreated,Inflammation complications,1,3
Inflammatory Hepatic Disorder 149,Inflammatory Hepatic Disorder 149 affects related physiological systems and may present with characteristic symptom clusters.,0,7,1,Acute onset may resolve with care,Metabolic imbalance,0,2
Metabolic Hepatic Disorder 150,Metabolic Hepatic Disorder 150 affects related physiological systems and may present with characteristic symptom clusters.,6,3,2,Progressive condition needing monitoring,Neurological complications,2,1
Acute Endocrine Disorder 151,Acute Endocrine Disorder 151 affects related physiological systems and may present with characteristic symptom clusters.,5,6,3,Chronic condition requiring long-term management,Organ dysfunction,1,0
Chronic Endocrine Disorder 152,Chronic Endocrine Disorder 152 affects related physiological systems and may present with characteristic symptom clusters.,2,0,4,Potentially severe if untreated,Secondary infection,0,3
Autoimmune Endocrine Disorder 153,Autoimmune Endocrine Disorder 153 affects related physiological systems and may present with characteristic symptom clusters.,7,4,1,Acute onset may resolve with care,Inflammation complications,2,2
Idiopathic Endocrine Disorder 154,Idiopathic Endocrine Disorder 154 affects related physiological systems and may present with characteristic symptom clusters.,1,1,2,Progressive condition needing monitoring,Metabolic imbalance,1,1
Primary Endocrine Disorder 155,Primary Endocrine Disorder 155 affects related physiological systems and may present with characteristic symptom clusters.,3,5,3,Chronic condition requiring long-term management,Neurological complications,0,0
Secondary Endocrine Disorder 156,Secondary Endocrine Disorder 156 affects related physiological systems and may present with characteristic symptom clusters.,4,2,4,Potentially severe if untreated,Organ dysfunction,2,3
Progressive Endocrine Disorder 157,Progressive Endocrine Disorder 157 affects related physiological systems and may present with characteristic symptom clusters.,0,7,1,Acute onset may resolve with care,Secondary infection,1,2
Congenital Endocrine Disorder 158,Congenital Endocrine Disorder 158 affects related physiological systems and may present with characteristic symptom clusters.,6,3,2,Progressive condition needing monitoring,Inflammation complications,0,1
Inflammatory Endocrine Disorder 159,Inflammatory Endocrine Disorder 159 affects related physiological systems and may present with characteristic symptom clusters.,5,6,3,Chronic condition requiring long-term management,Metabolic imbalance,2,0
Metabolic Endocrine Disorder 160,Metabolic Endocrine Disorder 160 affects related physiological systems and may present with characteristic symptom clusters.,2,0,4,Potentially severe if untreated,Neurological complications,1,3
Acute Gastro Disorder 161,Acute Gastro Disorder 161 affects related physiological systems and may present with characteristic symptom clusters.,7,4,1,Acute onset may resolve with care,Organ dysfunction,0,2
Chronic Gastro Disorder 162,Chronic Gastro Disorder 162 affects related physiological systems and may present with characteristic symptom clusters.,1,1,2,Progressive condition needing monitoring,Secondary infection,2,1
Autoimmune Gastro Disorder 163,Autoimmune Gastro Disorder 163 affects related physiological systems and may present with characteristic symptom clusters.,3,5,3,Chronic condition requiring long-term management,Inflammation complications,1,0
Idiopathic Gastro Disorder 164,Idiopathic Gastro Disorder 164 affects related physiological systems and may present with characteristic symptom clusters.,4,2,4,Potentially severe if untreated,Metabolic imbalance,0,3
Primary Gastro Disorder 165,Primary Gastro Disorder 165 affects related physiological systems and may present with characteristic symptom clusters.,0,7,1,Acute onset may resolve with care,Neurological complications,2,2
Secondary Gastro Disorder 166,Secondary Gastro Disorder 166 affects related physiological systems and may present with characteristic symptom clusters.,6,3,2,Progressive condition needing monitoring,Organ dysfunction,1,1
Progressive Gastro Disorder 167,Progressive Gastro Disorder 167 affects related physiological systems and may present with characteristic symptom clusters.,5,6,3,Chronic condition requiring long-term management,Secondary infection,0,0
Congenital Gastro Disorder 168,Congenital Gastro Disorder 168 affects related physiological systems and may present with characteristic symptom clusters.,2,0,4,Potentially severe if untreated,Inflammation complications,2,3
Inflammatory Gastro Disorder 169,Inflammatory Gastro Disorder 169 affects related physiological systems and may present with characteristic symptom clusters.,7,4,1,Acute onset may resolve with care,Metabolic imbalance,1,2
Metabolic Gastro Disorder 170,Metabolic Gastro Disorder 170 affects related physiological systems and may present with characteristic symptom clusters.,1,1,2,Progressive condition needing monitoring,Neurological complications,0,1
Acute Dermatologic Disorder 171,Acute Dermatologic Disorder 171 affects related physiological systems and may present with characteristic symptom clusters.,3,5,3,Chronic condition requiring long-term management,Organ dysfunction,2,0
Chronic Dermatologic Disorder 172,Chronic Dermatologic Disorder 172 affects related physiological systems and may present with characteristic symptom clusters.,4,2,4,Potentially severe if untreated,Secondary infection,1,3
Autoimmune Dermatologic Disorder 173,Autoimmune Dermatologic Disorder 173 affects related physiological systems and may present with characteristic symptom clusters.,0,7,1,Acute onset may resolve with care,Inflammation complications,0,2
Idiopathic Dermatologic Disorder 174,Idiopathic Dermatologic Disorder 174 affects related physiological systems and may present with characteristic symptom clusters.,6,3,2,Progressive condition needing monitoring,Metabolic imbalance,2,1
Primary Dermatologic Disorder 175,Primary Dermatologic Disorder 175 affects related physiological systems and may present with characteristic symptom clusters.,5,6,3,Chronic condition requiring long-term management,Neurological complications,1,0
Secondary Dermatologic Disorder 176,Secondary Dermatologic Disorder 176 affects related physiological systems and may present with characteristic symptom clusters.,2,0,4,Potentially severe if untreated,Organ dysfunction,0,3
Progressive Dermatologic Disorder 177,Progressive Dermatologic Disorder 177 affects related physiological systems and may present with characteristic symptom clusters.,7,4,1,Acute onset may resolve with care,Secondary infection,2,2
Congenital Dermatologic Disorder 178,Congenital Dermatologic Disorder 178 affects related physiological systems and may present with characteristic symptom clusters.,1,1,2,Progressive condition needing monitoring,Inflammation complications,1,1
Inflammatory Dermatologic Disorder 179,Inflammatory Dermatologic Disorder 179 affects related physiological systems and may present with characteristic symptom clusters.,3,5,3,Chronic condition requiring long-term management,Metabolic imbalance,0,0
Metabolic Dermatologic Disorder 180,Metabolic Dermatologic Disorder 180 affects related physiological systems and may present with characteristic symptom clusters.,4,2,4,Potentially severe if untreated,Neurological complications,2,3
Acute Hematologic Disorder 181,Acute Hematologic Disorder 181 affects related physiological systems and may present with characteristic symptom clusters.,0,7,1,Acute onset may resolve with care,Organ dysfunction,1,2
Chronic Hematologic Disorder 182,Chronic Hematologic Disorder 182 affects related physiological systems and may present with characteristic symptom clusters.,6,3,2,Progressive condition needing monitoring,Secondary infection,0,1
Autoimmune Hematologic Disorder 183,Autoimmune Hematologic Disorder 183 affects related physiological systems and may present with characteristic symptom clusters.,5,6,3,Chronic condition requiring long-term management,Inflammation complications,2,0
Idiopathic Hematologic Disorder 184,Idiopathic Hematologic Disorder 184 affects related physiological systems and may present with characteristic symptom clusters.,2,0,4,Potentially severe if untreated,Metabolic imbalance,1,3
Primary Hematologic Disorder 185,Primary Hematologic Disorder 185 affects related physiological systems and may present with characteristic symptom clusters.,7,4,1,Acute onset may resolve with care,Neurological complications,0,2
Secondary Hematologic Disorder 186,Secondary Hematologic Disorder 186 affects related physiological systems and may present with characteristic symptom clusters.,1,1,2,Progressive condition needing monitoring,Organ dysfunction,2,1
Progressive Hematologic Disorder 187,Progressive Hematologic Disorder 187 affects related physiological systems and may present with characteristic symptom clusters.,3,5,3,Chronic condition requiring long-term management,Secondary infection,1,0
Congenital Hematologic Disorder 188,Congenital Hematologic Disorder 188 affects related physiological systems and may present with characteristic symptom clusters.,4,2,4,Potentially severe if untreated,Inflammation complications,0,3
Inflammatory Hematologic Disorder 189,Inflammatory Hematologic Disorder 189 affects related physiological systems and may present with characteristic symptom clusters.,0,7,1,Acute onset may resolve with care,Metabolic imbalance,2,2
Metabolic Hematologic Disorder 190,Metabolic Hematologic Disorder 190 affects related physiological systems and may present with characteristic symptom clusters.,6,3,2,Progressive condition needing monitoring,Neurological complications,1,1
Acute Musculoskeletal Disorder 191,Acute Musculoskeletal Disorder 191 affects related physiological systems and may present with characteristic symptom clusters.,5,6,3,Chronic condition requiring long-term management,Organ dysfunction,0,0
Chronic Musculoskeletal Disorder 192,Chronic Musculoskeletal Disorder 192 affects related physiological systems and may present with characteristic symptom clusters.,2,0,4,Potentially severe if untreated,Secondary infection,2,3
Autoimmune Musculoskeletal Disorder 193,Autoimmune Musculoskeletal Disorder 193 affects related physiological systems and may present with characteristic symptom clusters.,7,4,1,Acute onset may resolve with care,Inflammation complications,1,2
Idiopathic Musculoskeletal Disorder 194,Idiopathic Musculoskeletal Disorder 194 affects related physiological systems and may present with characteristic symptom clusters.,1,1,2,Progressive condition needing monitoring,Metabolic imbalance,0,1
Primary Musculoskeletal Disorder 195,Primary Musculoskeletal Disorder 195 affects related physiological systems and may present with characteristic symptom clusters.,3,5,3,Chronic condition requiring long-term management,Neurological complications,2,0
Secondary Musculoskeletal Disorder 196,Secondary Musculoskeletal Disorder 196 affects related physiological systems and may present with characteristic symptom clusters.,4,2,4,Potentially severe if untreated,Organ dysfunction,1,3
Progressive Musculoskeletal Disorder 197,Progressive Musculoskeletal Disorder 197 affects related physiological systems and may present with characteristic symptom clusters.,0,7,1,Acute onset may resolve with care,Secondary infection,0,2
Congenital Musculoskeletal Disorder 198,Congenital Musculoskeletal Disorder 198 affects related physiological systems and may present with characteristic symptom clusters.,6,3,2,Progressive condition needing monitoring,Inflammation complications,2,1
Inflammatory Musculoskeletal Disorder 199,Inflammatory Musculoskeletal Disorder 199 affects related physiological systems and may present with characteristic symptom clusters.,5,6,3,Chronic condition requiring long-term management,Metabolic imbalance,1,0
Metabolic Musculoskeletal Disorder 200,Metabolic Musculoskeletal Disorder 200 affects related physiological systems and may present with characteristic symptom clusters.,2,0,4,Potentially severe if untreated,Neurological complications,0,3
Acute Respiratory Disease 201,Acute Respiratory Disease 201 affects related physiological systems and may present with characteristic symptom clusters.,7,4,1,Acute onset may resolve with care,Organ dysfunction,2,2
Chronic Respiratory Disease 202,Chronic Respiratory Disease 202 affects related physiological systems and may present with characteristic symptom clusters.,1,1,2,Progressive condition needing monitoring,Secondary infection,1,1
Autoimmune Respiratory Disease 203,Autoimmune Respiratory Disease 203 affects related physiological systems and may present with characteristic symptom clusters.,3,5,3,Chronic condition requiring long-term management,Inflammation complications,0,0
Idiopathic Respiratory Disease 204,Idiopathic Respiratory Disease 204 affects related physiological systems and may present with characteristic symptom clusters.,4,2,4,Potentially severe if untreated,Metabolic imbalance,2,3
Primary Respiratory Disease 205,Primary Respiratory Disease 205 affects related physiological systems and may present with characteristic symptom clusters.,0,7,1,Acute onset may resolve with care,Neurological complications,1,2
Secondary Respiratory Disease 206,Secondary Respiratory Disease 206 affects related physiological systems and may present with characteristic symptom clusters.,6,3,2,Progressive condition needing monitoring,Organ dysfunction,0,1
Progressive Respiratory Disease 207,Progressive Respiratory Disease 207 affects related physiological systems and may present with characteristic symptom clusters.,5,6,3,Chronic condition requiring long-term management,Secondary infection,2,0
Congenital Respiratory Disease 208,Congenital Respiratory Disease 208 affects related physiological systems and may present with characteristic symptom clusters.,2,0,4,Potentially severe if untreated,Inflammation complications,1,3
Inflammatory Respiratory Disease 209,Inflammatory Respiratory Disease 209 affects related physiological systems and may present with characteristic symptom clusters.,7,4,1,Acute onset may resolve with care,Metabolic imbalance,0,2
Metabolic Respiratory Disease 210,Metabolic Respiratory Disease 210 affects related physiological systems and may present with characteristic symptom clusters.,1,1,2,Progressive condition needing monitoring,Neurological complications,2,1
Acute Cardiac Disease 211,Acute Cardiac Disease 211 affects related physiological systems and may present with characteristic symptom clusters.,3,5,3,Chronic condition requiring long-term management,Organ dysfunction,1,0
Chronic Cardiac Disease 212,Chronic Cardiac Disease 212 affects related physiological systems and may present with characteristic symptom clusters.,4,2,4,Potentially severe if untreated,Secondary infection,0,3
Autoimmune Cardiac Disease 213,Autoimmune Cardiac Disease 213 affects related physiological systems and may present with characteristic symptom clusters.,0,7,1,Acute onset may resolve with care,Inflammation complications,2,2
Idiopathic Cardiac Disease 214,Idiopathic Cardiac Disease 214 affects related physiological systems and may present with characteristic symptom clusters.,6,3,2,Progressive condition needing monitoring,Metabolic imbalance,1,1
Primary Cardiac Disease 215,Primary Cardiac Disease 215 affects related physiological systems and may present with characteristic symptom clusters.,5,6,3,Chronic condition requiring long-term management,Neurological complications,0,0
Secondary Cardiac Disease 216,Secondary Cardiac Disease 216 affects related physiological systems and may present with characteristic symptom clusters.,2,0,4,Potentially severe if untreated,Organ dysfunction,2,3
Progressive Cardiac Disease 217,Progressive Cardiac Disease 217 affects related physiological systems and may present with characteristic symptom clusters.,7,4,1,Acute onset may resolve with care,Secondary infection,1,2
Congenital Cardiac Disease 218,Congenital Cardiac Disease 218 affects related physiological systems and may present with characteristic symptom clusters.,1,1,2,Progressive condition needing monitoring,Inflammation complications,0,1
Inflammatory Cardiac Disease 219,Inflammatory Cardiac Disease 219 affects related physiological systems and may present with characteristic symptom clusters.,3,5,3,Chronic condition requiring long-term management,Metabolic imbalance,2,0
Metabolic Cardiac Disease 220,Metabolic Cardiac Disease 220 affects related physiological systems and may present with characteristic symptom clusters.,4,2,4,Potentially severe if untreated,Neurological complications,1,3
Acute Neurological Disease 221,Acute Neurological Disease 221 affects related physiological systems and may present with characteristic symptom clusters.,0,7,1,Acute onset may resolve with care,Organ dysfunction,0,2
Chronic Neurological Disease 222,Chronic Neurological Disease 222 affects related physiological systems and may present with characteristic symptom clusters.,6,3,2,Progressive condition needing monitoring,Secondary infection,2,1
Autoimmune Neurological Disease 223,Autoimmune Neurological Disease 223 affects related physiological systems and may present with characteristic symptom clusters.,5,6,3,Chronic condition requiring long-term management,Inflammation complications,1,0
Idiopathic Neurological Disease 224,Idiopathic Neurological Disease 224 affects related physiological systems and may present with characteristic symptom clusters.,2,0,4,Potentially severe if untreated,Metabolic imbalance,0,3
Primary Neurological Disease 225,Primary Neurological Disease 225 affects related physiological systems and may present with characteristic symptom clusters.,7,4,1,Acute onset may resolve with care,Neurological complications,2,2
Secondary Neurological Disease 226,Secondary Neurological Disease 226 affects related physiological systems and may present with characteristic symptom clusters.,1,1,2,Progressive condition needing monitoring,Organ dysfunction,1,1
Progressive Neurological Disease 227,Progressive Neurological Disease 227 affects related physiological systems and may present with characteristic symptom clusters.,3,5,3,Chronic condition requiring long-term management,Secondary infection,0,0
Congenital Neurological Disease 228,Congenital Neurological Disease 228 affects related physiological systems and may present with characteristic symptom clusters.,4,2,4,Potentially severe if untreated,Inflammation complications,2,3
Inflammatory Neurological Disease 229,Inflammatory Neurological Disease 229 affects related physiological systems and may present with characteristic symptom clusters.,0,7,1,Acute onset may resolve with care,Metabolic imbalance,1,2
Metabolic Neurological Disease 230,Metabolic Neurological Disease 230 affects related physiological systems and may present with characteristic symptom clusters.,6,3,2,Progressive condition needing monitoring,Neurological complications,0,1
Acute Renal Disease 231,Acute Renal Disease 231 affects related physiological systems and may present with characteristic symptom clusters.,5,6,3,Chronic condition requiring long-term management,Organ dysfunction,2,0
Chronic Renal Disease 232,Chronic Renal Disease 232 affects related physiological systems and may present with characteristic symptom clusters.,2,0,4,Potentially severe if untreated,Secondary infection,1,3
Autoimmune Renal Disease 233,Autoimmune Renal Disease 233 affects related physiological systems and may present with characteristic symptom clusters.,7,4,1,Acute onset may resolve with care,Inflammation complications,0,2
Idiopathic Renal Disease 234,Idiopathic Renal Disease 234 affects related physiological systems and may present with characteristic symptom clusters.,1,1,2,Progressive condition needing monitoring,Metabolic imbalance,2,1
Primary Renal Disease 235,Primary Renal Disease 235 affects related physiological systems and may present with characteristic symptom clusters.,3,5,3,Chronic condition requiring long-term management,Neurological complications,1,0
Secondary Renal Disease 236,Secondary Renal Disease 236 affects related physiological systems and may present with characteristic symptom clusters.,4,2,4,Potentially severe if untreated,Organ dysfunction,0,3
Progressive Renal Disease 237,Progressive Renal Disease 237 affects related physiological systems and may present with characteristic symptom clusters.,0,7,1,Acute onset may resolve with care,Secondary infection,2,2
Congenital Renal Disease 238,Congenital Renal Disease 238 affects related physiological systems and may present with characteristic symptom clusters.,6,3,2,Progressive condition needing monitoring,Inflammation complications,1,1
Inflammatory Renal Disease 239,Inflammatory Renal Disease 239 affects related physiological systems and may present with characteristic symptom clusters.,5,6,3,Chronic condition requiring long-term management,Metabolic imbalance,0,0
Metabolic Renal Disease 240,Metabolic Renal Disease 240 affects related physiological systems and may present with characteristic symptom clusters.,2,0,4,Potentially severe if untreated,Neurological complications,2,3
Acute Hepatic Disease 241,Acute Hepatic Disease 241 affects related physiological systems and may present with characteristic symptom clusters.,7,4,1,Acute onset may resolve with care,Organ dysfunction,1,2
Chronic Hepatic Disease 242,Chronic Hepatic Disease 242 affects related physiological systems and may present with characteristic symptom clusters.,1,1,2,Progressive condition needing monitoring,Secondary infection,0,1
Autoimmune Hepatic Disease 243,Autoimmune Hepatic Disease 243 affects related physiological systems and may present with characteristic symptom clusters.,3,5,3,Chronic condition requiring long-term management,Inflammation complications,2,0
Idiopathic Hepatic Disease 244,Idiopathic Hepatic Disease 244 affects related physiological systems and may present with characteristic symptom clusters.,4,2,4,Potentially severe if untreated,Metabolic imbalance,1,3
Primary Hepatic Disease 245,Primary Hepatic Disease 245 affects related physiological systems and may present with characteristic symptom clusters.,0,7,1,Acute onset may resolve with care,Neurological complications,0,2
Secondary Hepatic Disease 246,Secondary Hepatic Disease 246 affects related physiological systems and may present with characteristic symptom clusters.,6,3,2,Progressive condition needing monitoring,Organ dysfunction,2,1
Progressive Hepatic Disease 247,Progressive Hepatic Disease 247 affects related physiological systems and may present with characteristic symptom clusters.,5,6,3,Chronic condition requiring long-term management,Secondary infection,1,0
Congenital Hepatic Disease 248,Congenital Hepatic Disease 248 affects related physiological systems and may present with characteristic symptom clusters.,2,0,4,Potentially severe if untreated,Inflammation complications,0,3
Inflammatory Hepatic Disease 249,Inflammatory Hepatic Disease 249 affects related physiological systems and may present with characteristic symptom clusters.,7,4,1,Acute onset may resolve with care,Metabolic imbalance,2,2
Metabolic Hepatic Disease 250,Metabolic Hepatic Disease 250 affects related physiological systems and may present with characteristic symptom clusters.,1,1,2,Progressive condition needing monitoring,Neurological complications,1,1
Acute Endocrine Disease 251,Acute Endocrine Disease 251 affects related physiological systems and may present with characteristic symptom clusters.,3,5,3,Chronic condition requiring long-term management,Organ dysfunction,0,0
Chronic Endocrine Disease 252,Chronic Endocrine Disease 252 affects related physiological systems and may present with characteristic symptom clusters.,4,2,4,Potentially severe if untreated,Secondary infection,2,3
Autoimmune Endocrine Disease 253,Autoimmune Endocrine Disease 253 affects related physiological systems and may present with characteristic symptom clusters.,0,7,1,Acute onset may resolve with care,Inflammation complications,1,2
Idiopathic Endocrine Disease 254,Idiopathic Endocrine Disease 254 affects related physiological systems and may present with characteristic symptom clusters.,6,3,2,Progressive condition needing monitoring,Metabolic imbalance,0,1
Primary Endocrine Disease 255,Primary Endocrine Disease 255 affects related physiological systems and may present with characteristic symptom clusters.,5,6,3,Chronic condition requiring long-term management,Neurological complications,2,0
Secondary Endocrine Disease 256,Secondary Endocrine Disease 256 affects related physiological systems and may present with characteristic symptom clusters.,2,0,4,Potentially severe if untreated,Organ dysfunction,1,3
Progressive Endocrine Disease 257,Progressive Endocrine Disease 257 affects related physiological systems and may present with characteristic symptom clusters.,7,4,1,Acute onset may resolve with care,Secondary infection,0,2
Congenital Endocrine Disease 258,Congenital Endocrine Disease 258 affects related physiological systems and may present with characteristic symptom clusters.,1,1,2,Progressive condition needing monitoring,Inflammation complications,2,1
Inflammatory Endocrine Disease 259,Inflammatory Endocrine Disease 259 affects related physiological systems and may present with characteristic symptom clusters.,3,5,3,Chronic condition requiring long-term management,Metabolic imbalance,1,0
Metabolic Endocrine Disease 260,Metabolic Endocrine Disease 260 affects related physiological systems and may present with characteristic symptom clusters.,4,2,4,Potentially severe if untreated,Neurological complications,0,3
Acute Gastro Disease 261,Acute Gastro Disease 261 affects related physiological systems and may present with characteristic symptom clusters.,0,7,1,Acute onset may resolve with care,Organ dysfunction,2,2
Chronic Gastro Disease 262,Chronic Gastro Disease 262 affects related physiological systems and may present with characteristic symptom clusters.,6,3,2,Progressive condition needing monitoring,Secondary infection,1,1
Autoimmune Gastro Disease 263,Autoimmune Gastro Disease 263 affects related physiological systems and may present with characteristic symptom clusters.,5,6,3,Chronic condition requiring long-term management,Inflammation complications,0,0
Idiopathic Gastro Disease 264,Idiopathic Gastro Disease 264 affects related physiological systems and may present with characteristic symptom clusters.,2,0,4,Potentially severe if untreated,Metabolic imbalance,2,3
Primary Gastro Disease 265,Primary Gastro Disease 265 affects related physiological systems and may present with characteristic symptom clusters.,7,4,1,Acute onset may resolve with care,Neurological complications,1,2
Secondary Gastro Disease 266,Secondary Gastro Disease 266 affects related physiological systems and may present with characteristic symptom clusters.,1,1,2,Progressive condition needing monitoring,Organ dysfunction,0,1
Progressive Gastro Disease 267,Progressive Gastro Disease 267 affects related physiological systems and may present with characteristic symptom clusters.,3,5,3,Chronic condition requiring long-term management,Secondary infection,2,0
Congenital Gastro Disease 268,Congenital Gastro Disease 268 affects related physiological systems and may present with characteristic symptom clusters.,4,2,4,Potentially severe if untreated,Inflammation complications,1,3
Inflammatory Gastro Disease 269,Inflammatory Gastro Disease 269 affects related physiological systems and may present with characteristic symptom clusters.,0,7,1,Acute onset may resolve with care,Metabolic imbalance,0,2
Metabolic Gastro Disease 270,Metabolic Gastro Disease 270 affects related physiological systems and may present with characteristic symptom clusters.,6,3,2,Progressive condition needing monitoring,Neurological complications,2,1
Acute Dermatologic Disease 271,Acute Dermatologic Disease 271 affects related physiological systems and may present with characteristic symptom clusters.,5,6,3,Chronic condition requiring long-term management,Organ dysfunction,1,0
Chronic Dermatologic Disease 272,Chronic Dermatologic Disease 272 affects related physiological systems and may present with characteristic symptom clusters.,2,0,4,Potentially severe if untreated,Secondary infection,0,3
Autoimmune Dermatologic Disease 273,Autoimmune Dermatologic Disease 273 affects related physiological systems and may present with characteristic symptom clusters.,7,4,1,Acute onset may resolve with care,Inflammation complications,2,2
Idiopathic Dermatologic Disease 274,Idiopathic Dermatologic Disease 274 affects related physiological systems and may present with characteristic symptom clusters.,1,1,2,Progressive condition needing monitoring,Metabolic imbalance,1,1
Primary Dermatologic Disease 275,Primary Dermatologic Disease 275 affects related physiological systems and may present with characteristic symptom clusters.,3,5,3,Chronic condition requiring long-term management,Neurological complications,0,0
Secondary Dermatologic Disease 276,Secondary Dermatologic Disease 276 affects related physiological systems and may present with characteristic symptom clusters.,4,2,4,Potentially severe if untreated,Organ dysfunction,2,3
Progressive Dermatologic Disease 277,Progressive Dermatologic Disease 277 affects related physiological systems and may present with characteristic symptom clusters.,0,7,1,Acute onset may resolve with care,Secondary infection,1,2
Congenital Dermatologic Disease 278,Congenital Dermatologic Disease 278 affects related physiological systems and may present with characteristic symptom clusters.,6,3,2,Progressive condition needing monitoring,Inflammation complications,0,1
Inflammatory Dermatologic Disease 279,Inflammatory Dermatologic Disease 279 affects related physiological systems and may present with characteristic symptom clusters.,5,6,3,Chronic condition requiring long-term management,Metabolic imbalance,2,0
Metabolic Dermatologic Disease 280,Metabolic Dermatologic Disease 280 affects related physiological systems and may present with characteristic symptom clusters.,2,0,4,Potentially severe if untreated,Neurological complications,1,3
Acute Hematologic Disease 281,Acute Hematologic Disease 281 affects related physiological systems and may present with characteristic symptom clusters.,7,4,1,Acute onset may resolve with care,Organ dysfunction,0,2
Chronic Hematologic Disease 282,Chronic Hematologic Disease 282 affects related physiological systems and may present with characteristic symptom clusters.,1,1,2,Progressive condition needing monitoring,Secondary infection,2,1
Autoimmune Hematologic Disease 283,Autoimmune Hematologic Disease 283 affects related physiological systems and may present with characteristic symptom clusters.,3,5,3,Chronic condition requiring long-term management,Inflammation complications,1,0
Idiopathic Hematologic Disease 284,Idiopathic Hematologic Disease 284 affects related physiological systems and may present with characteristic symptom clusters.,4,2,4,Potentially severe if untreated,Metabolic imbalance,0,3
Primary Hematologic Disease 285,Primary Hematologic Disease 285 affects related physiological systems and may present with characteristic symptom clusters.,0,7,1,Acute onset may resolve with care,Neurological complications,2,2
Secondary Hematologic Disease 286,Secondary Hematologic Disease 286 affects related physiological systems and may present with characteristic symptom clusters.,6,3,2,Progressive condition needing monitoring,Organ dysfunction,1,1
Progressive Hematologic Disease 287,Progressive Hematologic Disease 287 affects related physiological systems and may present with characteristic symptom clusters.,5,6,3,Chronic condition requiring long-term management,Secondary infection,0,0
Congenital Hematologic Disease 288,Congenital Hematologic Disease 288 affects related physiological systems and may present with characteristic symptom clusters.,2,0,4,Potentially severe if untreated,Inflammation complications,2,3
Inflammatory Hematologic Disease 289,Inflammatory Hematologic Disease 289 affects related physiological systems and may present with characteristic symptom clusters.,7,4,1,Acute onset may resolve with care,Metabolic imbalance,1,2
Metabolic Hematologic Disease 290,Metabolic Hematologic Disease 290 affects related physiological systems and may present with characteristic symptom clusters.,1,1,2,Progressive condition needing monitoring,Neurological complications,0,1
Acute Musculoskeletal Disease 291,Acute Musculoskeletal Disease 291 affects related physiological systems and may present with characteristic symptom clusters.,3,5,3,Chronic condition requiring long-term management,Organ dysfunction,2,0
Chronic Musculoskeletal Disease 292,Chronic Musculoskeletal Disease 292 affects related physiological systems and may present with characteristic symptom clusters.,4,2,4,Potentially severe if untreated,Secondary infection,1,3
Autoimmune Musculoskeletal Disease 293,Autoimmune Musculoskeletal Disease 293 affects related physiological systems and may present with characteristic symptom clusters.,0,7,1,Acute onset may resolve with care,Inflammation complications,0,2
Idiopathic Musculoskeletal Disease 294,Idiopathic Musculoskeletal Disease 294 affects related physiological systems and may present with characteristic symptom clusters.,6,3,2,Progressive condition needing monitoring,Metabolic imbalance,2,1
Primary Musculoskeletal Disease 295,Primary Musculoskeletal Disease 295 affects related physiological systems and may present with characteristic symptom clusters.,5,6,3,Chronic condition requiring long-term management,Neurological complications,1,0
Secondary Musculoskeletal Disease 296,Secondary Musculoskeletal Disease 296 affects related physiological systems and may present with characteristic symptom clusters.,2,0,4,Potentially severe if untreated,Organ dysfunction,0,3
Progressive Musculoskeletal Disease 297,Progressive Musculoskeletal Disease 297 affects related physiological systems and may present with characteristic symptom clusters.,7,4,1,Acute onset may resolve with care,Secondary infection,2,2
Congenital Musculoskeletal Disease 298,Congenital Musculoskeletal Disease 298 affects related physiological systems and may present with characteristic symptom clusters.,1,1,2,Progressive condition needing monitoring,Inflammation complications,1,1
Inflammatory Musculoskeletal Disease 299,Inflammatory Musculoskeletal Disease 299 affects related physiological systems and may present with characteristic symptom clusters.,3,5,3,Chronic condition requiring long-term management,Metabolic imbalance,0,0
Metabolic Musculoskeletal Disease 300,Metabolic Musculoskeletal Disease 300 affects related physiological systems and may present with characteristic symptom clusters.,4,2,4,Potentially severe if untreated,Neurological complications,2,3
Acute Respiratory Condition 301,Acute Respiratory Condition 301 affects related physiological systems and may present with characteristic symptom clusters.,0,7,1,Acute onset may resolve with care,Organ dysfunction,1,2
Chronic Respiratory Condition 302,Chronic Respiratory Condition 302 affects related physiological systems and may present with characteristic symptom clusters.,6,3,2,Progressive condition needing monitoring,Secondary infection,0,1
Autoimmune Respiratory Condition 303,Autoimmune Respiratory Condition 303 affects related physiological systems and may present with characteristic symptom clusters.,5,6,3,Chronic condition requiring long-term management,Inflammation complications,2,0
Idiopathic Respiratory Condition 304,Idiopathic Respiratory Condition 304 affects related physiological systems and may present with characteristic symptom clusters.,2,0,4,Potentially severe if untreated,Metabolic imbalance,1,3
Primary Respiratory Condition 305,Primary Respiratory Condition 305 affects related physiological systems and may present with characteristic symptom clusters.,7,4,1,Acute onset may resolve with care,Neurological complications,0,2
Secondary Respiratory Condition 306,Secondary Respiratory Condition 306 affects related physiological systems and may present with characteristic symptom clusters.,1,1,2,Progressive condition needing monitoring,Organ dysfunction,2,1
Progressive Respiratory Condition 307,Progressive Respiratory Condition 307 affects related physiological systems and may present with characteristic symptom clusters.,3,5,3,Chronic condition requiring long-term management,Secondary infection,1,0
Congenital Respiratory Condition 308,Congenital Respiratory Condition 308 affects related physiological systems and may present with characteristic symptom clusters.,4,2,4,Potentially severe if untreated,Inflammation complications,0,3
Inflammatory Respiratory Condition 309,Inflammatory Respiratory Condition 309 affects related physiological systems and may present with characteristic symptom clusters.,0,7,1,Acute onset may resolve with care,Metabolic imbalance,2,2
Metabolic Respiratory Condition 310,Metabolic Respiratory Condition 310 affects related physiological systems and may present with characteristic symptom clusters.,6,3,2,Progressive condition needing monitoring,Neurological complications,1,1
Acute Cardiac Condition 311,Acute Cardiac Condition 311 affects related physiological systems and may present with characteristic symptom clusters.,5,6,3,Chronic condition requiring long-term management,Organ dysfunction,0,0
Chronic Cardiac Condition 312,Chronic Cardiac Condition 312 affects related physiological systems and may present with characteristic symptom clusters.,2,0,4,Potentially severe if untreated,Secondary infection,2,3
Autoimmune Cardiac Condition 313,Autoimmune Cardiac Condition 313 affects related physiological systems and may present with characteristic symptom clusters.,7,4,1,Acute onset may resolve with care,Inflammation complications,1,2
Idiopathic Cardiac Condition 314,Idiopathic Cardiac Condition 314 affects related physiological systems and may present with characteristic symptom clusters.,1,1,2,Progressive condition needing monitoring,Metabolic imbalance,0,1
Primary Cardiac Condition 315,Primary Cardiac Condition 315 affects related physiological systems and may present with characteristic symptom clusters.,3,5,3,Chronic condition requiring long-term management,Neurological complications,2,0
Secondary Cardiac Condition 316,Secondary Cardiac Condition 316 affects related physiological systems and may present with characteristic symptom clusters.,4,2,4,Potentially severe if untreated,Organ dysfunction,1,3
Progressive Cardiac Condition 317,Progressive Cardiac Condition 317 affects related physiological systems and may present with characteristic symptom clusters.,0,7,1,Acute onset may resolve with care,Secondary infection,0,2
Congenital Cardiac Condition 318,Congenital Cardiac Condition 318 affects related physiological systems and may present with characteristic symptom clusters.,6,3,2,Progressive condition needing monitoring,Inflammation complications,2,1
Inflammatory Cardiac Condition 319,Inflammatory Cardiac Condition 319 affects related physiological systems and may present with characteristic symptom clusters.,5,6,3,Chronic condition requiring long-term management,Metabolic imbalance,1,0
Metabolic Cardiac Condition 320,Metabolic Cardiac Condition 320 affects related physiological systems and may present with characteristic symptom clusters.,2,0,4,Potentially severe if untreated,Neurological complications,0,3
Acute Neurological Condition 321,Acute Neurological Condition 321 affects related physiological systems and may present with characteristic symptom clusters.,7,4,1,Acute onset may resolve with care,Organ dysfunction,2,2
Chronic Neurological Condition 322,Chronic Neurological Condition 322 affects related physiological systems and may present with characteristic symptom clusters.,1,1,2,Progressive condition needing monitoring,Secondary infection,1,1
Autoimmune Neurological Condition 323,Autoimmune Neurological Condition 323 affects related physiological systems and may present with characteristic symptom clusters.,3,5,3,Chronic condition requiring long-term management,Inflammation complications,0,0
Idiopathic Neurological Condition 324,Idiopathic Neurological Condition 324 affects related physiological systems and may present with characteristic symptom clusters.,4,2,4,Potentially severe if untreated,Metabolic imbalance,2,3
Primary Neurological Condition 325,Primary Neurological Condition 325 affects related physiological systems and may present with characteristic symptom clusters.,0,7,1,Acute onset may resolve with care,Neurological complications,1,2
Secondary Neurological Condition 326,Secondary Neurological Condition 326 affects related physiological systems and may present with characteristic symptom clusters.,6,3,2,Progressive condition needing monitoring,Organ dysfunction,0,1
Progressive Neurological Condition 327,Progressive Neurological Condition 327 affects related physiological systems and may present with characteristic symptom clusters.,5,6,3,Chronic condition requiring long-term management,Secondary infection,2,0
Congenital Neurological Condition 328,Congenital Neurological Condition 328 affects related physiological systems and may present with characteristic symptom clusters.,2,0,4,Potentially severe if untreated,Inflammation complications,1,3
Inflammatory Neurological Condition 329,Inflammatory Neurological Condition 329 affects related physiological systems and may present with characteristic symptom clusters.,7,4,1,Acute onset may resolve with care,Metabolic imbalance,0,2
Metabolic Neurological Condition 330,Metabolic Neurological Condition 330 affects related physiological systems and may present with characteristic symptom clusters.,1,1,2,Progressive condition needing monitoring,Neurological complications,2,1
Acute Renal Condition 331,Acute Renal Condition 331 affects related physiological systems and may present with characteristic symptom clusters.,3,5,3,Chronic condition requiring long-term management,Organ dysfunction,1,0
Chronic Renal Condition 332,Chronic Renal Condition 332 affects related physiological systems and may present with characteristic symptom clusters.,4,2,4,Potentially severe if untreated,Secondary infection,0,3
Autoimmune Renal Condition 333,Autoimmune Renal Condition 333 affects related physiological systems and may present with characteristic symptom clusters.,0,7,1,Acute onset may resolve with care,Inflammation complications,2,2
Idiopathic Renal Condition 334,Idiopathic Renal Condition 334 affects related physiological systems and may present with characteristic symptom clusters.,6,3,2,Progressive condition needing monitoring,Metabolic imbalance,1,1
Primary Renal Condition 335,Primary Renal Condition 335 affects related physiological systems and may present with characteristic symptom clusters.,5,6,3,Chronic condition requiring long-term management,Neurological complications,0,0
Secondary Renal Condition 336,Secondary Renal Condition 336 affects related physiological systems and may present with characteristic symptom clusters.,2,0,4,Potentially severe if untreated,Organ dysfunction,2,3
Progressive Renal Condition 337,Progressive Renal Condition 337 affects related physiological systems and may present with characteristic symptom clusters.,7,4,1,Acute onset may resolve with care,Secondary infection,1,2
Congenital Renal Condition 338,Congenital Renal Condition 338 affects related physiological systems and may present with characteristic symptom clusters.,1,1,2,Progressive condition needing monitoring,Inflammation complications,0,1
Inflammatory Renal Condition 339,Inflammatory Renal Condition 339 affects related physiological systems and may present with characteristic symptom clusters.,3,5,3,Chronic condition requiring long-term management,Metabolic imbalance,2,0
Metabolic Renal Condition 340,Metabolic Renal Condition 340 affects related physiological systems and may present with characteristic symptom clusters.,4,2,4,Potentially severe if untreated,Neurological complications,1,3
Acute Hepatic Condition 341,Acute Hepatic Condition 341 affects related physiological systems and may present with characteristic symptom clusters.,0,7,1,Acute onset may resolve with care,Organ dysfunction,0,2
Chronic Hepatic Condition 342,Chronic Hepatic Condition 342 affects related physiological systems and may present with characteristic symptom clusters.,6,3,2,Progressive condition needing monitoring,Secondary infection,2,1
Autoimmune Hepatic Condition 343,Autoimmune Hepatic Condition 343 affects related physiological systems and may present with characteristic symptom clusters.,5,6,3,Chronic condition requiring long-term management,Inflammation complications,1,0
Idiopathic Hepatic Condition 344,Idiopathic Hepatic Condition 344 affects related physiological systems and may present with characteristic symptom clusters.,2,0,4,Potentially severe if untreated,Metabolic imbalance,0,3
Primary Hepatic Condition 345,Primary Hepatic Condition 345 affects related physiological systems and may present with characteristic symptom clusters.,7,4,1,Acute onset may resolve with care,Neurological complications,2,2
Secondary Hepatic Condition 346,Secondary Hepatic Condition 346 affects related physiological systems and may present with characteristic symptom clusters.,1,1,2,Progressive condition needing monitoring,Organ dysfunction,1,1
Progressive Hepatic Condition 347,Progressive Hepatic Condition 347 affects related physiological systems and may present with characteristic symptom clusters.,3,5,3,Chronic condition requiring long-term management,Secondary infection,0,0
Congenital Hepatic Condition 348,Congenital Hepatic Condition 348 affects related physiological systems and may present with characteristic symptom clusters.,4,2,4,Potentially severe if untreated,Inflammation complications,2,3
Inflammatory Hepatic Condition 349,Inflammatory Hepatic Condition 349 affects related physiological systems and may present with characteristic symptom clusters.,0,7,1,Acute onset may resolve with care,Metabolic imbalance,1,2
Metabolic Hepatic Condition 350,Metabolic Hepatic Condition 350 affects related physiological systems and may present with characteristic symptom clusters.,6,3,2,Progressive condition needing monitoring,Neurological complications,0,1
Acute Endocrine Condition 351,Acute Endocrine Condition 351 affects related physiological systems and may present with characteristic symptom clusters.,5,6,3,Chronic condition requiring long-term management,Organ dysfunction,2,0
Chronic Endocrine Condition 352,Chronic Endocrine Condition 352 affects related physiological systems and may present with characteristic symptom clusters.,2,0,4,Potentially severe if untreated,Secondary infection,1,3
Autoimmune Endocrine Condition 353,Autoimmune Endocrine Condition 353 affects related physiological systems and may present with characteristic symptom clusters.,7,4,1,Acute onset may resolve with care,Inflammation complications,0,2
Idiopathic Endocrine Condition 354,Idiopathic Endocrine Condition 354 affects related physiological systems and may present with characteristic symptom clusters.,1,1,2,Progressive condition needing monitoring,Metabolic imbalance,2,1
Primary Endocrine Condition 355,Primary Endocrine Condition 355 affects related physiological systems and may present with characteristic symptom clusters.,3,5,3,Chronic condition requiring long-term management,Neurological complications,1,0
Secondary Endocrine Condition 356,Secondary Endocrine Condition 356 affects related physiological systems and may present with characteristic symptom clusters.,4,2,4,Potentially severe if untreated,Organ dysfunction,0,3
Progressive Endocrine Condition 357,Progressive Endocrine Condition 357 affects related physiological systems and may present with characteristic symptom clusters.,0,7,1,Acute onset may resolve with care,Secondary infection,2,2
Congenital Endocrine Condition 358,Congenital Endocrine Condition 358 affects related physiological systems and may present with characteristic symptom clusters.,6,3,2,Progressive condition needing monitoring,Inflammation complications,1,1
Inflammatory Endocrine Condition 359,Inflammatory Endocrine Condition 359 affects related physiological systems and may present with characteristic symptom clusters.,5,6,3,Chronic condition requiring long-term management,Metabolic imbalance,0,0
Metabolic Endocrine Condition 360,Metabolic Endocrine Condition 360 affects related physiological systems and may present with characteristic symptom clusters.,2,0,4,Potentially severe if untreated,Neurological complications,2,3
Acute Gastro Condition 361,Acute Gastro Condition 361 affects related physiological systems and may present with characteristic symptom clusters.,7,4,1,Acute onset may resolve with care,Organ dysfunction,1,2
Chronic Gastro Condition 362,Chronic Gastro Condition 362 affects related physiological systems and may present with characteristic symptom clusters.,1,1,2,Progressive condition needing monitoring,Secondary infection,0,1
Autoimmune Gastro Condition 363,Autoimmune Gastro Condition 363 affects related physiological systems and may present with characteristic symptom clusters.,3,5,3,Chronic condition requiring long-term management,Inflammation complications,2,0
Idiopathic Gastro Condition 364,Idiopathic Gastro Condition 364 affects related physiological systems and may present with characteristic symptom clusters.,4,2,4,Potentially severe if untreated,Metabolic imbalance,1,3
Primary Gastro Condition 365,Primary Gastro Condition 365 affects related physiological systems and may present with characteristic symptom clusters.,0,7,1,Acute onset may resolve with care,Neurological complications,0,2
Secondary Gastro Condition 366,Secondary Gastro Condition 366 affects related physiological systems and may present with characteristic symptom clusters.,6,3,2,Progressive condition needing monitoring,Organ dysfunction,2,1
Progressive Gastro Condition 367,Progressive Gastro Condition 367 affects related physiological systems and may present with characteristic symptom clusters.,5,6,3,Chronic condition requiring long-term management,Secondary infection,1,0
Congenital Gastro Condition 368,Congenital Gastro Condition 368 affects related physiological systems and may present with characteristic symptom clusters.,2,0,4,Potentially severe if untreated,Inflammation complications,0,3
Inflammatory Gastro Condition 369,Inflammatory Gastro Condition 369 affects related physiological systems and may present with characteristic symptom clusters.,7,4,1,Acute onset may resolve with care,Metabolic imbalance,2,2
Metabolic Gastro Condition 370,Metabolic Gastro Condition 370 affects related physiological systems and may present with characteristic symptom clusters.,1,1,2,Progressive condition needing monitoring,Neurological complications,1,1
Acute Dermatologic Condition 371,Acute Dermatologic Condition 371 affects related physiological systems and may present with characteristic symptom clusters.,3,5,3,Chronic condition requiring long-term management,Organ dysfunction,0,0
Chronic Dermatologic Condition 372,Chronic Dermatologic Condition 372 affects related physiological systems and may present with characteristic symptom clusters.,4,2,4,Potentially severe if untreated,Secondary infection,2,3
Autoimmune Dermatologic Condition 373,Autoimmune Dermatologic Condition 373 affects related physiological systems and may present with characteristic symptom clusters.,0,7,1,Acute onset may resolve with care,Inflammation complications,1,2
Idiopathic Dermatologic Condition 374,Idiopathic Dermatologic Condition 374 affects related physiological systems and may present with characteristic symptom clusters.,6,3,2,Progressive condition needing monitoring,Metabolic imbalance,0,1
Primary Dermatologic Condition 375,Primary Dermatologic Condition 375 affects related physiological systems and may present with characteristic symptom clusters.,5,6,3,Chronic condition requiring long-term management,Neurological complications,2,0
Secondary Dermatologic Condition 376,Secondary Dermatologic Condition 376 affects related physiological systems and may present with characteristic symptom clusters.,2,0,4,Potentially severe if untreated,Organ dysfunction,1,3
Progressive Dermatologic Condition 377,Progressive Dermatologic Condition 377 affects related physiological systems and may present with characteristic symptom clusters.,7,4,1,Acute onset may resolve with care,Secondary infection,0,2
Congenital Dermatologic Condition 378,Congenital Dermatologic Condition 378 affects related physiological systems and may present with characteristic symptom clusters.,1,1,2,Progressive condition needing monitoring,Inflammation complications,2,1
Inflammatory Dermatologic Condition 379,Inflammatory Dermatologic Condition 379 affects related physiological systems and may present with characteristic symptom clusters.,3,5,3,Chronic condition requiring long-term management,Metabolic imbalance,1,0
Metabolic Dermatologic Condition 380,Metabolic Dermatologic Condition 380 affects related physiological systems and may present with characteristic symptom clusters.,4,2,4,Potentially severe if untreated,Neurological complications,0,3
Acute Hematologic Condition 381,Acute Hematologic Condition 381 affects related physiological systems and may present with characteristic symptom clusters.,0,7,1,Acute onset may resolve with care,Organ dysfunction,2,2
Chronic Hematologic Condition 382,Chronic Hematologic Condition 382 affects related physiological systems and may present with characteristic symptom clusters.,6,3,2,Progressive condition needing monitoring,Secondary infection,1,1
Autoimmune Hematologic Condition 383,Autoimmune Hematologic Condition 383 affects related physiological systems and may present with characteristic symptom clusters.,5,6,3,Chronic condition requiring long-term management,Inflammation complications,0,0
Idiopathic Hematologic Condition 384,Idiopathic Hematologic Condition 384 affects related physiological systems and may present with characteristic symptom clusters.,2,0,4,Potentially severe if untreated,Metabolic imbalance,2,3
Primary Hematologic Condition 385,Primary Hematologic Condition 385 affects related physiological systems and may present with characteristic symptom clusters.,7,4,1,Acute onset may resolve with care,Neurological complications,1,2
Secondary Hematologic Condition 386,Secondary Hematologic Condition 386 affects related physiological systems and may present with characteristic symptom clusters.,1,1,2,Progressive condition needing monitoring,Organ dysfunction,0,1
Progressive Hematologic Condition 387,Progressive Hematologic Condition 387 affects related physiological systems and may present with characteristic symptom clusters.,3,5,3,Chronic condition requiring long-term management,Secondary infection,2,0
Congenital Hematologic Condition 388,Congenital Hematologic Condition 388 affects related physiological systems and may present with characteristic symptom clusters.,4,2,4,Potentially severe if untreated,Inflammation complications,1,3
Inflammatory Hematologic Condition 389,Inflammatory Hematologic Condition 389 affects related physiological systems and may present with characteristic symptom clusters.,0,7,1,Acute onset may resolve with care,Metabolic imbalance,0,2
Metabolic Hematologic Condition 390,Metabolic Hematologic Condition 390 affects related physiological systems and may present with characteristic symptom clusters.,6,3,2,Progressive condition needing monitoring,Neurological complications,2,1
Acute Musculoskeletal Condition 391,Acute Musculoskeletal Condition 391 affects related physiological systems and may present with characteristic symptom clusters.,5,6,3,Chronic condition requiring long-term management,Organ dysfunction,1,0
Chronic Musculoskeletal Condition 392,Chronic Musculoskeletal Condition 392 affects related physiological systems and may present with characteristic symptom clusters.,2,0,4,Potentially severe if untreated,Secondary infection,0,3
Autoimmune Musculoskeletal Condition 393,Autoimmune Musculoskeletal Condition 393 affects related physiological systems and may present with characteristic symptom clusters.,7,4,1,Acute onset may resolve with care,Inflammation complications,2,2
Idiopathic Musculoskeletal Condition 394,Idiopathic Musculoskeletal Condition 394 affects related physiological systems and may present with characteristic symptom clusters.,1,1,2,Progressive condition needing monitoring,Metabolic imbalance,1,1
Primary Musculoskeletal Condition 395,Primary Musculoskeletal Condition 395 affects related physiological systems and may present with characteristic symptom clusters.,3,5,3,Chronic condition requiring long-term management,Neurological complications,0,0
Secondary Musculoskeletal Condition 396,Secondary Musculoskeletal Condition 396 affects related physiological systems and may present with characteristic symptom clusters.,4,2,4,Potentially severe if untreated,Organ dysfunction,2,3
Progressive Musculoskeletal Condition 397,Progressive Musculoskeletal Condition 397 affects related physiological systems and may present with characteristic symptom clusters.,0,7,1,Acute onset may resolve with care,Secondary infection,1,2
Congenital Musculoskeletal Condition 398,Congenital Musculoskeletal Condition 398 affects related physiological systems and may present with characteristic symptom clusters.,6,3,2,Progressive condition needing monitoring,Inflammation complications,0,1
Inflammatory Musculoskeletal Condition 399,Inflammatory Musculoskeletal Condition 399 affects related physiological systems and may present with characteristic symptom clusters.,5,6,3,Chronic condition requiring long-term management,Metabolic imbalance,2,0
Metabolic Musculoskeletal Condition 400,Metabolic Musculoskeletal Condition 400 affects related physiological systems and may present with characteristic symptom clusters.,2,0,4,Potentially severe if untreated,Neurological complications,1,3
Acute Respiratory Failure 401,Acute Respiratory Failure 401 affects related physiological systems and may present with characteristic symptom clusters.,7,4,1,Acute onset may resolve with care,Organ dysfunction,0,2
Chronic Respiratory Failure 402,Chronic Respiratory Failure 402 affects related physiological systems and may present with characteristic symptom clusters.,1,1,2,Progressive condition needing monitoring,Secondary infection,2,1
Autoimmune Respiratory Failure 403,Autoimmune Respiratory Failure 403 affects related physiological systems and may present with characteristic symptom clusters.,3,5,3,Chronic condition requiring long-term management,Inflammation complications,1,0
Idiopathic Respiratory Failure 404,Idiopathic Respiratory Failure 404 affects related physiological systems and may present with characteristic symptom clusters.,4,2,4,Potentially severe if untreated,Metabolic imbalance,0,3
Primary Respiratory Failure 405,Primary Respiratory Failure 405 affects related physiological systems and may present with characteristic symptom clusters.,0,7,1,Acute onset may resolve with care,Neurological complications,2,2
Secondary Respiratory Failure 406,Secondary Respiratory Failure 406 affects related physiological systems and may present with characteristic symptom clusters.,6,3,2,Progressive condition needing monitoring,Organ dysfunction,1,1
Progressive Respiratory Failure 407,Progressive Respiratory Failure 407 affects related physiological systems and may present with characteristic symptom clusters.,5,6,3,Chronic condition requiring long-term management,Secondary infection,0,0
Congenital Respiratory Failure 408,Congenital Respiratory Failure 408 affects related physiological systems and may present with characteristic symptom clusters.,2,0,4,Potentially severe if untreated,Inflammation complications,2,3
Inflammatory Respiratory Failure 409,Inflammatory Respiratory Failure 409 affects related physiological systems and may present with characteristic symptom clusters.,7,4,1,Acute onset may resolve with care,Metabolic imbalance,1,2
Metabolic Respiratory Failure 410,Metabolic Respiratory Failure 410 affects related physiological systems and may present with characteristic symptom clusters.,1,1,2,Progressive condition needing monitoring,Neurological complications,0,1
Acute Cardiac Failure 411,Acute Cardiac Failure 411 affects related physiological systems and may present with characteristic symptom clusters.,3,5,3,Chronic condition requiring long-term management,Organ dysfunction,2,0
Chronic Cardiac Failure 412,Chronic Cardiac Failure 412 affects related physiological systems and may present with characteristic symptom clusters.,4,2,4,Potentially severe if untreated,Secondary infection,1,3
Autoimmune Cardiac Failure 413,Autoimmune Cardiac Failure 413 affects related physiological systems and may present with characteristic symptom clusters.,0,7,1,Acute onset may resolve with care,Inflammation complications,0,2
Idiopathic Cardiac Failure 414,Idiopathic Cardiac Failure 414 affects related physiological systems and may present with characteristic symptom clusters.,6,3,2,Progressive condition needing monitoring,Metabolic imbalance,2,1
Primary Cardiac Failure 415,Primary Cardiac Failure 415 affects related physiological systems and may present with characteristic symptom clusters.,5,6,3,Chronic condition requiring long-term management,Neurological complications,1,0
Secondary Cardiac Failure 416,Secondary Cardiac Failure 416 affects related physiological systems and may present with characteristic symptom clusters.,2,0,4,Potentially severe if untreated,Organ dysfunction,0,3
Progressive Cardiac Failure 417,Progressive Cardiac Failure 417 affects related physiological systems and may present with characteristic symptom clusters.,7,4,1,Acute onset may resolve with care,Secondary infection,2,2
Congenital Cardiac Failure 418,Congenital Cardiac Failure 418 affects related physiological systems and may present with characteristic symptom clusters.,1,1,2,Progressive condition needing monitoring,Inflammation complications,1,1
Inflammatory Cardiac Failure 419,Inflammatory Cardiac Failure 419 affects related physiological systems and may present with characteristic symptom clusters.,3,5,3,Chronic condition requiring long-term management,Metabolic imbalance,0,0
Metabolic Cardiac Failure 420,Metabolic Cardiac Failure 420 affects related physiological systems and may present with characteristic symptom clusters.,4,2,4,Potentially severe if untreated,Neurological complications,2,3
Acute Neurological Failure 421,Acute Neurological Failure 421 affects related physiological systems and may present with characteristic symptom clusters.,0,7,1,Acute onset may resolve with care,Organ dysfunction,1,2
Chronic Neurological Failure 422,Chronic Neurological Failure 422 affects related physiological systems and may present with characteristic symptom clusters.,6,3,2,Progressive condition needing monitoring,Secondary infection,0,1
Autoimmune Neurological Failure 423,Autoimmune Neurological Failure 423 affects related physiological systems and may present with characteristic symptom clusters.,5,6,3,Chronic condition requiring long-term management,Inflammation complications,2,0
Idiopathic Neurological Failure 424,Idiopathic Neurological Failure 424 affects related physiological systems and may present with characteristic symptom clusters.,2,0,4,Potentially severe if untreated,Metabolic imbalance,1,3
Primary Neurological Failure 425,Primary Neurological Failure 425 affects related physiological systems and may present with characteristic symptom clusters.,7,4,1,Acute onset may resolve with care,Neurological complications,0,2
Secondary Neurological Failure 426,Secondary Neurological Failure 426 affects related physiological systems and may present with characteristic symptom clusters.,1,1,2,Progressive condition needing monitoring,Organ dysfunction,2,1
Progressive Neurological Failure 427,Progressive Neurological Failure 427 affects related physiological systems and may present with characteristic symptom clusters.,3,5,3,Chronic condition requiring long-term management,Secondary infection,1,0
Congenital Neurological Failure 428,Congenital Neurological Failure 428 affects related physiological systems and may present with characteristic symptom clusters.,4,2,4,Potentially severe if untreated,Inflammation complications,0,3
Inflammatory Neurological Failure 429,Inflammatory Neurological Failure 429 affects related physiological systems and may present with characteristic symptom clusters.,0,7,1,Acute onset may resolve with care,Metabolic imbalance,2,2
Metabolic Neurological Failure 430,Metabolic Neurological Failure 430 affects related physiological systems and may present with characteristic symptom clusters.,6,3,2,Progressive condition needing monitoring,Neurological complications,1,1
Acute Renal Failure 431,Acute Renal Failure 431 affects related physiological systems and may present with characteristic symptom clusters.,5,6,3,Chronic condition requiring long-term management,Organ dysfunction,0,0
Chronic Renal Failure 432,Chronic Renal Failure 432 affects related physiological systems and may present with characteristic symptom clusters.,2,0,4,Potentially severe if untreated,Secondary infection,2,3
Autoimmune Renal Failure 433,Autoimmune Renal Failure 433 affects related physiological systems and may present with characteristic symptom clusters.,7,4,1,Acute onset may resolve with care,Inflammation complications,1,2
Idiopathic Renal Failure 434,Idiopathic Renal Failure 434 affects related physiological systems and may present with characteristic symptom clusters.,1,1,2,Progressive condition needing monitoring,Metabolic imbalance,0,1
Primary Renal Failure 435,Primary Renal Failure 435 affects related physiological systems and may present with characteristic symptom clusters.,3,5,3,Chronic condition requiring long-term management,Neurological complications,2,0
Secondary Renal Failure 436,Secondary Renal Failure 436 affects related physiological systems and may present with characteristic symptom clusters.,4,2,4,Potentially severe if untreated,Organ dysfunction,1,3
Progressive Renal Failure 437,Progressive Renal Failure 437 affects related physiological systems and may present with characteristic symptom clusters.,0,7,1,Acute onset may resolve with care,Secondary infection,0,2
Congenital Renal Failure 438,Congenital Renal Failure 438 affects related physiological systems and may present with characteristic symptom clusters.,6,3,2,Progressive condition needing monitoring,Inflammation complications,2,1
Inflammatory Renal Failure 439,Inflammatory Renal Failure 439 affects related physiological systems and may present with characteristic symptom clusters.,5,6,3,Chronic condition requiring long-term management,Metabolic imbalance,1,0
Metabolic Renal Failure 440,Metabolic Renal Failure 440 affects related physiological systems and may present with characteristic symptom clusters.,2,0,4,Potentially severe if untreated,Neurological complications,0,3
Acute Hepatic Failure 441,Acute Hepatic Failure 441 affects related physiological systems and may present with characteristic symptom clusters.,7,4,1,Acute onset may resolve with care,Organ dysfunction,2,2
Chronic Hepatic Failure 442,Chronic Hepatic Failure 442 affects related physiological systems and may present with characteristic symptom clusters.,1,1,2,Progressive condition needing monitoring,Secondary infection,1,1
Autoimmune Hepatic Failure 443,Autoimmune Hepatic Failure 443 affects related physiological systems and may present with characteristic symptom clusters.,3,5,3,Chronic condition requiring long-term management,Inflammation complications,0,0
Idiopathic Hepatic Failure 444,Idiopathic Hepatic Failure 444 affects related physiological systems and may present with characteristic symptom clusters.,4,2,4,Potentially severe if untreated,Metabolic imbalance,2,3
Primary Hepatic Failure 445,Primary Hepatic Failure 445 affects related physiological systems and may present with characteristic symptom clusters.,0,7,1,Acute onset may resolve with care,Neurological complications,1,2
Secondary Hepatic Failure 446,Secondary Hepatic Failure 446 affects related physiological systems and may present with characteristic symptom clusters.,6,3,2,Progressive condition needing monitoring,Organ dysfunction,0,1
Progressive Hepatic Failure 447,Progressive Hepatic Failure 447 affects related physiological systems and may present with characteristic symptom clusters.,5,6,3,Chronic condition requiring long-term management,Secondary infection,2,0
Congenital Hepatic Failure 448,Congenital Hepatic Failure 448 affects related physiological systems and may present with characteristic symptom clusters.,2,0,4,Potentially severe if untreated,Inflammation complications,1,3
Inflammatory Hepatic Failure 449,Inflammatory Hepatic Failure 449 affects related physiological systems and may present with characteristic symptom clusters.,7,4,1,Acute onset may resolve with care,Metabolic imbalance,0,2
Metabolic Hepatic Failure 450,Metabolic Hepatic Failure 450 affects related physiological systems and may present with characteristic symptom clusters.,1,1,2,Progressive condition needing monitoring,Neurological complications,2,1
Acute Endocrine Failure 451,Acute Endocrine Failure 451 affects related physiological systems and may present with characteristic symptom clusters.,3,5,3,Chronic condition requiring long-term management,Organ dysfunction,1,0
Chronic Endocrine Failure 452,Chronic Endocrine Failure 452 affects related physiological systems and may present with characteristic symptom clusters.,4,2,4,Potentially severe if untreated,Secondary infection,0,3
Autoimmune Endocrine Failure 453,Autoimmune Endocrine Failure 453 affects related physiological systems and may present with characteristic symptom clusters.,0,7,1,Acute onset may resolve with care,Inflammation complications,2,2
Idiopathic Endocrine Failure 454,Idiopathic Endocrine Failure 454 affects related physiological systems and may present with characteristic symptom clusters.,6,3,2,Progressive condition needing monitoring,Metabolic imbalance,1,1
Primary Endocrine Failure 455,Primary Endocrine Failure 455 affects related physiological systems and may present with characteristic symptom clusters.,5,6,3,Chronic condition requiring long-term management,Neurological complications,0,0
Secondary Endocrine Failure 456,Secondary Endocrine Failure 456 affects related physiological systems and may present with characteristic symptom clusters.,2,0,4,Potentially severe if untreated,Organ dysfunction,2,3
Progressive Endocrine Failure 457,Progressive Endocrine Failure 457 affects related physiological systems and may present with characteristic symptom clusters.,7,4,1,Acute onset may resolve with care,Secondary infection,1,2
Congenital Endocrine Failure 458,Congenital Endocrine Failure 458 affects related physiological systems and may present with characteristic symptom clusters.,1,1,2,Progressive condition needing monitoring,Inflammation complications,0,1
Inflammatory Endocrine Failure 459,Inflammatory Endocrine Failure 459 affects related physiological systems and may present with characteristic symptom clusters.,3,5,3,Chronic condition requiring long-term management,Metabolic imbalance,2,0
Metabolic Endocrine Failure 460,Metabolic Endocrine Failure 460 affects related physiological systems and may present with characteristic symptom clusters.,4,2,4,Potentially severe if untreated,Neurological complications,1,3
Acute Gastro Failure 461,Acute Gastro Failure 461 affects related physiological systems and may present with characteristic symptom clusters.,0,7,1,Acute onset may resolve with care,Organ dysfunction,0,2
Chronic Gastro Failure 462,Chronic Gastro Failure 462 affects related physiological systems and may present with characteristic symptom clusters.,6,3,2,Progressive condition needing monitoring,Secondary infection,2,1
Autoimmune Gastro Failure 463,Autoimmune Gastro Failure 463 affects related physiological systems and may present with characteristic symptom clusters.,5,6,3,Chronic condition requiring long-term management,Inflammation complications,1,0
Idiopathic Gastro Failure 464,Idiopathic Gastro Failure 464 affects related physiological systems and may present with characteristic symptom clusters.,2,0,4,Potentially severe if untreated,Metabolic imbalance,0,3
Primary Gastro Failure 465,Primary Gastro Failure 465 affects related physiological systems and may present with characteristic symptom clusters.,7,4,1,Acute onset may resolve with care,Neurological complications,2,2
Secondary Gastro Failure 466,Secondary Gastro Failure 466 affects related physiological systems and may present with characteristic symptom clusters.,1,1,2,Progressive condition needing monitoring,Organ dysfunction,1,1
Progressive Gastro Failure 467,Progressive Gastro Failure 467 affects related physiological systems and may present with characteristic symptom clusters.,3,5,3,Chronic condition requiring long-term management,Secondary infection,0,0
Congenital Gastro Failure 468,Congenital Gastro Failure 468 affects related physiological systems and may present with characteristic symptom clusters.,4,2,4,Potentially severe if untreated,Inflammation complications,2,3
Inflammatory Gastro Failure 469,Inflammatory Gastro Failure 469 affects related physiological systems and may present with characteristic symptom clusters.,0,7,1,Acute onset may resolve with care,Metabolic imbalance,1,2
Metabolic Gastro Failure 470,Metabolic Gastro Failure 470 affects related physiological systems and may present with characteristic symptom clusters.,6,3,2,Progressive condition needing monitoring,Neurological complications,0,1
Acute Dermatologic Failure 471,Acute Dermatologic Failure 471 affects related physiological systems and may present with characteristic symptom clusters.,5,6,3,Chronic condition requiring long-term management,Organ dysfunction,2,0
Chronic Dermatologic Failure 472,Chronic Dermatologic Failure 472 affects related physiological systems and may present with characteristic symptom clusters.,2,0,4,Potentially severe if untreated,Secondary infection,1,3
Autoimmune Dermatologic Failure 473,Autoimmune Dermatologic Failure 473 affects related physiological systems and may present with characteristic symptom clusters.,7,4,1,Acute onset may resolve with care,Inflammation complications,0,2
Idiopathic Dermatologic Failure 474,Idiopathic Dermatologic Failure 474 affects related physiological systems and may present with characteristic symptom clusters.,1,1,2,Progressive condition needing monitoring,Metabolic imbalance,2,1
Primary Dermatologic Failure 475,Primary Dermatologic Failure 475 affects related physiological systems and may present with characteristic symptom clusters.,3,5,3,Chronic condition requiring long-term management,Neurological complications,1,0
Secondary Dermatologic Failure 476,Secondary Dermatologic Failure 476 affects related physiological systems and may present with characteristic symptom clusters.,4,2,4,Potentially severe if untreated,Organ dysfunction,0,3
Progressive Dermatologic Failure 477,Progressive Dermatologic Failure 477 affects related physiological systems and may present with characteristic symptom clusters.,0,7,1,Acute onset may resolve with care,Secondary infection,2,2
Congenital Dermatologic Failure 478,Congenital Dermatologic Failure 478 affects related physiological systems and may present with characteristic symptom clusters.,6,3,2,Progressive condition needing monitoring,Inflammation complications,1,1
Inflammatory Dermatologic Failure 479,Inflammatory Dermatologic Failure 479 affects related physiological systems and may present with characteristic symptom clusters.,5,6,3,Chronic condition requiring long-term management,Metabolic imbalance,0,0
Metabolic Dermatologic Failure 480,Metabolic Dermatologic Failure 480 affects related physiological systems and may present with characteristic symptom clusters.,2,0,4,Potentially severe if untreated,Neurological complications,2,3
Acute Hematologic Failure 481,Acute Hematologic Failure 481 affects related physiological systems and may present with characteristic symptom clusters.,7,4,1,Acute onset may resolve with care,Organ dysfunction,1,2
Chronic Hematologic Failure 482,Chronic Hematologic Failure 482 affects related physiological systems and may present with characteristic symptom clusters.,1,1,2,Progressive condition needing monitoring,Secondary infection,0,1
Autoimmune Hematologic Failure 483,Autoimmune Hematologic Failure 483 affects related physiological systems and may present with characteristic symptom clusters.,3,5,3,Chronic condition requiring long-term management,Inflammation complications,2,0
Idiopathic Hematologic Failure 484,Idiopathic Hematologic Failure 484 affects related physiological systems and may present with characteristic symptom clusters.,4,2,4,Potentially severe if untreated,Metabolic imbalance,1,3
Primary Hematologic Failure 485,Primary Hematologic Failure 485 affects related physiological systems and may present with characteristic symptom clusters.,0,7,1,Acute onset may resolve with care,Neurological complications,0,2
Secondary Hematologic Failure 486,Secondary Hematologic Failure 486 affects related physiological systems and may present with characteristic symptom clusters.,6,3,2,Progressive condition needing monitoring,Organ dysfunction,2,1
Progressive Hematologic Failure 487,Progressive Hematologic Failure 487 affects related physiological systems and may present with characteristic symptom clusters.,5,6,3,Chronic condition requiring long-term management,Secondary infection,1,0
Congenital Hematologic Failure 488,Congenital Hematologic Failure 488 affects related physiological systems and may present with characteristic symptom clusters.,2,0,4,Potentially severe if untreated,Inflammation complications,0,3
Inflammatory Hematologic Failure 489,Inflammatory Hematologic Failure 489 affects related physiological systems and may present with characteristic symptom clusters.,7,4,1,Acute onset may resolve with care,Metabolic imbalance,2,2
Metabolic Hematologic Failure 490,Metabolic Hematologic Failure 490 affects related physiological systems and may present with characteristic symptom clusters.,1,1,2,Progressive condition needing monitoring,Neurological complications,1,1
Acute Musculoskeletal Failure 491,Acute Musculoskeletal Failure 491 affects related physiological systems and may present with characteristic symptom clusters.,3,5,3,Chronic condition requiring long-term management,Organ dysfunction,0,0
Chronic Musculoskeletal Failure 492,Chronic Musculoskeletal Failure 492 affects related physiological systems and may present with characteristic symptom clusters.,4,2,4,Potentially severe if untreated,Secondary infection,2,3
Autoimmune Musculoskeletal Failure 493,Autoimmune Musculoskeletal Failure 493 affects related physiological systems and may present with characteristic symptom clusters.,0,7,1,Acute onset may resolve with care,Inflammation complications,1,2
Idiopathic Musculoskeletal Failure 494,Idiopathic Musculoskeletal Failure 494 affects related physiological systems and may present with characteristic symptom clusters.,6,3,2,Progressive condition needing monitoring,Metabolic imbalance,0,1
Primary Musculoskeletal Failure 495,Primary Musculoskeletal Failure 495 affects related physiological systems and may present with characteristic symptom clusters.,5,6,3,Chronic condition requiring long-term management,Neurological complications,2,0
Secondary Musculoskeletal Failure 496,Secondary Musculoskeletal Failure 496 affects related physiological systems and may present with characteristic symptom clusters.,2,0,4,Potentially severe if untreated,Organ dysfunction,1,3
Progressive Musculoskeletal Failure 497,Progressive Musculoskeletal Failure 497 affects related physiological systems and may present with characteristic symptom clusters.,7,4,1,Acute onset may resolve with care,Secondary infection,0,2
Congenital Musculoskeletal Failure 498,Congenital Musculoskeletal Failure 498 affects related physiological systems and may present with characteristic symptom clusters.,1,1,2,Progressive condition needing monitoring,Inflammation complications,2,1
Inflammatory Musculoskeletal Failure 499,Inflammatory Musculoskeletal Failure 499 affects related physiological systems and may present with characteristic symptom clusters.,3,5,3,Chronic condition requiring long-term management,Metabolic imbalance,1,0
Metabolic Musculoskeletal Failure 500,Metabolic Musculoskeletal Failure 500 affects related physiological systems and may present with characteristic symptom clusters.,4,2,4,Potentially severe if untreated,Neurological complications,0,3
Acute Respiratory Infection 501,Acute Respiratory Infection 501 affects related physiological systems and may present with characteristic symptom clusters.,0,7,1,Acute onset may resolve with care,Organ dysfunction,2,2
Chronic Respiratory Infection 502,Chronic Respiratory Infection 502 affects related physiological systems and may present with characteristic symptom clusters.,6,3,2,Progressive condition needing monitoring,Secondary infection,1,1
Autoimmune Respiratory Infection 503,Autoimmune Respiratory Infection 503 affects related physiological systems and may present with characteristic symptom clusters.,5,6,3,Chronic condition requiring long-term management,Inflammation complications,0,0
Idiopathic Respiratory Infection 504,Idiopathic Respiratory Infection 504 affects related physiological systems and may present with characteristic symptom clusters.,2,0,4,Potentially severe if untreated,Metabolic imbalance,2,3
Primary Respiratory Infection 505,Primary Respiratory Infection 505 affects related physiological systems and may present with characteristic symptom clusters.,7,4,1,Acute onset may resolve with care,Neurological complications,1,2
Secondary Respiratory Infection 506,Secondary Respiratory Infection 506 affects related physiological systems and may present with characteristic symptom clusters.,1,1,2,Progressive condition needing monitoring,Organ dysfunction,0,1
Progressive Respiratory Infection 507,Progressive Respiratory Infection 507 affects related physiological systems and may present with characteristic symptom clusters.,3,5,3,Chronic condition requiring long-term management,Secondary infection,2,0
Congenital Respiratory Infection 508,Congenital Respiratory Infection 508 affects related physiological systems and may present with characteristic symptom clusters.,4,2,4,Potentially severe if untreated,Inflammation complications,1,3
Inflammatory Respiratory Infection 509,Inflammatory Respiratory Infection 509 affects related physiological systems and may present with characteristic symptom clusters.,0,7,1,Acute onset may resolve with care,Metabolic imbalance,0,2
Metabolic Respiratory Infection 510,Metabolic Respiratory Infection 510 affects related physiological systems and may present with characteristic symptom clusters.,6,3,2,Progressive condition needing monitoring,Neurological complications,2,1
Acute Cardiac Infection 511,Acute Cardiac Infection 511 affects related physiological systems and may present with characteristic symptom clusters.,5,6,3,Chronic condition requiring long-term management,Organ dysfunction,1,0
Chronic Cardiac Infection 512,Chronic Cardiac Infection 512 affects related physiological systems and may present with characteristic symptom clusters.,2,0,4,Potentially severe if untreated,Secondary infection,0,3
Autoimmune Cardiac Infection 513,Autoimmune Cardiac Infection 513 affects related physiological systems and may present with characteristic symptom clusters.,7,4,1,Acute onset may resolve with care,Inflammation complications,2,2
Idiopathic Cardiac Infection 514,Idiopathic Cardiac Infection 514 affects related physiological systems and may present with characteristic symptom clusters.,1,1,2,Progressive condition needing monitoring,Metabolic imbalance,1,1
Primary Cardiac Infection 515,Primary Cardiac Infection 515 affects related physiological systems and may present with characteristic symptom clusters.,3,5,3,Chronic condition requiring long-term management,Neurological complications,0,0
Secondary Cardiac Infection 516,Secondary Cardiac Infection 516 affects related physiological systems and may present with characteristic symptom clusters.,4,2,4,Potentially severe if untreated,Organ dysfunction,2,3
Progressive Cardiac Infection 517,Progressive Cardiac Infection 517 affects related physiological systems and may present with characteristic symptom clusters.,0,7,1,Acute onset may resolve with care,Secondary infection,1,2
Congenital Cardiac Infection 518,Congenital Cardiac Infection 518 affects related physiological systems and may present with characteristic symptom clusters.,6,3,2,Progressive condition needing monitoring,Inflammation complications,0,1
Inflammatory Cardiac Infection 519,Inflammatory Cardiac Infection 519 affects related physiological systems and may present with characteristic symptom clusters.,5,6,3,Chronic condition requiring long-term management,Metabolic imbalance,2,0
Metabolic Cardiac Infection 520,Metabolic Cardiac Infection 520 affects related physiological systems and may present with characteristic symptom clusters.,2,0,4,Potentially severe if untreated,Neurological complications,1,3
Acute Neurological Infection 521,Acute Neurological Infection 521 affects related physiological systems and may present with characteristic symptom clusters.,7,4,1,Acute onset may resolve with care,Organ dysfunction,0,2
Chronic Neurological Infection 522,Chronic Neurological Infection 522 affects related physiological systems and may present with characteristic symptom clusters.,1,1,2,Progressive condition needing monitoring,Secondary infection,2,1
Autoimmune Neurological Infection 523,Autoimmune Neurological Infection 523 affects related physiological systems and may present with characteristic symptom clusters.,3,5,3,Chronic condition requiring long-term management,Inflammation complications,1,0
Idiopathic Neurological Infection 524,Idiopathic Neurological Infection 524 affects related physiological systems and may present with characteristic symptom clusters.,4,2,4,Potentially severe if untreated,Metabolic imbalance,0,3
Primary Neurological Infection 525,Primary Neurological Infection 525 affects related physiological systems and may present with characteristic symptom clusters.,0,7,1,Acute onset may resolve with care,Neurological complications,2,2
Secondary Neurological Infection 526,Secondary Neurological Infection 526 affects related physiological systems and may present with characteristic symptom clusters.,6,3,2,Progressive condition needing monitoring,Organ dysfunction,1,1
Progressive Neurological Infection 527,Progressive Neurological Infection 527 affects related physiological systems and may present with characteristic symptom clusters.,5,6,3,Chronic condition requiring long-term management,Secondary infection,0,0
Congenital Neurological Infection 528,Congenital Neurological Infection 528 affects related physiological systems and may present with characteristic symptom clusters.,2,0,4,Potentially severe if untreated,Inflammation complications,2,3
Inflammatory Neurological Infection 529,Inflammatory Neurological Infection 529 affects related physiological systems and may present with characteristic symptom clusters.,7,4,1,Acute onset may resolve with care,Metabolic imbalance,1,2
Metabolic Neurological Infection 530,Metabolic Neurological Infection 530 affects related physiological systems and may present with characteristic symptom clusters.,1,1,2,Progressive condition needing monitoring,Neurological complications,0,1
Acute Renal Infection 531,Acute Renal Infection 531 affects related physiological systems and may present with characteristic symptom clusters.,3,5,3,Chronic condition requiring long-term management,Organ dysfunction,2,0
Chronic Renal Infection 532,Chronic Renal Infection 532 affects related physiological systems and may present with characteristic symptom clusters.,4,2,4,Potentially severe if untreated,Secondary infection,1,3
Autoimmune Renal Infection 533,Autoimmune Renal Infection 533 affects related physiological systems and may present with characteristic symptom clusters.,0,7,1,Acute onset may resolve with care,Inflammation complications,0,2
Idiopathic Renal Infection 534,Idiopathic Renal Infection 534 affects related physiological systems and may present with characteristic symptom clusters.,6,3,2,Progressive condition needing monitoring,Metabolic imbalance,2,1
Primary Renal Infection 535,Primary Renal Infection 535 affects related physiological systems and may present with characteristic symptom clusters.,5,6,3,Chronic condition requiring long-term management,Neurological complications,1,0
Secondary Renal Infection 536,Secondary Renal Infection 536 affects related physiological systems and may present with characteristic symptom clusters.,2,0,4,Potentially severe if untreated,Organ dysfunction,0,3
Progressive Renal Infection 537,Progressive Renal Infection 537 affects related physiological systems and may present with characteristic symptom clusters.,7,4,1,Acute onset may resolve with care,Secondary infection,2,2
Congenital Renal Infection 538,Congenital Renal Infection 538 affects related physiological systems and may present with characteristic symptom clusters.,1,1,2,Progressive condition needing monitoring,Inflammation complications,1,1
Inflammatory Renal Infection 539,Inflammatory Renal Infection 539 affects related physiological systems and may present with characteristic symptom clusters.,3,5,3,Chronic condition requiring long-term management,Metabolic imbalance,0,0
Metabolic Renal Infection 540,Metabolic Renal Infection 540 affects related physiological systems and may present with characteristic symptom clusters.,4,2,4,Potentially severe if untreated,Neurological complications,2,3
Acute Hepatic Infection 541,Acute Hepatic Infection 541 affects related physiological systems and may present with characteristic symptom clusters.,0,7,1,Acute onset may resolve with care,Organ dysfunction,1,2
Chronic Hepatic Infection 542,Chronic Hepatic Infection 542 affects related physiological systems and may present with characteristic symptom clusters.,6,3,2,Progressive condition needing monitoring,Secondary infection,0,1
Autoimmune Hepatic Infection 543,Autoimmune Hepatic Infection 543 affects related physiological systems and may present with characteristic symptom clusters.,5,6,3,Chronic condition requiring long-term management,Inflammation complications,2,0
Idiopathic Hepatic Infection 544,Idiopathic Hepatic Infection 544 affects related physiological systems and may present with characteristic symptom clusters.,2,0,4,Potentially severe if untreated,Metabolic imbalance,1,3
Primary Hepatic Infection 545,Primary Hepatic Infection 545 affects related physiological systems and may present with characteristic symptom clusters.,7,4,1,Acute onset may resolve with care,Neurological complications,0,2
Secondary Hepatic Infection 546,Secondary Hepatic Infection 546 affects related physiological systems and may present with characteristic symptom clusters.,1,1,2,Progressive condition needing monitoring,Organ dysfunction,2,1
Progressive Hepatic Infection 547,Progressive Hepatic Infection 547 affects related physiological systems and may present with characteristic symptom clusters.,3,5,3,Chronic condition requiring long-term management,Secondary infection,1,0
Congenital Hepatic Infection 548,Congenital Hepatic Infection 548 affects related physiological systems and may present with characteristic symptom clusters.,4,2,4,Potentially severe if untreated,Inflammation complications,0,3
Inflammatory Hepatic Infection 549,Inflammatory Hepatic Infection 549 affects related physiological systems and may present with characteristic symptom clusters.,0,7,1,Acute onset may resolve with care,Metabolic imbalance,2,2
Metabolic Hepatic Infection 550,Metabolic Hepatic Infection 550 affects related physiological systems and may present with characteristic symptom clusters.,6,3,2,Progressive condition needing monitoring,Neurological complications,1,1
Acute Endocrine Infection 551,Acute Endocrine Infection 551 affects related physiological systems and may present with characteristic symptom clusters.,5,6,3,Chronic condition requiring long-term management,Organ dysfunction,0,0
Chronic Endocrine Infection 552,Chronic Endocrine Infection 552 affects related physiological systems and may present with characteristic symptom clusters.,2,0,4,Potentially severe if untreated,Secondary infection,2,3
Autoimmune Endocrine Infection 553,Autoimmune Endocrine Infection 553 affects related physiological systems and may present with characteristic symptom clusters.,7,4,1,Acute onset may resolve with care,Inflammation complications,1,2
Idiopathic Endocrine Infection 554,Idiopathic Endocrine Infection 554 affects related physiological systems and may present with characteristic symptom clusters.,1,1,2,Progressive condition needing monitoring,Metabolic imbalance,0,1
Primary Endocrine Infection 555,Primary Endocrine Infection 555 affects related physiological systems and may present with characteristic symptom clusters.,3,5,3,Chronic condition requiring long-term management,Neurological complications,2,0
Secondary Endocrine Infection 556,Secondary Endocrine Infection 556 affects related physiological systems and may present with characteristic symptom clusters.,4,2,4,Potentially severe if untreated,Organ dysfunction,1,3
Progressive Endocrine Infection 557,Progressive Endocrine Infection 557 affects related physiological systems and may present with characteristic symptom clusters.,0,7,1,Acute onset may resolve with care,Secondary infection,0,2
Congenital Endocrine Infection 558,Congenital Endocrine Infection 558 affects related physiological systems and may present with characteristic symptom clusters.,6,3,2,Progressive condition needing monitoring,Inflammation complications,2,1
Inflammatory Endocrine Infection 559,Inflammatory Endocrine Infection 559 affects related physiological systems and may present with characteristic symptom clusters.,5,6,3,Chronic condition requiring long-term management,Metabolic imbalance,1,0
Metabolic Endocrine Infection 560,Metabolic Endocrine Infection 560 affects related physiological systems and may present with characteristic symptom clusters.,2,0,4,Potentially severe if untreated,Neurological complications,0,3
Acute Gastro Infection 561,Acute Gastro Infection 561 affects related physiological systems and may present with characteristic symptom clusters.,7,4,1,Acute onset may resolve with care,Organ dysfunction,2,2
Chronic Gastro Infection 562,Chronic Gastro Infection 562 affects related physiological systems and may present with characteristic symptom clusters.,1,1,2,Progressive condition needing monitoring,Secondary infection,1,1
Autoimmune Gastro Infection 563,Autoimmune Gastro Infection 563 affects related physiological systems and may present with characteristic symptom clusters.,3,5,3,Chronic condition requiring long-term management,Inflammation complications,0,0
Idiopathic Gastro Infection 564,Idiopathic Gastro Infection 564 affects related physiological systems and may present with characteristic symptom clusters.,4,2,4,Potentially severe if untreated,Metabolic imbalance,2,3
Primary Gastro Infection 565,Primary Gastro Infection 565 affects related physiological systems and may present with characteristic symptom clusters.,0,7,1,Acute onset may resolve with care,Neurological complications,1,2
Secondary Gastro Infection 566,Secondary Gastro Infection 566 affects related physiological systems and may present with characteristic symptom clusters.,6,3,2,Progressive condition needing monitoring,Organ dysfunction,0,1
Progressive Gastro Infection 567,Progressive Gastro Infection 567 affects related physiological systems and may present with characteristic symptom clusters.,5,6,3,Chronic condition requiring long-term management,Secondary infection,2,0
Congenital Gastro Infection 568,Congenital Gastro Infection 568 affects related physiological systems and may present with characteristic symptom clusters.,2,0,4,Potentially severe if untreated,Inflammation complications,1,3
Inflammatory Gastro Infection 569,Inflammatory Gastro Infection 569 affects related physiological systems and may present with characteristic symptom clusters.,7,4,1,Acute onset may resolve with care,Metabolic imbalance,0,2
Metabolic Gastro Infection 570,Metabolic Gastro Infection 570 affects related physiological systems and may present with characteristic symptom clusters.,1,1,2,Progressive condition needing monitoring,Neurological complications,2,1
Acute Dermatologic Infection 571,Acute Dermatologic Infection 571 affects related physiological systems and may present with characteristic symptom clusters.,3,5,3,Chronic condition requiring long-term management,Organ dysfunction,1,0
Chronic Dermatologic Infection 572,Chronic Dermatologic Infection 572 affects related physiological systems and may present with characteristic symptom clusters.,4,2,4,Potentially severe if untreated,Secondary infection,0,3
Autoimmune Dermatologic Infection 573,Autoimmune Dermatologic Infection 573 affects related physiological systems and may present with characteristic symptom clusters.,0,7,1,Acute onset may resolve with care,Inflammation complications,2,2
Idiopathic Dermatologic Infection 574,Idiopathic Dermatologic Infection 574 affects related physiological systems and may present with characteristic symptom clusters.,6,3,2,Progressive condition needing monitoring,Metabolic imbalance,1,1
Primary Dermatologic Infection 575,Primary Dermatologic Infection 575 affects related physiological systems and may present with characteristic symptom clusters.,5,6,3,Chronic condition requiring long-term management,Neurological complications,0,0
Secondary Dermatologic Infection 576,Secondary Dermatologic Infection 576 affects related physiological systems and may present with characteristic symptom clusters.,2,0,4,Potentially severe if untreated,Organ dysfunction,2,3
Progressive Dermatologic Infection 577,Progressive Dermatologic Infection 577 affects related physiological systems and may present with characteristic symptom clusters.,7,4,1,Acute onset may resolve with care,Secondary infection,1,2
Congenital Dermatologic Infection 578,Congenital Dermatologic Infection 578 affects related physiological systems and may present with characteristic symptom clusters.,1,1,2,Progressive condition needing monitoring,Inflammation complications,0,1
Inflammatory Dermatologic Infection 579,Inflammatory Dermatologic Infection 579 affects related physiological systems and may present with characteristic symptom clusters.,3,5,3,Chronic condition requiring long-term management,Metabolic imbalance,2,0
Metabolic Dermatologic Infection 580,Metabolic Dermatologic Infection 580 affects related physiological systems and may present with characteristic symptom clusters.,4,2,4,Potentially severe if untreated,Neurological complications,1,3
Acute Hematologic Infection 581,Acute Hematologic Infection 581 affects related physiological systems and may present with characteristic symptom clusters.,0,7,1,Acute onset may resolve with care,Organ dysfunction,0,2
Chronic Hematologic Infection 582,Chronic Hematologic Infection 582 affects related physiological systems and may present with characteristic symptom clusters.,6,3,2,Progressive condition needing monitoring,Secondary infection,2,1
Autoimmune Hematologic Infection 583,Autoimmune Hematologic Infection 583 affects related physiological systems and may present with characteristic symptom clusters.,5,6,3,Chronic condition requiring long-term management,Inflammation complications,1,0
Idiopathic Hematologic Infection 584,Idiopathic Hematologic Infection 584 affects related physiological systems and may present with characteristic symptom clusters.,2,0,4,Potentially severe if untreated,Metabolic imbalance,0,3
Primary Hematologic Infection 585,Primary Hematologic Infection 585 affects related physiological systems and may present with characteristic symptom clusters.,7,4,1,Acute onset may resolve with care,Neurological complications,2,2
Secondary Hematologic Infection 586,Secondary Hematologic Infection 586 affects related physiological systems and may present with characteristic symptom clusters.,1,1,2,Progressive condition needing monitoring,Organ dysfunction,1,1
Progressive Hematologic Infection 587,Progressive Hematologic Infection 587 affects related physiological systems and may present with characteristic symptom clusters.,3,5,3,Chronic condition requiring long-term management,Secondary infection,0,0
Congenital Hematologic Infection 588,Congenital Hematologic Infection 588 affects related physiological systems and may present with characteristic symptom clusters.,4,2,4,Potentially severe if untreated,Inflammation complications,2,3
Inflammatory Hematologic Infection 589,Inflammatory Hematologic Infection 589 affects related physiological systems and may present with characteristic symptom clusters.,0,7,1,Acute onset may resolve with care,Metabolic imbalance,1,2
Metabolic Hematologic Infection 590,Metabolic Hematologic Infection 590 affects related physiological systems and may present with characteristic symptom clusters.,6,3,2,Progressive condition needing monitoring,Neurological complications,0,1
Acute Musculoskeletal Infection 591,Acute Musculoskeletal Infection 591 affects related physiological systems and may present with characteristic symptom clusters.,5,6,3,Chronic condition requiring long-term management,Organ dysfunction,2,0
Chronic Musculoskeletal Infection 592,Chronic Musculoskeletal Infection 592 affects related physiological systems and may present with characteristic symptom clusters.,2,0,4,Potentially severe if untreated,Secondary infection,1,3
Autoimmune Musculoskeletal Infection 593,Autoimmune Musculoskeletal Infection 593 affects related physiological systems and may present with characteristic symptom clusters.,7,4,1,Acute onset may resolve with care,Inflammation complications,0,2
Idiopathic Musculoskeletal Infection 594,Idiopathic Musculoskeletal Infection 594 affects related physiological systems and may present with characteristic symptom clusters.,1,1,2,Progressive condition needing monitoring,Metabolic imbalance,2,1
Primary Musculoskeletal Infection 595,Primary Musculoskeletal Infection 595 affects related physiological systems and may present with characteristic symptom clusters.,3,5,3,Chronic condition requiring long-term management,Neurological complications,1,0
Secondary Musculoskeletal Infection 596,Secondary Musculoskeletal Infection 596 affects related physiological systems and may present with characteristic symptom clusters.,4,2,4,Potentially severe if untreated,Organ dysfunction,0,3
Progressive Musculoskeletal Infection 597,Progressive Musculoskeletal Infection 597 affects related physiological systems and may present with characteristic symptom clusters.,0,7,1,Acute onset may resolve with care,Secondary infection,2,2
Congenital Musculoskeletal Infection 598,Congenital Musculoskeletal Infection 598 affects related physiological systems and may present with characteristic symptom clusters.,6,3,2,Progressive condition needing monitoring,Inflammation complications,1,1
Inflammatory Musculoskeletal Infection 599,Inflammatory Musculoskeletal Infection 599 affects related physiological systems and may present with characteristic symptom clusters.,5,6,3,Chronic condition requiring long-term management,Metabolic imbalance,0,0
Metabolic Musculoskeletal Infection 600,Metabolic Musculoskeletal Infection 600 affects related physiological systems and may present with characteristic symptom clusters.,2,0,4,Potentially severe if untreated,Neurological complications,2,3
Acute Respiratory Deficiency 601,Acute Respiratory Deficiency 601 affects related physiological systems and may present with characteristic symptom clusters.,7,4,1,Acute onset may resolve with care,Organ dysfunction,1,2
Chronic Respiratory Deficiency 602,Chronic Respiratory Deficiency 602 affects related physiological systems and may present with characteristic symptom clusters.,1,1,2,Progressive condition needing monitoring,Secondary infection,0,1
Autoimmune Respiratory Deficiency 603,Autoimmune Respiratory Deficiency 603 affects related physiological systems and may present with characteristic symptom clusters.,3,5,3,Chronic condition requiring long-term management,Inflammation complications,2,0
Idiopathic Respiratory Deficiency 604,Idiopathic Respiratory Deficiency 604 affects related physiological systems and may present with characteristic symptom clusters.,4,2,4,Potentially severe if untreated,Metabolic imbalance,1,3
Primary Respiratory Deficiency 605,Primary Respiratory Deficiency 605 affects related physiological systems and may present with characteristic symptom clusters.,0,7,1,Acute onset may resolve with care,Neurological complications,0,2
Secondary Respiratory Deficiency 606,Secondary Respiratory Deficiency 606 affects related physiological systems and may present with characteristic symptom clusters.,6,3,2,Progressive condition needing monitoring,Organ dysfunction,2,1
Progressive Respiratory Deficiency 607,Progressive Respiratory Deficiency 607 affects related physiological systems and may present with characteristic symptom clusters.,5,6,3,Chronic condition requiring long-term management,Secondary infection,1,0
Congenital Respiratory Deficiency 608,Congenital Respiratory Deficiency 608 affects related physiological systems and may present with characteristic symptom clusters.,2,0,4,Potentially severe if untreated,Inflammation complications,0,3
Inflammatory Respiratory Deficiency 609,Inflammatory Respiratory Deficiency 609 affects related physiological systems and may present with characteristic symptom clusters.,7,4,1,Acute onset may resolve with care,Metabolic imbalance,2,2
Metabolic Respiratory Deficiency 610,Metabolic Respiratory Deficiency 610 affects related physiological systems and may present with characteristic symptom clusters.,1,1,2,Progressive condition needing monitoring,Neurological complications,1,1
Acute Cardiac Deficiency 611,Acute Cardiac Deficiency 611 affects related physiological systems and may present with characteristic symptom clusters.,3,5,3,Chronic condition requiring long-term management,Organ dysfunction,0,0
Chronic Cardiac Deficiency 612,Chronic Cardiac Deficiency 612 affects related physiological systems and may present with characteristic symptom clusters.,4,2,4,Potentially severe if untreated,Secondary infection,2,3
Autoimmune Cardiac Deficiency 613,Autoimmune Cardiac Deficiency 613 affects related physiological systems and may present with characteristic symptom clusters.,0,7,1,Acute onset may resolve with care,Inflammation complications,1,2
Idiopathic Cardiac Deficiency 614,Idiopathic Cardiac Deficiency 614 affects related physiological systems and may present with characteristic symptom clusters.,6,3,2,Progressive condition needing monitoring,Metabolic imbalance,0,1
Primary Cardiac Deficiency 615,Primary Cardiac Deficiency 615 affects related physiological systems and may present with characteristic symptom clusters.,5,6,3,Chronic condition requiring long-term management,Neurological complications,2,0
Secondary Cardiac Deficiency 616,Secondary Cardiac Deficiency 616 affects related physiological systems and may present with characteristic symptom clusters.,2,0,4,Potentially severe if untreated,Organ dysfunction,1,3
Progressive Cardiac Deficiency 617,Progressive Cardiac Deficiency 617 affects related physiological systems and may present with characteristic symptom clusters.,7,4,1,Acute onset may resolve with care,Secondary infection,0,2
Congenital Cardiac Deficiency 618,Congenital Cardiac Deficiency 618 affects related physiological systems and may present with characteristic symptom clusters.,1,1,2,Progressive condition needing monitoring,Inflammation complications,2,1
Inflammatory Cardiac Deficiency 619,Inflammatory Cardiac Deficiency 619 affects related physiological systems and may present with characteristic symptom clusters.,3,5,3,Chronic condition requiring long-term management,Metabolic imbalance,1,0
Metabolic Cardiac Deficiency 620,Metabolic Cardiac Deficiency 620 affects related physiological systems and may present with characteristic symptom clusters.,4,2,4,Potentially severe if untreated,Neurological complications,0,3
Acute Neurological Deficiency 621,Acute Neurological Deficiency 621 affects related physiological systems and may present with characteristic symptom clusters.,0,7,1,Acute onset may resolve with care,Organ dysfunction,2,2
Chronic Neurological Deficiency 622,Chronic Neurological Deficiency 622 affects related physiological systems and may present with characteristic symptom clusters.,6,3,2,Progressive condition needing monitoring,Secondary infection,1,1
Autoimmune Neurological Deficiency 623,Autoimmune Neurological Deficiency 623 affects related physiological systems and may present with characteristic symptom clusters.,5,6,3,Chronic condition requiring long-term management,Inflammation complications,0,0
Idiopathic Neurological Deficiency 624,Idiopathic Neurological Deficiency 624 affects related physiological systems and may present with characteristic symptom clusters.,2,0,4,Potentially severe if untreated,Metabolic imbalance,2,3
Primary Neurological Deficiency 625,Primary Neurological Deficiency 625 affects related physiological systems and may present with characteristic symptom clusters.,7,4,1,Acute onset may resolve with care,Neurological complications,1,2
Secondary Neurological Deficiency 626,Secondary Neurological Deficiency 626 affects related physiological systems and may present with characteristic symptom clusters.,1,1,2,Progressive condition needing monitoring,Organ dysfunction,0,1
Progressive Neurological Deficiency 627,Progressive Neurological Deficiency 627 affects related physiological systems and may present with characteristic symptom clusters.,3,5,3,Chronic condition requiring long-term management,Secondary infection,2,0
Congenital Neurological Deficiency 628,Congenital Neurological Deficiency 628 affects related physiological systems and may present with characteristic symptom clusters.,4,2,4,Potentially severe if untreated,Inflammation complications,1,3
Inflammatory Neurological Deficiency 629,Inflammatory Neurological Deficiency 629 affects related physiological systems and may present with characteristic symptom clusters.,0,7,1,Acute onset may resolve with care,Metabolic imbalance,0,2
Metabolic Neurological Deficiency 630,Metabolic Neurological Deficiency 630 affects related physiological systems and may present with characteristic symptom clusters.,6,3,2,Progressive condition needing monitoring,Neurological complications,2,1
Acute Renal Deficiency 631,Acute Renal Deficiency 631 affects related physiological systems and may present with characteristic symptom clusters.,5,6,3,Chronic condition requiring long-term management,Organ dysfunction,1,0
Chronic Renal Deficiency 632,Chronic Renal Deficiency 632 affects related physiological systems and may present with characteristic symptom clusters.,2,0,4,Potentially severe if untreated,Secondary infection,0,3
Autoimmune Renal Deficiency 633,Autoimmune Renal Deficiency 633 affects related physiological systems and may present with characteristic symptom clusters.,7,4,1,Acute onset may resolve with care,Inflammation complications,2,2
Idiopathic Renal Deficiency 634,Idiopathic Renal Deficiency 634 affects related physiological systems and may present with characteristic symptom clusters.,1,1,2,Progressive condition needing monitoring,Metabolic imbalance,1,1
Primary Renal Deficiency 635,Primary Renal Deficiency 635 affects related physiological systems and may present with characteristic symptom clusters.,3,5,3,Chronic condition requiring long-term management,Neurological complications,0,0
Secondary Renal Deficiency 636,Secondary Renal Deficiency 636 affects related physiological systems and may present with characteristic symptom clusters.,4,2,4,Potentially severe if untreated,Organ dysfunction,2,3
Progressive Renal Deficiency 637,Progressive Renal Deficiency 637 affects related physiological systems and may present with characteristic symptom clusters.,0,7,1,Acute onset may resolve with care,Secondary infection,1,2
Congenital Renal Deficiency 638,Congenital Renal Deficiency 638 affects related physiological systems and may present with characteristic symptom clusters.,6,3,2,Progressive condition needing monitoring,Inflammation complications,0,1
Inflammatory Renal Deficiency 639,Inflammatory Renal Deficiency 639 affects related physiological systems and may present with characteristic symptom clusters.,5,6,3,Chronic condition requiring long-term management,Metabolic imbalance,2,0
Metabolic Renal Deficiency 640,Metabolic Renal Deficiency 640 affects related physiological systems and may present with characteristic symptom clusters.,2,0,4,Potentially severe if untreated,Neurological complications,1,3
Acute Hepatic Deficiency 641,Acute Hepatic Deficiency 641 affects related physiological systems and may present with characteristic symptom clusters.,7,4,1,Acute onset may resolve with care,Organ dysfunction,0,2
Chronic Hepatic Deficiency 642,Chronic Hepatic Deficiency 642 affects related physiological systems and may present with characteristic symptom clusters.,1,1,2,Progressive condition needing monitoring,Secondary infection,2,1
Autoimmune Hepatic Deficiency 643,Autoimmune Hepatic Deficiency 643 affects related physiological systems and may present with characteristic symptom clusters.,3,5,3,Chronic condition requiring long-term management,Inflammation complications,1,0
Idiopathic Hepatic Deficiency 644,Idiopathic Hepatic Deficiency 644 affects related physiological systems and may present with characteristic symptom clusters.,4,2,4,Potentially severe if untreated,Metabolic imbalance,0,3
Primary Hepatic Deficiency 645,Primary Hepatic Deficiency 645 affects related physiological systems and may present with characteristic symptom clusters.,0,7,1,Acute onset may resolve with care,Neurological complications,2,2
Secondary Hepatic Deficiency 646,Secondary Hepatic Deficiency 646 affects related physiological systems and may present with characteristic symptom clusters.,6,3,2,Progressive condition needing monitoring,Organ dysfunction,1,1
Progressive Hepatic Deficiency 647,Progressive Hepatic Deficiency 647 affects related physiological systems and may present with characteristic symptom clusters.,5,6,3,Chronic condition requiring long-term management,Secondary infection,0,0
Congenital Hepatic Deficiency 648,Congenital Hepatic Deficiency 648 affects related physiological systems and may present with characteristic symptom clusters.,2,0,4,Potentially severe if untreated,Inflammation complications,2,3
Inflammatory Hepatic Deficiency 649,Inflammatory Hepatic Deficiency 649 affects related physiological systems and may present with characteristic symptom clusters.,7,4,1,Acute onset may resolve with care,Metabolic imbalance,1,2
Metabolic Hepatic Deficiency 650,Metabolic Hepatic Deficiency 650 affects related physiological systems and may present with characteristic symptom clusters.,1,1,2,Progressive condition needing monitoring,Neurological complications,0,1
Acute Endocrine Deficiency 651,Acute Endocrine Deficiency 651 affects related physiological systems and may present with characteristic symptom clusters.,3,5,3,Chronic condition requiring long-term management,Organ dysfunction,2,0
Chronic Endocrine Deficiency 652,Chronic Endocrine Deficiency 652 affects related physiological systems and may present with characteristic symptom clusters.,4,2,4,Potentially severe if untreated,Secondary infection,1,3
Autoimmune Endocrine Deficiency 653,Autoimmune Endocrine Deficiency 653 affects related physiological systems and may present with characteristic symptom clusters.,0,7,1,Acute onset may resolve with care,Inflammation complications,0,2
Idiopathic Endocrine Deficiency 654,Idiopathic Endocrine Deficiency 654 affects related physiological systems and may present with characteristic symptom clusters.,6,3,2,Progressive condition needing monitoring,Metabolic imbalance,2,1
Primary Endocrine Deficiency 655,Primary Endocrine Deficiency 655 affects related physiological systems and may present with characteristic symptom clusters.,5,6,3,Chronic condition requiring long-term management,Neurological complications,1,0
Secondary Endocrine Deficiency 656,Secondary Endocrine Deficiency 656 affects related physiological systems and may present with characteristic symptom clusters.,2,0,4,Potentially severe if untreated,Organ dysfunction,0,3
Progressive Endocrine Deficiency 657,Progressive Endocrine Deficiency 657 affects related physiological systems and may present with characteristic symptom clusters.,7,4,1,Acute onset may resolve with care,Secondary infection,2,2
Congenital Endocrine Deficiency 658,Congenital Endocrine Deficiency 658 affects related physiological systems and may present with characteristic symptom clusters.,1,1,2,Progressive condition needing monitoring,Inflammation complications,1,1
Inflammatory Endocrine Deficiency 659,Inflammatory Endocrine Deficiency 659 affects related physiological systems and may present with characteristic symptom clusters.,3,5,3,Chronic condition requiring long-term management,Metabolic imbalance,0,0
Metabolic Endocrine Deficiency 660,Metabolic Endocrine Deficiency 660 affects related physiological systems and may present with characteristic symptom clusters.,4,2,4,Potentially severe if untreated,Neurological complications,2,3
Acute Gastro Deficiency 661,Acute Gastro Deficiency 661 affects related physiological systems and may present with characteristic symptom clusters.,0,7,1,Acute onset may resolve with care,Organ dysfunction,1,2
Chronic Gastro Deficiency 662,Chronic Gastro Deficiency 662 affects related physiological systems and may present with characteristic symptom clusters.,6,3,2,Progressive condition needing monitoring,Secondary infection,0,1
Autoimmune Gastro Deficiency 663,Autoimmune Gastro Deficiency 663 affects related physiological systems and may present with characteristic symptom clusters.,5,6,3,Chronic condition requiring long-term management,Inflammation complications,2,0
Idiopathic Gastro Deficiency 664,Idiopathic Gastro Deficiency 664 affects related physiological systems and may present with characteristic symptom clusters.,2,0,4,Potentially severe if untreated,Metabolic imbalance,1,3
Primary Gastro Deficiency 665,Primary Gastro Deficiency 665 affects related physiological systems and may present with characteristic symptom clusters.,7,4,1,Acute onset may resolve with care,Neurological complications,0,2
Secondary Gastro Deficiency 666,Secondary Gastro Deficiency 666 affects related physiological systems and may present with characteristic symptom clusters.,1,1,2,Progressive condition needing monitoring,Organ dysfunction,2,1
Progressive Gastro Deficiency 667,Progressive Gastro Deficiency 667 affects related physiological systems and may present with characteristic symptom clusters.,3,5,3,Chronic condition requiring long-term management,Secondary infection,1,0
Congenital Gastro Deficiency 668,Congenital Gastro Deficiency 668 affects related physiological systems and may present with characteristic symptom clusters.,4,2,4,Potentially severe if untreated,Inflammation complications,0,3
Inflammatory Gastro Deficiency 669,Inflammatory Gastro Deficiency 669 affects related physiological systems and may present with characteristic symptom clusters.,0,7,1,Acute onset may resolve with care,Metabolic imbalance,2,2
Metabolic Gastro Deficiency 670,Metabolic Gastro Deficiency 670 affects related physiological systems and may present with characteristic symptom clusters.,6,3,2,Progressive condition needing monitoring,Neurological complications,1,1
Acute Dermatologic Deficiency 671,Acute Dermatologic Deficiency 671 affects related physiological systems and may present with characteristic symptom clusters.,5,6,3,Chronic condition requiring long-term management,Organ dysfunction,0,0
Chronic Dermatologic Deficiency 672,Chronic Dermatologic Deficiency 672 affects related physiological systems and may present with characteristic symptom clusters.,2,0,4,Potentially severe if untreated,Secondary infection,2,3
Autoimmune Dermatologic Deficiency 673,Autoimmune Dermatologic Deficiency 673 affects related physiological systems and may present with characteristic symptom clusters.,7,4,1,Acute onset may resolve with care,Inflammation complications,1,2
Idiopathic Dermatologic Deficiency 674,Idiopathic Dermatologic Deficiency 674 affects related physiological systems and may present with characteristic symptom clusters.,1,1,2,Progressive condition needing monitoring,Metabolic imbalance,0,1
Primary Dermatologic Deficiency 675,Primary Dermatologic Deficiency 675 affects related physiological systems and may present with characteristic symptom clusters.,3,5,3,Chronic condition requiring long-term management,Neurological complications,2,0
Secondary Dermatologic Deficiency 676,Secondary Dermatologic Deficiency 676 affects related physiological systems and may present with characteristic symptom clusters.,4,2,4,Potentially severe if untreated,Organ dysfunction,1,3
Progressive Dermatologic Deficiency 677,Progressive Dermatologic Deficiency 677 affects related physiological systems and may present with characteristic symptom clusters.,0,7,1,Acute onset may resolve with care,Secondary infection,0,2
Congenital Dermatologic Deficiency 678,Congenital Dermatologic Deficiency 678 affects related physiological systems and may present with characteristic symptom clusters.,6,3,2,Progressive condition needing monitoring,Inflammation complications,2,1
Inflammatory Dermatologic Deficiency 679,Inflammatory Dermatologic Deficiency 679 affects related physiological systems and may present with characteristic symptom clusters.,5,6,3,Chronic condition requiring long-term management,Metabolic imbalance,1,0
Metabolic Dermatologic Deficiency 680,Metabolic Dermatologic Deficiency 680 affects related physiological systems and may present with characteristic symptom clusters.,2,0,4,Potentially severe if untreated,Neurological complications,0,3
Acute Hematologic Deficiency 681,Acute Hematologic Deficiency 681 affects related physiological systems and may present with characteristic symptom clusters.,7,4,1,Acute onset may resolve with care,Organ dysfunction,2,2
Chronic Hematologic Deficiency 682,Chronic Hematologic Deficiency 682 affects related physiological systems and may present with characteristic symptom clusters.,1,1,2,Progressive condition needing monitoring,Secondary infection,1,1
Autoimmune Hematologic Deficiency 683,Autoimmune Hematologic Deficiency 683 affects related physiological systems and may present with characteristic symptom clusters.,3,5,3,Chronic condition requiring long-term management,Inflammation complications,0,0
Idiopathic Hematologic Deficiency 684,Idiopathic Hematologic Deficiency 684 affects related physiological systems and may present with characteristic symptom clusters.,4,2,4,Potentially severe if untreated,Metabolic imbalance,2,3
Primary Hematologic Deficiency 685,Primary Hematologic Deficiency 685 affects related physiological systems and may present with characteristic symptom clusters.,0,7,1,Acute onset may resolve with care,Neurological complications,1,2
Secondary Hematologic Deficiency 686,Secondary Hematologic Deficiency 686 affects related physiological systems and may present with characteristic symptom clusters.,6,3,2,Progressive condition needing monitoring,Organ dysfunction,0,1
Progressive Hematologic Deficiency 687,Progressive Hematologic Deficiency 687 affects related physiological systems and may present with characteristic symptom clusters.,5,6,3,Chronic condition requiring long-term management,Secondary infection,2,0
Congenital Hematologic Deficiency 688,Congenital Hematologic Deficiency 688 affects related physiological systems and may present with characteristic symptom clusters.,2,0,4,Potentially severe if untreated,Inflammation complications,1,3
Inflammatory Hematologic Deficiency 689,Inflammatory Hematologic Deficiency 689 affects related physiological systems and may present with characteristic symptom clusters.,7,4,1,Acute onset may resolve with care,Metabolic imbalance,0,2
Metabolic Hematologic Deficiency 690,Metabolic Hematologic Deficiency 690 affects related physiological systems and may present with characteristic symptom clusters.,1,1,2,Progressive condition needing monitoring,Neurological complications,2,1
Acute Musculoskeletal Deficiency 691,Acute Musculoskeletal Deficiency 691 affects related physiological systems and may present with characteristic symptom clusters.,3,5,3,Chronic condition requiring long-term management,Organ dysfunction,1,0
Chronic Musculoskeletal Deficiency 692,Chronic Musculoskeletal Deficiency 692 affects related physiological systems and may present with characteristic symptom clusters.,4,2,4,Potentially severe if untreated,Secondary infection,0,3
Autoimmune Musculoskeletal Deficiency 693,Autoimmune Musculoskeletal Deficiency 693 affects related physiological systems and may present with characteristic symptom clusters.,0,7,1,Acute onset may resolve with care,Inflammation complications,2,2
Idiopathic Musculoskeletal Deficiency 694,Idiopathic Musculoskeletal Deficiency 694 affects related physiological systems and may present with characteristic symptom clusters.,6,3,2,Progressive condition needing monitoring,Metabolic imbalance,1,1
Primary Musculoskeletal Deficiency 695,Primary Musculoskeletal Deficiency 695 affects related physiological systems and may present with characteristic symptom clusters.,5,6,3,Chronic condition requiring long-term management,Neurological complications,0,0
Secondary Musculoskeletal Deficiency 696,Secondary Musculoskeletal Deficiency 696 affects related physiological systems and may present with characteristic symptom clusters.,2,0,4,Potentially severe if untreated,Organ dysfunction,2,3
Progressive Musculoskeletal Deficiency 697,Progressive Musculoskeletal Deficiency 697 affects related physiological systems and may present with characteristic symptom clusters.,7,4,1,Acute onset may resolve with care,Secondary infection,1,2
Congenital Musculoskeletal Deficiency 698,Congenital Musculoskeletal Deficiency 698 affects related physiological systems and may present with characteristic symptom clusters.,1,1,2,Progressive condition needing monitoring,Inflammation complications,0,1
Inflammatory Musculoskeletal Deficiency 699,Inflammatory Musculoskeletal Deficiency 699 affects related physiological systems and may present with characteristic symptom clusters.,3,5,3,Chronic condition requiring long-term management,Metabolic imbalance,2,0
Metabolic Musculoskeletal Deficiency 700,Metabolic Musculoskeletal Deficiency 700 affects related physiological systems and may present with characteristic symptom clusters.,4,2,4,Potentially severe if untreated,Neurological complications,1,3
Acute Respiratory Neuropathy 701,Acute Respiratory Neuropathy 701 affects related physiological systems and may present with characteristic symptom clusters.,0,7,1,Acute onset may resolve with care,Organ dysfunction,0,2
Chronic Respiratory Neuropathy 702,Chronic Respiratory Neuropathy 702 affects related physiological systems and may present with characteristic symptom clusters.,6,3,2,Progressive condition needing monitoring,Secondary infection,2,1
Autoimmune Respiratory Neuropathy 703,Autoimmune Respiratory Neuropathy 703 affects related physiological systems and may present with characteristic symptom clusters.,5,6,3,Chronic condition requiring long-term management,Inflammation complications,1,0
Idiopathic Respiratory Neuropathy 704,Idiopathic Respiratory Neuropathy 704 affects related physiological systems and may present with characteristic symptom clusters.,2,0,4,Potentially severe if untreated,Metabolic imbalance,0,3
Primary Respiratory Neuropathy 705,Primary Respiratory Neuropathy 705 affects related physiological systems and may present with characteristic symptom clusters.,7,4,1,Acute onset may resolve with care,Neurological complications,2,2
Secondary Respiratory Neuropathy 706,Secondary Respiratory Neuropathy 706 affects related physiological systems and may present with characteristic symptom clusters.,1,1,2,Progressive condition needing monitoring,Organ dysfunction,1,1
Progressive Respiratory Neuropathy 707,Progressive Respiratory Neuropathy 707 affects related physiological systems and may present with characteristic symptom clusters.,3,5,3,Chronic condition requiring long-term management,Secondary infection,0,0
Congenital Respiratory Neuropathy 708,Congenital Respiratory Neuropathy 708 affects related physiological systems and may present with characteristic symptom clusters.,4,2,4,Potentially severe if untreated,Inflammation complications,2,3
Inflammatory Respiratory Neuropathy 709,Inflammatory Respiratory Neuropathy 709 affects related physiological systems and may present with characteristic symptom clusters.,0,7,1,Acute onset may resolve with care,Metabolic imbalance,1,2
Metabolic Respiratory Neuropathy 710,Metabolic Respiratory Neuropathy 710 affects related physiological systems and may present with characteristic symptom clusters.,6,3,2,Progressive condition needing monitoring,Neurological complications,0,1
Acute Cardiac Neuropathy 711,Acute Cardiac Neuropathy 711 affects related physiological systems and may present with characteristic symptom clusters.,5,6,3,Chronic condition requiring long-term management,Organ dysfunction,2,0
Chronic Cardiac Neuropathy 712,Chronic Cardiac Neuropathy 712 affects related physiological systems and may present with characteristic symptom clusters.,2,0,4,Potentially severe if untreated,Secondary infection,1,3
Autoimmune Cardiac Neuropathy 713,Autoimmune Cardiac Neuropathy 713 affects related physiological systems and may present with characteristic symptom clusters.,7,4,1,Acute onset may resolve with care,Inflammation complications,0,2
Idiopathic Cardiac Neuropathy 714,Idiopathic Cardiac Neuropathy 714 affects related physiological systems and may present with characteristic symptom clusters.,1,1,2,Progressive condition needing monitoring,Metabolic imbalance,2,1
Primary Cardiac Neuropathy 715,Primary Cardiac Neuropathy 715 affects related physiological systems and may present with characteristic symptom clusters.,3,5,3,Chronic condition requiring long-term management,Neurological complications,1,0
Secondary Cardiac Neuropathy 716,Secondary Cardiac Neuropathy 716 affects related physiological systems and may present with characteristic symptom clusters.,4,2,4,Potentially severe if untreated,Organ dysfunction,0,3
Progressive Cardiac Neuropathy 717,Progressive Cardiac Neuropathy 717 affects related physiological systems and may present with characteristic symptom clusters.,0,7,1,Acute onset may resolve with care,Secondary infection,2,2
Congenital Cardiac Neuropathy 718,Congenital Cardiac Neuropathy 718 affects related physiological systems and may present with characteristic symptom clusters.,6,3,2,Progressive condition needing monitoring,Inflammation complications,1,1
Inflammatory Cardiac Neuropathy 719,Inflammatory Cardiac Neuropathy 719 affects related physiological systems and may present with characteristic symptom clusters.,5,6,3,Chronic condition requiring long-term management,Metabolic imbalance,0,0
Metabolic Cardiac Neuropathy 720,Metabolic Cardiac Neuropathy 720 affects related physiological systems and may present with characteristic symptom clusters.,2,0,4,Potentially severe if untreated,Neurological complications,2,3
Acute Neurological Neuropathy 721,Acute Neurological Neuropathy 721 affects related physiological systems and may present with characteristic symptom clusters.,7,4,1,Acute onset may resolve with care,Organ dysfunction,1,2
Chronic Neurological Neuropathy 722,Chronic Neurological Neuropathy 722 affects related physiological systems and may present with characteristic symptom clusters.,1,1,2,Progressive condition needing monitoring,Secondary infection,0,1
Autoimmune Neurological Neuropathy 723,Autoimmune Neurological Neuropathy 723 affects related physiological systems and may present with characteristic symptom clusters.,3,5,3,Chronic condition requiring long-term management,Inflammation complications,2,0
Idiopathic Neurological Neuropathy 724,Idiopathic Neurological Neuropathy 724 affects related physiological systems and may present with characteristic symptom clusters.,4,2,4,Potentially severe if untreated,Metabolic imbalance,1,3
Primary Neurological Neuropathy 725,Primary Neurological Neuropathy 725 affects related physiological systems and may present with characteristic symptom clusters.,0,7,1,Acute onset may resolve with care,Neurological complications,0,2
Secondary Neurological Neuropathy 726,Secondary Neurological Neuropathy 726 affects related physiological systems and may present with characteristic symptom clusters.,6,3,2,Progressive condition needing monitoring,Organ dysfunction,2,1
Progressive Neurological Neuropathy 727,Progressive Neurological Neuropathy 727 affects related physiological systems and may present with characteristic symptom clusters.,5,6,3,Chronic condition requiring long-term management,Secondary infection,1,0
Congenital Neurological Neuropathy 728,Congenital Neurological Neuropathy 728 affects related physiological systems and may present with characteristic symptom clusters.,2,0,4,Potentially severe if untreated,Inflammation complications,0,3
Inflammatory Neurological Neuropathy 729,Inflammatory Neurological Neuropathy 729 affects related physiological systems and may present with characteristic symptom clusters.,7,4,1,Acute onset may resolve with care,Metabolic imbalance,2,2
Metabolic Neurological Neuropathy 730,Metabolic Neurological Neuropathy 730 affects related physiological systems and may present with characteristic symptom clusters.,1,1,2,Progressive condition needing monitoring,Neurological complications,1,1
Acute Renal Neuropathy 731,Acute Renal Neuropathy 731 affects related physiological systems and may present with characteristic symptom clusters.,3,5,3,Chronic condition requiring long-term management,Organ dysfunction,0,0
Chronic Renal Neuropathy 732,Chronic Renal Neuropathy 732 affects related physiological systems and may present with characteristic symptom clusters.,4,2,4,Potentially severe if untreated,Secondary infection,2,3
Autoimmune Renal Neuropathy 733,Autoimmune Renal Neuropathy 733 affects related physiological systems and may present with characteristic symptom clusters.,0,7,1,Acute onset may resolve with care,Inflammation complications,1,2
Idiopathic Renal Neuropathy 734,Idiopathic Renal Neuropathy 734 affects related physiological systems and may present with characteristic symptom clusters.,6,3,2,Progressive condition needing monitoring,Metabolic imbalance,0,1
Primary Renal Neuropathy 735,Primary Renal Neuropathy 735 affects related physiological systems and may present with characteristic symptom clusters.,5,6,3,Chronic condition requiring long-term management,Neurological complications,2,0
Secondary Renal Neuropathy 736,Secondary Renal Neuropathy 736 affects related physiological systems and may present with characteristic symptom clusters.,2,0,4,Potentially severe if untreated,Organ dysfunction,1,3
Progressive Renal Neuropathy 737,Progressive Renal Neuropathy 737 affects related physiological systems and may present with characteristic symptom clusters.,7,4,1,Acute onset may resolve with care,Secondary infection,0,2
Congenital Renal Neuropathy 738,Congenital Renal Neuropathy 738 affects related physiological systems and may present with characteristic symptom clusters.,1,1,2,Progressive condition needing monitoring,Inflammation complications,2,1
Inflammatory Renal Neuropathy 739,Inflammatory Renal Neuropathy 739 affects related physiological systems and may present with characteristic symptom clusters.,3,5,3,Chronic condition requiring long-term management,Metabolic imbalance,1,0
Metabolic Renal Neuropathy 740,Metabolic Renal Neuropathy 740 affects related physiological systems and may present with characteristic symptom clusters.,4,2,4,Potentially severe if untreated,Neurological complications,0,3
Acute Hepatic Neuropathy 741,Acute Hepatic Neuropathy 741 affects related physiological systems and may present with characteristic symptom clusters.,0,7,1,Acute onset may resolve with care,Organ dysfunction,2,2
Chronic Hepatic Neuropathy 742,Chronic Hepatic Neuropathy 742 affects related physiological systems and may present with characteristic symptom clusters.,6,3,2,Progressive condition needing monitoring,Secondary infection,1,1
Autoimmune Hepatic Neuropathy 743,Autoimmune Hepatic Neuropathy 743 affects related physiological systems and may present with characteristic symptom clusters.,5,6,3,Chronic condition requiring long-term management,Inflammation complications,0,0
Idiopathic Hepatic Neuropathy 744,Idiopathic Hepatic Neuropathy 744 affects related physiological systems and may present with characteristic symptom clusters.,2,0,4,Potentially severe if untreated,Metabolic imbalance,2,3
Primary Hepatic Neuropathy 745,Primary Hepatic Neuropathy 745 affects related physiological systems and may present with characteristic symptom clusters.,7,4,1,Acute onset may resolve with care,Neurological complications,1,2
Secondary Hepatic Neuropathy 746,Secondary Hepatic Neuropathy 746 affects related physiological systems and may present with characteristic symptom clusters.,1,1,2,Progressive condition needing monitoring,Organ dysfunction,0,1
Progressive Hepatic Neuropathy 747,Progressive Hepatic Neuropathy 747 affects related physiological systems and may present with characteristic symptom clusters.,3,5,3,Chronic condition requiring long-term management,Secondary infection,2,0
Congenital Hepatic Neuropathy 748,Congenital Hepatic Neuropathy 748 affects related physiological systems and may present with characteristic symptom clusters.,4,2,4,Potentially severe if untreated,Inflammation complications,1,3
Inflammatory Hepatic Neuropathy 749,Inflammatory Hepatic Neuropathy 749 affects related physiological systems and may present with characteristic symptom clusters.,0,7,1,Acute onset may resolve with care,Metabolic imbalance,0,2
Metabolic Hepatic Neuropathy 750,Metabolic Hepatic Neuropathy 750 affects related physiological systems and may present with characteristic symptom clusters.,6,3,2,Progressive condition needing monitoring,Neurological complications,2,1
Acute Endocrine Neuropathy 751,Acute Endocrine Neuropathy 751 affects related physiological systems and may present with characteristic symptom clusters.,5,6,3,Chronic condition requiring long-term management,Organ dysfunction,1,0
Chronic Endocrine Neuropathy 752,Chronic Endocrine Neuropathy 752 affects related physiological systems and may present with characteristic symptom clusters.,2,0,4,Potentially severe if untreated,Secondary infection,0,3
Autoimmune Endocrine Neuropathy 753,Autoimmune Endocrine Neuropathy 753 affects related physiological systems and may present with characteristic symptom clusters.,7,4,1,Acute onset may resolve with care,Inflammation complications,2,2
Idiopathic Endocrine Neuropathy 754,Idiopathic Endocrine Neuropathy 754 affects related physiological systems and may present with characteristic symptom clusters.,1,1,2,Progressive condition needing monitoring,Metabolic imbalance,1,1
Primary Endocrine Neuropathy 755,Primary Endocrine Neuropathy 755 affects related physiological systems and may present with characteristic symptom clusters.,3,5,3,Chronic condition requiring long-term management,Neurological complications,0,0
Secondary Endocrine Neuropathy 756,Secondary Endocrine Neuropathy 756 affects related physiological systems and may present with characteristic symptom clusters.,4,2,4,Potentially severe if untreated,Organ dysfunction,2,3
Progressive Endocrine Neuropathy 757,Progressive Endocrine Neuropathy 757 affects related physiological systems and may present with characteristic symptom clusters.,0,7,1,Acute onset may resolve with care,Secondary infection,1,2
Congenital Endocrine Neuropathy 758,Congenital Endocrine Neuropathy 758 affects related physiological systems and may present with characteristic symptom clusters.,6,3,2,Progressive condition needing monitoring,Inflammation complications,0,1
Inflammatory Endocrine Neuropathy 759,Inflammatory Endocrine Neuropathy 759 affects related physiological systems and may present with characteristic symptom clusters.,5,6,3,Chronic condition requiring long-term management,Metabolic imbalance,2,0
Metabolic Endocrine Neuropathy 760,Metabolic Endocrine Neuropathy 760 affects related physiological systems and may present with characteristic symptom clusters.,2,0,4,Potentially severe if untreated,Neurological complications,1,3
Acute Gastro Neuropathy 761,Acute Gastro Neuropathy 761 affects related physiological systems and may present with characteristic symptom clusters.,7,4,1,Acute onset may resolve with care,Organ dysfunction,0,2
Chronic Gastro Neuropathy 762,Chronic Gastro Neuropathy 762 affects related physiological systems and may present with characteristic symptom clusters.,1,1,2,Progressive condition needing monitoring,Secondary infection,2,1
Autoimmune Gastro Neuropathy 763,Autoimmune Gastro Neuropathy 763 affects related physiological systems and may present with characteristic symptom clusters.,3,5,3,Chronic condition requiring long-term management,Inflammation complications,1,0
Idiopathic Gastro Neuropathy 764,Idiopathic Gastro Neuropathy 764 affects related physiological systems and may present with characteristic symptom clusters.,4,2,4,Potentially severe if untreated,Metabolic imbalance,0,3
Primary Gastro Neuropathy 765,Primary Gastro Neuropathy 765 affects related physiological systems and may present with characteristic symptom clusters.,0,7,1,Acute onset may resolve with care,Neurological complications,2,2
Secondary Gastro Neuropathy 766,Secondary Gastro Neuropathy 766 affects related physiological systems and may present with characteristic symptom clusters.,6,3,2,Progressive condition needing monitoring,Organ dysfunction,1,1
Progressive Gastro Neuropathy 767,Progressive Gastro Neuropathy 767 affects related physiological systems and may present with characteristic symptom clusters.,5,6,3,Chronic condition requiring long-term management,Secondary infection,0,0
Congenital Gastro Neuropathy 768,Congenital Gastro Neuropathy 768 affects related physiological systems and may present with characteristic symptom clusters.,2,0,4,Potentially severe if untreated,Inflammation complications,2,3
Inflammatory Gastro Neuropathy 769,Inflammatory Gastro Neuropathy 769 affects related physiological systems and may present with characteristic symptom clusters.,7,4,1,Acute onset may resolve with care,Metabolic imbalance,1,2
Metabolic Gastro Neuropathy 770,Metabolic Gastro Neuropathy 770 affects related physiological systems and may present with characteristic symptom clusters.,1,1,2,Progressive condition needing monitoring,Neurological complications,0,1
Acute Dermatologic Neuropathy 771,Acute Dermatologic Neuropathy 771 affects related physiological systems and may present with characteristic symptom clusters.,3,5,3,Chronic condition requiring long-term management,Organ dysfunction,2,0
Chronic Dermatologic Neuropathy 772,Chronic Dermatologic Neuropathy 772 affects related physiological systems and may present with characteristic symptom clusters.,4,2,4,Potentially severe if untreated,Secondary infection,1,3
Autoimmune Dermatologic Neuropathy 773,Autoimmune Dermatologic Neuropathy 773 affects related physiological systems and may present with characteristic symptom clusters.,0,7,1,Acute onset may resolve with care,Inflammation complications,0,2
Idiopathic Dermatologic Neuropathy 774,Idiopathic Dermatologic Neuropathy 774 affects related physiological systems and may present with characteristic symptom clusters.,6,3,2,Progressive condition needing monitoring,Metabolic imbalance,2,1
Primary Dermatologic Neuropathy 775,Primary Dermatologic Neuropathy 775 affects related physiological systems and may present with characteristic symptom clusters.,5,6,3,Chronic condition requiring long-term management,Neurological complications,1,0
Secondary Dermatologic Neuropathy 776,Secondary Dermatologic Neuropathy 776 affects related physiological systems and may present with characteristic symptom clusters.,2,0,4,Potentially severe if untreated,Organ dysfunction,0,3
Progressive Dermatologic Neuropathy 777,Progressive Dermatologic Neuropathy 777 affects related physiological systems and may present with characteristic symptom clusters.,7,4,1,Acute onset may resolve with care,Secondary infection,2,2
Congenital Dermatologic Neuropathy 778,Congenital Dermatologic Neuropathy 778 affects related physiological systems and may present with characteristic symptom clusters.,1,1,2,Progressive condition needing monitoring,Inflammation complications,1,1
Inflammatory Dermatologic Neuropathy 779,Inflammatory Dermatologic Neuropathy 779 affects related physiological systems and may present with characteristic symptom clusters.,3,5,3,Chronic condition requiring long-term management,Metabolic imbalance,0,0
Metabolic Dermatologic Neuropathy 780,Metabolic Dermatologic Neuropathy 780 affects related physiological systems and may present with characteristic symptom clusters.,4,2,4,Potentially severe if untreated,Neurological complications,2,3
Acute Hematologic Neuropathy 781,Acute Hematologic Neuropathy 781 affects related physiological systems and may present with characteristic symptom clusters.,0,7,1,Acute onset may resolve with care,Organ dysfunction,1,2
Chronic Hematologic Neuropathy 782,Chronic Hematologic Neuropathy 782 affects related physiological systems and may present with characteristic symptom clusters.,6,3,2,Progressive condition needing monitoring,Secondary infection,0,1
Autoimmune Hematologic Neuropathy 783,Autoimmune Hematologic Neuropathy 783 affects related physiological systems and may present with characteristic symptom clusters.,5,6,3,Chronic condition requiring long-term management,Inflammation complications,2,0
Idiopathic Hematologic Neuropathy 784,Idiopathic Hematologic Neuropathy 784 affects related physiological systems and may present with characteristic symptom clusters.,2,0,4,Potentially severe if untreated,Metabolic imbalance,1,3
Primary Hematologic Neuropathy 785,Primary Hematologic Neuropathy 785 affects related physiological systems and may present with characteristic symptom clusters.,7,4,1,Acute onset may resolve with care,Neurological complications,0,2
Secondary Hematologic Neuropathy 786,Secondary Hematologic Neuropathy 786 affects related physiological systems and may present with characteristic symptom clusters.,1,1,2,Progressive condition needing monitoring,Organ dysfunction,2,1
Progressive Hematologic Neuropathy 787,Progressive Hematologic Neuropathy 787 affects related physiological systems and may present with characteristic symptom clusters.,3,5,3,Chronic condition requiring long-term management,Secondary infection,1,0
Congenital Hematologic Neuropathy 788,Congenital Hematologic Neuropathy 788 affects related physiological systems and may present with characteristic symptom clusters.,4,2,4,Potentially severe if untreated,Inflammation complications,0,3
Inflammatory Hematologic Neuropathy 789,Inflammatory Hematologic Neuropathy 789 affects related physiological systems and may present with characteristic symptom clusters.,0,7,1,Acute onset may resolve with care,Metabolic imbalance,2,2
Metabolic Hematologic Neuropathy 790,Metabolic Hematologic Neuropathy 790 affects related physiological systems and may present with characteristic symptom clusters.,6,3,2,Progressive condition needing monitoring,Neurological complications,1,1
Acute Musculoskeletal Neuropathy 791,Acute Musculoskeletal Neuropathy 791 affects related physiological systems and may present with characteristic symptom clusters.,5,6,3,Chronic condition requiring long-term management,Organ dysfunction,0,0
Chronic Musculoskeletal Neuropathy 792,Chronic Musculoskeletal Neuropathy 792 affects related physiological systems and may present with characteristic symptom clusters.,2,0,4,Potentially severe if untreated,Secondary infection,2,3
Autoimmune Musculoskeletal Neuropathy 793,Autoimmune Musculoskeletal Neuropathy 793 affects related physiological systems and may present with characteristic symptom clusters.,7,4,1,Acute onset may resolve with care,Inflammation complications,1,2
Idiopathic Musculoskeletal Neuropathy 794,Idiopathic Musculoskeletal Neuropathy 794 affects related physiological systems and may present with characteristic symptom clusters.,1,1,2,Progressive condition needing monitoring,Metabolic imbalance,0,1
Primary Musculoskeletal Neuropathy 795,Primary Musculoskeletal Neuropathy 795 affects related physiological systems and may present with characteristic symptom clusters.,3,5,3,Chronic condition requiring long-term management,Neurological complications,2,0
Secondary Musculoskeletal Neuropathy 796,Secondary Musculoskeletal Neuropathy 796 affects related physiological systems and may present with characteristic symptom clusters.,4,2,4,Potentially severe if untreated,Organ dysfunction,1,3
Progressive Musculoskeletal Neuropathy 797,Progressive Musculoskeletal Neuropathy 797 affects related physiological systems and may present with characteristic symptom clusters.,0,7,1,Acute onset may resolve with care,Secondary infection,0,2
Congenital Musculoskeletal Neuropathy 798,Congenital Musculoskeletal Neuropathy 798 affects related physiological systems and may present with characteristic symptom clusters.,6,3,2,Progressive condition needing monitoring,Inflammation complications,2,1
Inflammatory Musculoskeletal Neuropathy 799,Inflammatory Musculoskeletal Neuropathy 799 affects related physiological systems and may present with characteristic symptom clusters.,5,6,3,Chronic condition requiring long-term management,Metabolic imbalance,1,0
Metabolic Musculoskeletal Neuropathy 800,Metabolic Musculoskeletal Neuropathy 800 affects related physiological systems and may present with characteristic symptom clusters.,2,0,4,Potentially severe if untreated,Neurological complications,0,3
Acute Respiratory Inflammation 801,Acute Respiratory Inflammation 801 affects related physiological systems and may present with characteristic symptom clusters.,7,4,1,Acute onset may resolve with care,Organ dysfunction,2,2
Chronic Respiratory Inflammation 802,Chronic Respiratory Inflammation 802 affects related physiological systems and may present with characteristic symptom clusters.,1,1,2,Progressive condition needing monitoring,Secondary infection,1,1
Autoimmune Respiratory Inflammation 803,Autoimmune Respiratory Inflammation 803 affects related physiological systems and may present with characteristic symptom clusters.,3,5,3,Chronic condition requiring long-term management,Inflammation complications,0,0
Idiopathic Respiratory Inflammation 804,Idiopathic Respiratory Inflammation 804 affects related physiological systems and may present with characteristic symptom clusters.,4,2,4,Potentially severe if untreated,Metabolic imbalance,2,3
Primary Respiratory Inflammation 805,Primary Respiratory Inflammation 805 affects related physiological systems and may present with characteristic symptom clusters.,0,7,1,Acute onset may resolve with care,Neurological complications,1,2
Secondary Respiratory Inflammation 806,Secondary Respiratory Inflammation 806 affects related physiological systems and may present with characteristic symptom clusters.,6,3,2,Progressive condition needing monitoring,Organ dysfunction,0,1
Progressive Respiratory Inflammation 807,Progressive Respiratory Inflammation 807 affects related physiological systems and may present with characteristic symptom clusters.,5,6,3,Chronic condition requiring long-term management,Secondary infection,2,0
Congenital Respiratory Inflammation 808,Congenital Respiratory Inflammation 808 affects related physiological systems and may present with characteristic symptom clusters.,2,0,4,Potentially severe if untreated,Inflammation complications,1,3
Inflammatory Respiratory Inflammation 809,Inflammatory Respiratory Inflammation 809 affects related physiological systems and may present with characteristic symptom clusters.,7,4,1,Acute onset may resolve with care,Metabolic imbalance,0,2
Metabolic Respiratory Inflammation 810,Metabolic Respiratory Inflammation 810 affects related physiological systems and may present with characteristic symptom clusters.,1,1,2,Progressive condition needing monitoring,Neurological complications,2,1
Acute Cardiac Inflammation 811,Acute Cardiac Inflammation 811 affects related physiological systems and may present with characteristic symptom clusters.,3,5,3,Chronic condition requiring long-term management,Organ dysfunction,1,0
Chronic Cardiac Inflammation 812,Chronic Cardiac Inflammation 812 affects related physiological systems and may present with characteristic symptom clusters.,4,2,4,Potentially severe if untreated,Secondary infection,0,3
Autoimmune Cardiac Inflammation 813,Autoimmune Cardiac Inflammation 813 affects related physiological systems and may present with characteristic symptom clusters.,0,7,1,Acute onset may resolve with care,Inflammation complications,2,2
Idiopathic Cardiac Inflammation 814,Idiopathic Cardiac Inflammation 814 affects related physiological systems and may present with characteristic symptom clusters.,6,3,2,Progressive condition needing monitoring,Metabolic imbalance,1,1
Primary Cardiac Inflammation 815,Primary Cardiac Inflammation 815 affects related physiological systems and may present with characteristic symptom clusters.,5,6,3,Chronic condition requiring long-term management,Neurological complications,0,0
Secondary Cardiac Inflammation 816,Secondary Cardiac Inflammation 816 affects related physiological systems and may present with characteristic symptom clusters.,2,0,4,Potentially severe if untreated,Organ dysfunction,2,3
Progressive Cardiac Inflammation 817,Progressive Cardiac Inflammation 817 affects related physiological systems and may present with characteristic symptom clusters.,7,4,1,Acute onset may resolve with care,Secondary infection,1,2
Congenital Cardiac Inflammation 818,Congenital Cardiac Inflammation 818 affects related physiological systems and may present with characteristic symptom clusters.,1,1,2,Progressive condition needing monitoring,Inflammation complications,0,1
Inflammatory Cardiac Inflammation 819,Inflammatory Cardiac Inflammation 819 affects related physiological systems and may present with characteristic symptom clusters.,3,5,3,Chronic condition requiring long-term management,Metabolic imbalance,2,0
Metabolic Cardiac Inflammation 820,Metabolic Cardiac Inflammation 820 affects related physiological systems and may present with characteristic symptom clusters.,4,2,4,Potentially severe if untreated,Neurological complications,1,3
Acute Neurological Inflammation 821,Acute Neurological Inflammation 821 affects related physiological systems and may present with characteristic symptom clusters.,0,7,1,Acute onset may resolve with care,Organ dysfunction,0,2
Chronic Neurological Inflammation 822,Chronic Neurological Inflammation 822 affects related physiological systems and may present with characteristic symptom clusters.,6,3,2,Progressive condition needing monitoring,Secondary infection,2,1
Autoimmune Neurological Inflammation 823,Autoimmune Neurological Inflammation 823 affects related physiological systems and may present with characteristic symptom clusters.,5,6,3,Chronic condition requiring long-term management,Inflammation complications,1,0
Idiopathic Neurological Inflammation 824,Idiopathic Neurological Inflammation 824 affects related physiological systems and may present with characteristic symptom clusters.,2,0,4,Potentially severe if untreated,Metabolic imbalance,0,3
Primary Neurological Inflammation 825,Primary Neurological Inflammation 825 affects related physiological systems and may present with characteristic symptom clusters.,7,4,1,Acute onset may resolve with care,Neurological complications,2,2
Secondary Neurological Inflammation 826,Secondary Neurological Inflammation 826 affects related physiological systems and may present with characteristic symptom clusters.,1,1,2,Progressive condition needing monitoring,Organ dysfunction,1,1
Progressive Neurological Inflammation 827,Progressive Neurological Inflammation 827 affects related physiological systems and may present with characteristic symptom clusters.,3,5,3,Chronic condition requiring long-term management,Secondary infection,0,0
Congenital Neurological Inflammation 828,Congenital Neurological Inflammation 828 affects related physiological systems and may present with characteristic symptom clusters.,4,2,4,Potentially severe if untreated,Inflammation complications,2,3
Inflammatory Neurological Inflammation 829,Inflammatory Neurological Inflammation 829 affects related physiological systems and may present with characteristic symptom clusters.,0,7,1,Acute onset may resolve with care,Metabolic imbalance,1,2
Metabolic Neurological Inflammation 830,Metabolic Neurological Inflammation 830 affects related physiological systems and may present with characteristic symptom clusters.,6,3,2,Progressive condition needing monitoring,Neurological complications,0,1
Acute Renal Inflammation 831,Acute Renal Inflammation 831 affects related physiological systems and may present with characteristic symptom clusters.,5,6,3,Chronic condition requiring long-term management,Organ dysfunction,2,0
Chronic Renal Inflammation 832,Chronic Renal Inflammation 832 affects related physiological systems and may present with characteristic symptom clusters.,2,0,4,Potentially severe if untreated,Secondary infection,1,3
Autoimmune Renal Inflammation 833,Autoimmune Renal Inflammation 833 affects related physiological systems and may present with characteristic symptom clusters.,7,4,1,Acute onset may resolve with care,Inflammation complications,0,2
Idiopathic Renal Inflammation 834,Idiopathic Renal Inflammation 834 affects related physiological systems and may present with characteristic symptom clusters.,1,1,2,Progressive condition needing monitoring,Metabolic imbalance,2,1
Primary Renal Inflammation 835,Primary Renal Inflammation 835 affects related physiological systems and may present with characteristic symptom clusters.,3,5,3,Chronic condition requiring long-term management,Neurological complications,1,0
Secondary Renal Inflammation 836,Secondary Renal Inflammation 836 affects related physiological systems and may present with characteristic symptom clusters.,4,2,4,Potentially severe if untreated,Organ dysfunction,0,3
Progressive Renal Inflammation 837,Progressive Renal Inflammation 837 affects related physiological systems and may present with characteristic symptom clusters.,0,7,1,Acute onset may resolve with care,Secondary infection,2,2
Congenital Renal Inflammation 838,Congenital Renal Inflammation 838 affects related physiological systems and may present with characteristic symptom clusters.,6,3,2,Progressive condition needing monitoring,Inflammation complications,1,1
Inflammatory Renal Inflammation 839,Inflammatory Renal Inflammation 839 affects related physiological systems and may present with characteristic symptom clusters.,5,6,3,Chronic condition requiring long-term management,Metabolic imbalance,0,0
Metabolic Renal Inflammation 840,Metabolic Renal Inflammation 840 affects related physiological systems and may present with characteristic symptom clusters.,2,0,4,Potentially severe if untreated,Neurological complications,2,3
Acute Hepatic Inflammation 841,Acute Hepatic Inflammation 841 affects related physiological systems and may present with characteristic symptom clusters.,7,4,1,Acute onset may resolve with care,Organ dysfunction,1,2
Chronic Hepatic Inflammation 842,Chronic Hepatic Inflammation 842 affects related physiological systems and may present with characteristic symptom clusters.,1,1,2,Progressive condition needing monitoring,Secondary infection,0,1
Autoimmune Hepatic Inflammation 843,Autoimmune Hepatic Inflammation 843 affects related physiological systems and may present with characteristic symptom clusters.,3,5,3,Chronic condition requiring long-term management,Inflammation complications,2,0
Idiopathic Hepatic Inflammation 844,Idiopathic Hepatic Inflammation 844 affects related physiological systems and may present with characteristic symptom clusters.,4,2,4,Potentially severe if untreated,Metabolic imbalance,1,3
Primary Hepatic Inflammation 845,Primary Hepatic Inflammation 845 affects related physiological systems and may present with characteristic symptom clusters.,0,7,1,Acute onset may resolve with care,Neurological complications,0,2
Secondary Hepatic Inflammation 846,Secondary Hepatic Inflammation 846 affects related physiological systems and may present with characteristic symptom clusters.,6,3,2,Progressive condition needing monitoring,Organ dysfunction,2,1
Progressive Hepatic Inflammation 847,Progressive Hepatic Inflammation 847 affects related physiological systems and may present with characteristic symptom clusters.,5,6,3,Chronic condition requiring long-term management,Secondary infection,1,0
Congenital Hepatic Inflammation 848,Congenital Hepatic Inflammation 848 affects related physiological systems and may present with characteristic symptom clusters.,2,0,4,Potentially severe if untreated,Inflammation complications,0,3
Inflammatory Hepatic Inflammation 849,Inflammatory Hepatic Inflammation 849 affects related physiological systems and may present with characteristic symptom clusters.,7,4,1,Acute onset may resolve with care,Metabolic imbalance,2,2
Metabolic Hepatic Inflammation 850,Metabolic Hepatic Inflammation 850 affects related physiological systems and may present with characteristic symptom clusters.,1,1,2,Progressive condition needing monitoring,Neurological complications,1,1
Acute Endocrine Inflammation 851,Acute Endocrine Inflammation 851 affects related physiological systems and may present with characteristic symptom clusters.,3,5,3,Chronic condition requiring long-term management,Organ dysfunction,0,0
Chronic Endocrine Inflammation 852,Chronic Endocrine Inflammation 852 affects related physiological systems and may present with characteristic symptom clusters.,4,2,4,Potentially severe if untreated,Secondary infection,2,3
Autoimmune Endocrine Inflammation 853,Autoimmune Endocrine Inflammation 853 affects related physiological systems and may present with characteristic symptom clusters.,0,7,1,Acute onset may resolve with care,Inflammation complications,1,2
Idiopathic Endocrine Inflammation 854,Idiopathic Endocrine Inflammation 854 affects related physiological systems and may present with characteristic symptom clusters.,6,3,2,Progressive condition needing monitoring,Metabolic imbalance,0,1
Primary Endocrine Inflammation 855,Primary Endocrine Inflammation 855 affects related physiological systems and may present with characteristic symptom clusters.,5,6,3,Chronic condition requiring long-term management,Neurological complications,2,0
Secondary Endocrine Inflammation 856,Secondary Endocrine Inflammation 856 affects related physiological systems and may present with characteristic symptom clusters.,2,0,4,Potentially severe if untreated,Organ dysfunction,1,3
Progressive Endocrine Inflammation 857,Progressive Endocrine Inflammation 857 affects related physiological systems and may present with characteristic symptom clusters.,7,4,1,Acute onset may resolve with care,Secondary infection,0,2
Congenital Endocrine Inflammation 858,Congenital Endocrine Inflammation 858 affects related physiological systems and may present with characteristic symptom clusters.,1,1,2,Progressive condition needing monitoring,Inflammation complications,2,1
Inflammatory Endocrine Inflammation 859,Inflammatory Endocrine Inflammation 859 affects related physiological systems and may present with characteristic symptom clusters.,3,5,3,Chronic condition requiring long-term management,Metabolic imbalance,1,0
Metabolic Endocrine Inflammation 860,Metabolic Endocrine Inflammation 860 affects related physiological systems and may present with characteristic symptom clusters.,4,2,4,Potentially severe if untreated,Neurological complications,0,3
Acute Gastro Inflammation 861,Acute Gastro Inflammation 861 affects related physiological systems and may present with characteristic symptom clusters.,0,7,1,Acute onset may resolve with care,Organ dysfunction,2,2
Chronic Gastro Inflammation 862,Chronic Gastro Inflammation 862 affects related physiological systems and may present with characteristic symptom clusters.,6,3,2,Progressive condition needing monitoring,Secondary infection,1,1
Autoimmune Gastro Inflammation 863,Autoimmune Gastro Inflammation 863 affects related physiological systems and may present with characteristic symptom clusters.,5,6,3,Chronic condition requiring long-term management,Inflammation complications,0,0
Idiopathic Gastro Inflammation 864,Idiopathic Gastro Inflammation 864 affects related physiological systems and may present with characteristic symptom clusters.,2,0,4,Potentially severe if untreated,Metabolic imbalance,2,3
Primary Gastro Inflammation 865,Primary Gastro Inflammation 865 affects related physiological systems and may present with characteristic symptom clusters.,7,4,1,Acute onset may resolve with care,Neurological complications,1,2
Secondary Gastro Inflammation 866,Secondary Gastro Inflammation 866 affects related physiological systems and may present with characteristic symptom clusters.,1,1,2,Progressive condition needing monitoring,Organ dysfunction,0,1
Progressive Gastro Inflammation 867,Progressive Gastro Inflammation 867 affects related physiological systems and may present with characteristic symptom clusters.,3,5,3,Chronic condition requiring long-term management,Secondary infection,2,0
Congenital Gastro Inflammation 868,Congenital Gastro Inflammation 868 affects related physiological systems and may present with characteristic symptom clusters.,4,2,4,Potentially severe if untreated,Inflammation complications,1,3
Inflammatory Gastro Inflammation 869,Inflammatory Gastro Inflammation 869 affects related physiological systems and may present with characteristic symptom clusters.,0,7,1,Acute onset may resolve with care,Metabolic imbalance,0,2
Metabolic Gastro Inflammation 870,Metabolic Gastro Inflammation 870 affects related physiological systems and may present with characteristic symptom clusters.,6,3,2,Progressive condition needing monitoring,Neurological complications,2,1
Acute Dermatologic Inflammation 871,Acute Dermatologic Inflammation 871 affects related physiological systems and may present with characteristic symptom clusters.,5,6,3,Chronic condition requiring long-term management,Organ dysfunction,1,0
Chronic Dermatologic Inflammation 872,Chronic Dermatologic Inflammation 872 affects related physiological systems and may present with characteristic symptom clusters.,2,0,4,Potentially severe if untreated,Secondary infection,0,3
Autoimmune Dermatologic Inflammation 873,Autoimmune Dermatologic Inflammation 873 affects related physiological systems and may present with characteristic symptom clusters.,7,4,1,Acute onset may resolve with care,Inflammation complications,2,2
Idiopathic Dermatologic Inflammation 874,Idiopathic Dermatologic Inflammation 874 affects related physiological systems and may present with characteristic symptom clusters.,1,1,2,Progressive condition needing monitoring,Metabolic imbalance,1,1
Primary Dermatologic Inflammation 875,Primary Dermatologic Inflammation 875 affects related physiological systems and may present with characteristic symptom clusters.,3,5,3,Chronic condition requiring long-term management,Neurological complications,0,0
Secondary Dermatologic Inflammation 876,Secondary Dermatologic Inflammation 876 affects related physiological systems and may present with characteristic symptom clusters.,4,2,4,Potentially severe if untreated,Organ dysfunction,2,3
Progressive Dermatologic Inflammation 877,Progressive Dermatologic Inflammation 877 affects related physiological systems and may present with characteristic symptom clusters.,0,7,1,Acute onset may resolve with care,Secondary infection,1,2
Congenital Dermatologic Inflammation 878,Congenital Dermatologic Inflammation 878 affects related physiological systems and may present with characteristic symptom clusters.,6,3,2,Progressive condition needing monitoring,Inflammation complications,0,1
Inflammatory Dermatologic Inflammation 879,Inflammatory Dermatologic Inflammation 879 affects related physiological systems and may present with characteristic symptom clusters.,5,6,3,Chronic condition requiring long-term management,Metabolic imbalance,2,0
Metabolic Dermatologic Inflammation 880,Metabolic Dermatologic Inflammation 880 affects related physiological systems and may present with characteristic symptom clusters.,2,0,4,Potentially severe if untreated,Neurological complications,1,3
Acute Hematologic Inflammation 881,Acute Hematologic Inflammation 881 affects related physiological systems and may present with characteristic symptom clusters.,7,4,1,Acute onset may resolve with care,Organ dysfunction,0,2
Chronic Hematologic Inflammation 882,Chronic Hematologic Inflammation 882 affects related physiological systems and may present with characteristic symptom clusters.,1,1,2,Progressive condition needing monitoring,Secondary infection,2,1
Autoimmune Hematologic Inflammation 883,Autoimmune Hematologic Inflammation 883 affects related physiological systems and may present with characteristic symptom clusters.,3,5,3,Chronic condition requiring long-term management,Inflammation complications,1,0
Idiopathic Hematologic Inflammation 884,Idiopathic Hematologic Inflammation 884 affects related physiological systems and may present with characteristic symptom clusters.,4,2,4,Potentially severe if untreated,Metabolic imbalance,0,3
Primary Hematologic Inflammation 885,Primary Hematologic Inflammation 885 affects related physiological systems and may present with characteristic symptom clusters.,0,7,1,Acute onset may resolve with care,Neurological complications,2,2
Secondary Hematologic Inflammation 886,Secondary Hematologic Inflammation 886 affects related physiological systems and may present with characteristic symptom clusters.,6,3,2,Progressive condition needing monitoring,Organ dysfunction,1,1
Progressive Hematologic Inflammation 887,Progressive Hematologic Inflammation 887 affects related physiological systems and may present with characteristic symptom clusters.,5,6,3,Chronic condition requiring long-term management,Secondary infection,0,0
Congenital Hematologic Inflammation 888,Congenital Hematologic Inflammation 888 affects related physiological systems and may present with characteristic symptom clusters.,2,0,4,Potentially severe if untreated,Inflammation complications,2,3
Inflammatory Hematologic Inflammation 889,Inflammatory Hematologic Inflammation 889 affects related physiological systems and may present with characteristic symptom clusters.,7,4,1,Acute onset may resolve with care,Metabolic imbalance,1,2
Metabolic Hematologic Inflammation 890,Metabolic Hematologic Inflammation 890 affects related physiological systems and may present with characteristic symptom clusters.,1,1,2,Progressive condition needing monitoring,Neurological complications,0,1
Acute Musculoskeletal Inflammation 891,Acute Musculoskeletal Inflammation 891 affects related physiological systems and may present with characteristic symptom clusters.,3,5,3,Chronic condition requiring long-term management,Organ dysfunction,2,0
Chronic Musculoskeletal Inflammation 892,Chronic Musculoskeletal Inflammation 892 affects related physiological systems and may present with characteristic symptom clusters.,4,2,4,Potentially severe if untreated,Secondary infection,1,3
Autoimmune Musculoskeletal Inflammation 893,Autoimmune Musculoskeletal Inflammation 893 affects related physiological systems and may present with characteristic symptom clusters.,0,7,1,Acute onset may resolve with care,Inflammation complications,0,2
Idiopathic Musculoskeletal Inflammation 894,Idiopathic Musculoskeletal Inflammation 894 affects related physiological systems and may present with characteristic symptom clusters.,6,3,2,Progressive condition needing monitoring,Metabolic imbalance,2,1
Primary Musculoskeletal Inflammation 895,Primary Musculoskeletal Inflammation 895 affects related physiological systems and may present with characteristic symptom clusters.,5,6,3,Chronic condition requiring long-term management,Neurological complications,1,0
Secondary Musculoskeletal Inflammation 896,Secondary Musculoskeletal Inflammation 896 affects related physiological systems and may present with characteristic symptom clusters.,2,0,4,Potentially severe if untreated,Organ dysfunction,0,3
Progressive Musculoskeletal Inflammation 897,Progressive Musculoskeletal Inflammation 897 affects related physiological systems and may present with characteristic symptom clusters.,7,4,1,Acute onset may resolve with care,Secondary infection,2,2
Congenital Musculoskeletal Inflammation 898,Congenital Musculoskeletal Inflammation 898 affects related physiological systems and may present with characteristic symptom clusters.,1,1,2,Progressive condition needing monitoring,Inflammation complications,1,1
Inflammatory Musculoskeletal Inflammation 899,Inflammatory Musculoskeletal Inflammation 899 affects related physiological systems and may present with characteristic symptom clusters.,3,5,3,Chronic condition requiring long-term management,Metabolic imbalance,0,0
Metabolic Musculoskeletal Inflammation 900,Metabolic Musculoskeletal Inflammation 900 affects related physiological systems and may present with characteristic symptom clusters.,4,2,4,Potentially severe if untreated,Neurological complications,2,3
Acute Respiratory Degeneration 901,Acute Respiratory Degeneration 901 affects related physiological systems and may present with characteristic symptom clusters.,0,7,1,Acute onset may resolve with care,Organ dysfunction,1,2
Chronic Respiratory Degeneration 902,Chronic Respiratory Degeneration 902 affects related physiological systems and may present with characteristic symptom clusters.,6,3,2,Progressive condition needing monitoring,Secondary infection,0,1
Autoimmune Respiratory Degeneration 903,Autoimmune Respiratory Degeneration 903 affects related physiological systems and may present with characteristic symptom clusters.,5,6,3,Chronic condition requiring long-term management,Inflammation complications,2,0
Idiopathic Respiratory Degeneration 904,Idiopathic Respiratory Degeneration 904 affects related physiological systems and may present with characteristic symptom clusters.,2,0,4,Potentially severe if untreated,Metabolic imbalance,1,3
Primary Respiratory Degeneration 905,Primary Respiratory Degeneration 905 affects related physiological systems and may present with characteristic symptom clusters.,7,4,1,Acute onset may resolve with care,Neurological complications,0,2
Secondary Respiratory Degeneration 906,Secondary Respiratory Degeneration 906 affects related physiological systems and may present with characteristic symptom clusters.,1,1,2,Progressive condition needing monitoring,Organ dysfunction,2,1
Progressive Respiratory Degeneration 907,Progressive Respiratory Degeneration 907 affects related physiological systems and may present with characteristic symptom clusters.,3,5,3,Chronic condition requiring long-term management,Secondary infection,1,0
Congenital Respiratory Degeneration 908,Congenital Respiratory Degeneration 908 affects related physiological systems and may present with characteristic symptom clusters.,4,2,4,Potentially severe if untreated,Inflammation complications,0,3
Inflammatory Respiratory Degeneration 909,Inflammatory Respiratory Degeneration 909 affects related physiological systems and may present with characteristic symptom clusters.,0,7,1,Acute onset may resolve with care,Metabolic imbalance,2,2
Metabolic Respiratory Degeneration 910,Metabolic Respiratory Degeneration 910 affects related physiological systems and may present with characteristic symptom clusters.,6,3,2,Progressive condition needing monitoring,Neurological complications,1,1
Acute Cardiac Degeneration 911,Acute Cardiac Degeneration 911 affects related physiological systems and may present with characteristic symptom clusters.,5,6,3,Chronic condition requiring long-term management,Organ dysfunction,0,0
Chronic Cardiac Degeneration 912,Chronic Cardiac Degeneration 912 affects related physiological systems and may present with characteristic symptom clusters.,2,0,4,Potentially severe if untreated,Secondary infection,2,3
Autoimmune Cardiac Degeneration 913,Autoimmune Cardiac Degeneration 913 affects related physiological systems and may present with characteristic symptom clusters.,7,4,1,Acute onset may resolve with care,Inflammation complications,1,2
Idiopathic Cardiac Degeneration 914,Idiopathic Cardiac Degeneration 914 affects related physiological systems and may present with characteristic symptom clusters.,1,1,2,Progressive condition needing monitoring,Metabolic imbalance,0,1
Primary Cardiac Degeneration 915,Primary Cardiac Degeneration 915 affects related physiological systems and may present with characteristic symptom clusters.,3,5,3,Chronic condition requiring long-term management,Neurological complications,2,0
Secondary Cardiac Degeneration 916,Secondary Cardiac Degeneration 916 affects related physiological systems and may present with characteristic symptom clusters.,4,2,4,Potentially severe if untreated,Organ dysfunction,1,3
Progressive Cardiac Degeneration 917,Progressive Cardiac Degeneration 917 affects related physiological systems and may present with characteristic symptom clusters.,0,7,1,Acute onset may resolve with care,Secondary infection,0,2
Congenital Cardiac Degeneration 918,Congenital Cardiac Degeneration 918 affects related physiological systems and may present with characteristic symptom clusters.,6,3,2,Progressive condition needing monitoring,Inflammation complications,2,1
Inflammatory Cardiac Degeneration 919,Inflammatory Cardiac Degeneration 919 affects related physiological systems and may present with characteristic symptom clusters.,5,6,3,Chronic condition requiring long-term management,Metabolic imbalance,1,0
Metabolic Cardiac Degeneration 920,Metabolic Cardiac Degeneration 920 affects related physiological systems and may present with characteristic symptom clusters.,2,0,4,Potentially severe if untreated,Neurological complications,0,3
Acute Neurological Degeneration 921,Acute Neurological Degeneration 921 affects related physiological systems and may present with characteristic symptom clusters.,7,4,1,Acute onset may resolve with care,Organ dysfunction,2,2
Chronic Neurological Degeneration 922,Chronic Neurological Degeneration 922 affects related physiological systems and may present with characteristic symptom clusters.,1,1,2,Progressive condition needing monitoring,Secondary infection,1,1
Autoimmune Neurological Degeneration 923,Autoimmune Neurological Degeneration 923 affects related physiological systems and may present with characteristic symptom clusters.,3,5,3,Chronic condition requiring long-term management,Inflammation complications,0,0
Idiopathic Neurological Degeneration 924,Idiopathic Neurological Degeneration 924 affects related physiological systems and may present with characteristic symptom clusters.,4,2,4,Potentially severe if untreated,Metabolic imbalance,2,3
Primary Neurological Degeneration 925,Primary Neurological Degeneration 925 affects related physiological systems and may present with characteristic symptom clusters.,0,7,1,Acute onset may resolve with care,Neurological complications,1,2
Secondary Neurological Degeneration 926,Secondary Neurological Degeneration 926 affects related physiological systems and may present with characteristic symptom clusters.,6,3,2,Progressive condition needing monitoring,Organ dysfunction,0,1
Progressive Neurological Degeneration 927,Progressive Neurological Degeneration 927 affects related physiological systems and may present with characteristic symptom clusters.,5,6,3,Chronic condition requiring long-term management,Secondary infection,2,0
Congenital Neurological Degeneration 928,Congenital Neurological Degeneration 928 affects related physiological systems and may present with characteristic symptom clusters.,2,0,4,Potentially severe if untreated,Inflammation complications,1,3
Inflammatory Neurological Degeneration 929,Inflammatory Neurological Degeneration 929 affects related physiological systems and may present with characteristic symptom clusters.,7,4,1,Acute onset may resolve with care,Metabolic imbalance,0,2
Metabolic Neurological Degeneration 930,Metabolic Neurological Degeneration 930 affects related physiological systems and may present with characteristic symptom clusters.,1,1,2,Progressive condition needing monitoring,Neurological complications,2,1
Acute Renal Degeneration 931,Acute Renal Degeneration 931 affects related physiological systems and may present with characteristic symptom clusters.,3,5,3,Chronic condition requiring long-term management,Organ dysfunction,1,0
Chronic Renal Degeneration 932,Chronic Renal Degeneration 932 affects related physiological systems and may present with characteristic symptom clusters.,4,2,4,Potentially severe if untreated,Secondary infection,0,3
Autoimmune Renal Degeneration 933,Autoimmune Renal Degeneration 933 affects related physiological systems and may present with characteristic symptom clusters.,0,7,1,Acute onset may resolve with care,Inflammation complications,2,2
Idiopathic Renal Degeneration 934,Idiopathic Renal Degeneration 934 affects related physiological systems and may present with characteristic symptom clusters.,6,3,2,Progressive condition needing monitoring,Metabolic imbalance,1,1
Primary Renal Degeneration 935,Primary Renal Degeneration 935 affects related physiological systems and may present with characteristic symptom clusters.,5,6,3,Chronic condition requiring long-term management,Neurological complications,0,0
Secondary Renal Degeneration 936,Secondary Renal Degeneration 936 affects related physiological systems and may present with characteristic symptom clusters.,2,0,4,Potentially severe if untreated,Organ dysfunction,2,3
Progressive Renal Degeneration 937,Progressive Renal Degeneration 937 affects related physiological systems and may present with characteristic symptom clusters.,7,4,1,Acute onset may resolve with care,Secondary infection,1,2
Congenital Renal Degeneration 938,Congenital Renal Degeneration 938 affects related physiological systems and may present with characteristic symptom clusters.,1,1,2,Progressive condition needing monitoring,Inflammation complications,0,1
Inflammatory Renal Degeneration 939,Inflammatory Renal Degeneration 939 affects related physiological systems and may present with characteristic symptom clusters.,3,5,3,Chronic condition requiring long-term management,Metabolic imbalance,2,0
Metabolic Renal Degeneration 940,Metabolic Renal Degeneration 940 affects related physiological systems and may present with characteristic symptom clusters.,4,2,4,Potentially severe if untreated,Neurological complications,1,3
Acute Hepatic Degeneration 941,Acute Hepatic Degeneration 941 affects related physiological systems and may present with characteristic symptom clusters.,0,7,1,Acute onset may resolve with care,Organ dysfunction,0,2
Chronic Hepatic Degeneration 942,Chronic Hepatic Degeneration 942 affects related physiological systems and may present with characteristic symptom clusters.,6,3,2,Progressive condition needing monitoring,Secondary infection,2,1
Autoimmune Hepatic Degeneration 943,Autoimmune Hepatic Degeneration 943 affects related physiological systems and may present with characteristic symptom clusters.,5,6,3,Chronic condition requiring long-term management,Inflammation complications,1,0
Idiopathic Hepatic Degeneration 944,Idiopathic Hepatic Degeneration 944 affects related physiological systems and may present with characteristic symptom clusters.,2,0,4,Potentially severe if untreated,Metabolic imbalance,0,3
Primary Hepatic Degeneration 945,Primary Hepatic Degeneration 945 affects related physiological systems and may present with characteristic symptom clusters.,7,4,1,Acute onset may resolve with care,Neurological complications,2,2
Secondary Hepatic Degeneration 946,Secondary Hepatic Degeneration 946 affects related physiological systems and may present with characteristic symptom clusters.,1,1,2,Progressive condition needing monitoring,Organ dysfunction,1,1
Progressive Hepatic Degeneration 947,Progressive Hepatic Degeneration 947 affects related physiological systems and may present with characteristic symptom clusters.,3,5,3,Chronic condition requiring long-term management,Secondary infection,0,0
Congenital Hepatic Degeneration 948,Congenital Hepatic Degeneration 948 affects related physiological systems and may present with characteristic symptom clusters.,4,2,4,Potentially severe if untreated,Inflammation complications,2,3
Inflammatory Hepatic Degeneration 949,Inflammatory Hepatic Degeneration 949 affects related physiological systems and may present with characteristic symptom clusters.,0,7,1,Acute onset may resolve with care,Metabolic imbalance,1,2
Metabolic Hepatic Degeneration 950,Metabolic Hepatic Degeneration 950 affects related physiological systems and may present with characteristic symptom clusters.,6,3,2,Progressive condition needing monitoring,Neurological complications,0,1
Acute Endocrine Degeneration 951,Acute Endocrine Degeneration 951 affects related physiological systems and may present with characteristic symptom clusters.,5,6,3,Chronic condition requiring long-term management,Organ dysfunction,2,0
Chronic Endocrine Degeneration 952,Chronic Endocrine Degeneration 952 affects related physiological systems and may present with characteristic symptom clusters.,2,0,4,Potentially severe if untreated,Secondary infection,1,3
Autoimmune Endocrine Degeneration 953,Autoimmune Endocrine Degeneration 953 affects related physiological systems and may present with characteristic symptom clusters.,7,4,1,Acute onset may resolve with care,Inflammation complications,0,2
Idiopathic Endocrine Degeneration 954,Idiopathic Endocrine Degeneration 954 affects related physiological systems and may present with characteristic symptom clusters.,1,1,2,Progressive condition needing monitoring,Metabolic imbalance,2,1
Primary Endocrine Degeneration 955,Primary Endocrine Degeneration 955 affects related physiological systems and may present with characteristic symptom clusters.,3,5,3,Chronic condition requiring long-term management,Neurological complications,1,0
Secondary Endocrine Degeneration 956,Secondary Endocrine Degeneration 956 affects related physiological systems and may present with characteristic symptom clusters.,4,2,4,Potentially severe if untreated,Organ dysfunction,0,3
Progressive Endocrine Degeneration 957,Progressive Endocrine Degeneration 957 affects related physiological systems and may present with characteristic symptom clusters.,0,7,1,Acute onset may resolve with care,Secondary infection,2,2
Congenital Endocrine Degeneration 958,Congenital Endocrine Degeneration 958 affects related physiological systems and may present with characteristic symptom clusters.,6,3,2,Progressive condition needing monitoring,Inflammation complications,1,1
Inflammatory Endocrine Degeneration 959,Inflammatory Endocrine Degeneration 959 affects related physiological systems and may present with characteristic symptom clusters.,5,6,3,Chronic condition requiring long-term management,Metabolic imbalance,0,0
Metabolic Endocrine Degeneration 960,Metabolic Endocrine Degeneration 960 affects related physiological systems and may present with characteristic symptom clusters.,2,0,4,Potentially severe if untreated,Neurological complications,2,3
Acute Gastro Degeneration 961,Acute Gastro Degeneration 961 affects related physiological systems and may present with characteristic symptom clusters.,7,4,1,Acute onset may resolve with care,Organ dysfunction,1,2
Chronic Gastro Degeneration 962,Chronic Gastro Degeneration 962 affects related physiological systems and may present with characteristic symptom clusters.,1,1,2,Progressive condition needing monitoring,Secondary infection,0,1
Autoimmune Gastro Degeneration 963,Autoimmune Gastro Degeneration 963 affects related physiological systems and may present with characteristic symptom clusters.,3,5,3,Chronic condition requiring long-term management,Inflammation complications,2,0
Idiopathic Gastro Degeneration 964,Idiopathic Gastro Degeneration 964 affects related physiological systems and may present with characteristic symptom clusters.,4,2,4,Potentially severe if untreated,Metabolic imbalance,1,3
Primary Gastro Degeneration 965,Primary Gastro Degeneration 965 affects related physiological systems and may present with characteristic symptom clusters.,0,7,1,Acute onset may resolve with care,Neurological complications,0,2
Secondary Gastro Degeneration 966,Secondary Gastro Degeneration 966 affects related physiological systems and may present with characteristic symptom clusters.,6,3,2,Progressive condition needing monitoring,Organ dysfunction,2,1
Progressive Gastro Degeneration 967,Progressive Gastro Degeneration 967 affects related physiological systems and may present with characteristic symptom clusters.,5,6,3,Chronic condition requiring long-term management,Secondary infection,1,0
Congenital Gastro Degeneration 968,Congenital Gastro Degeneration 968 affects related physiological systems and may present with characteristic symptom clusters.,2,0,4,Potentially severe if untreated,Inflammation complications,0,3
Inflammatory Gastro Degeneration 969,Inflammatory Gastro Degeneration 969 affects related physiological systems and may present with characteristic symptom clusters.,7,4,1,Acute onset may resolve with care,Metabolic imbalance,2,2
Metabolic Gastro Degeneration 970,Metabolic Gastro Degeneration 970 affects related physiological systems and may present with characteristic symptom clusters.,1,1,2,Progressive condition needing monitoring,Neurological complications,1,1
Acute Dermatologic Degeneration 971,Acute Dermatologic Degeneration 971 affects related physiological systems and may present with characteristic symptom clusters.,3,5,3,Chronic condition requiring long-term management,Organ dysfunction,0,0
Chronic Dermatologic Degeneration 972,Chronic Dermatologic Degeneration 972 affects related physiological systems and may present with characteristic symptom clusters.,4,2,4,Potentially severe if untreated,Secondary infection,2,3
Autoimmune Dermatologic Degeneration 973,Autoimmune Dermatologic Degeneration 973 affects related physiological systems and may present with characteristic symptom clusters.,0,7,1,Acute onset may resolve with care,Inflammation complications,1,2
Idiopathic Dermatologic Degeneration 974,Idiopathic Dermatologic Degeneration 974 affects related physiological systems and may present with characteristic symptom clusters.,6,3,2,Progressive condition needing monitoring,Metabolic imbalance,0,1
Primary Dermatologic Degeneration 975,Primary Dermatologic Degeneration 975 affects related physiological systems and may present with characteristic symptom clusters.,5,6,3,Chronic condition requiring long-term management,Neurological complications,2,0
Secondary Dermatologic Degeneration 976,Secondary Dermatologic Degeneration 976 affects related physiological systems and may present with characteristic symptom clusters.,2,0,4,Potentially severe if untreated,Organ dysfunction,1,3
Progressive Dermatologic Degeneration 977,Progressive Dermatologic Degeneration 977 affects related physiological systems and may present with characteristic symptom clusters.,7,4,1,Acute onset may resolve with care,Secondary infection,0,2
Congenital Dermatologic Degeneration 978,Congenital Dermatologic Degeneration 978 affects related physiological systems and may present with characteristic symptom clusters.,1,1,2,Progressive condition needing monitoring,Inflammation complications,2,1
Inflammatory Dermatologic Degeneration 979,Inflammatory Dermatologic Degeneration 979 affects related physiological systems and may present with characteristic symptom clusters.,3,5,3,Chronic condition requiring long-term management,Metabolic imbalance,1,0
Metabolic Dermatologic Degeneration 980,Metabolic Dermatologic Degeneration 980 affects related physiological systems and may present with characteristic symptom clusters.,4,2,4,Potentially severe if untreated,Neurological complications,0,3
Acute Hematologic Degeneration 981,Acute Hematologic Degeneration 981 affects related physiological systems and may present with characteristic symptom clusters.,0,7,1,Acute onset may resolve with care,Organ dysfunction,2,2
Chronic Hematologic Degeneration 982,Chronic Hematologic Degeneration 982 affects related physiological systems and may present with characteristic symptom clusters.,6,3,2,Progressive condition needing monitoring,Secondary infection,1,1
Autoimmune Hematologic Degeneration 983,Autoimmune Hematologic Degeneration 983 affects related physiological systems and may present with characteristic symptom clusters.,5,6,3,Chronic condition requiring long-term management,Inflammation complications,0,0
Idiopathic Hematologic Degeneration 984,Idiopathic Hematologic Degeneration 984 affects related physiological systems and may present with characteristic symptom clusters.,2,0,4,Potentially severe if untreated,Metabolic imbalance,2,3
Primary Hematologic Degeneration 985,Primary Hematologic Degeneration 985 affects related physiological systems and may present with characteristic symptom clusters.,7,4,1,Acute onset may resolve with care,Neurological complications,1,2
Secondary Hematologic Degeneration 986,Secondary Hematologic Degeneration 986 affects related physiological systems and may present with characteristic symptom clusters.,1,1,2,Progressive condition needing monitoring,Organ dysfunction,0,1
Progressive Hematologic Degeneration 987,Progressive Hematologic Degeneration 987 affects related physiological systems and may present with characteristic symptom clusters.,3,5,3,Chronic condition requiring long-term management,Secondary infection,2,0
Congenital Hematologic Degeneration 988,Congenital Hematologic Degeneration 988 affects related physiological systems and may present with characteristic symptom clusters.,4,2,4,Potentially severe if untreated,Inflammation complications,1,3
Inflammatory Hematologic Degeneration 989,Inflammatory Hematologic Degeneration 989 affects related physiological systems and may present with characteristic symptom clusters.,0,7,1,Acute onset may resolve with care,Metabolic imbalance,0,2
Metabolic Hematologic Degeneration 990,Metabolic Hematologic Degeneration 990 affects related physiological systems and may present with characteristic symptom clusters.,6,3,2,Progressive condition needing monitoring,Neurological complications,2,1
Acute Musculoskeletal Degeneration 991,Acute Musculoskeletal Degeneration 991 affects related physiological systems and may present with characteristic symptom clusters.,5,6,3,Chronic condition requiring long-term management,Organ dysfunction,1,0
Chronic Musculoskeletal Degeneration 992,Chronic Musculoskeletal Degeneration 992 affects related physiological systems and may present with characteristic symptom clusters.,2,0,4,Potentially severe if untreated,Secondary infection,0,3
Autoimmune Musculoskeletal Degeneration 993,Autoimmune Musculoskeletal Degeneration 993 affects related physiological systems and may present with characteristic symptom clusters.,7,4,1,Acute onset may resolve with care,Inflammation complications,2,2
Idiopathic Musculoskeletal Degeneration 994,Idiopathic Musculoskeletal Degeneration 994 affects related physiological systems and may present with characteristic symptom clusters.,1,1,2,Progressive condition needing monitoring,Metabolic imbalance,1,1
Primary Musculoskeletal Degeneration 995,Primary Musculoskeletal Degeneration 995 affects related physiological systems and may present with characteristic symptom clusters.,3,5,3,Chronic condition requiring long-term management,Neurological complications,0,0
Secondary Musculoskeletal Degeneration 996,Secondary Musculoskeletal Degeneration 996 affects related physiological systems and may present with characteristic symptom clusters.,4,2,4,Potentially severe if untreated,Organ dysfunction,2,3
Progressive Musculoskeletal Degeneration 997,Progressive Musculoskeletal Degeneration 997 affects related physiological systems and may present with characteristic symptom clusters.,0,7,1,Acute onset may resolve with care,Secondary infection,1,2
Congenital Musculoskeletal Degeneration 998,Congenital Musculoskeletal Degeneration 998 affects related physiological systems and may present with characteristic symptom clusters.,6,3,2,Progressive condition needing monitoring,Inflammation complications,0,1
Inflammatory Musculoskeletal Degeneration 999,Inflammatory Musculoskeletal Degeneration 999 affects related physiological systems and may present with characteristic symptom clusters.,5,6,3,Chronic condition requiring long-term management,Metabolic imbalance,2,0
Metabolic Musculoskeletal Degeneration 1000,Metabolic Musculoskeletal Degeneration 1000 affects related physiological systems and may present with characteristic symptom clusters.,2,0,4,Potentially severe if untreated,Neurological complications,1,3
