symptom,follow_up_question,question_type,expected_values,priority,clinical_category,emergency_flag
Fever,Since how many days?,1,3,2,8,1
Fever,"Mild, moderate or severe?",8,2,3,0,0
Fever,How frequently does it occur?,3,4,1,7,1
Fever,When did it start worsening?,7,3,2,4,0
Fever,Any associated symptoms present?,0,5,3,3,1
Fever,Triggered by activity?,9,5,1,6,0
Fever,Localized or widespread?,5,1,2,1,1
Fever,Constant or intermittent?,6,0,3,2,0
Fever,Does it affect daily activities?,4,5,1,5,1
Fever,Any emergency warning signs?,2,5,2,8,0
Cough,Since how many days?,1,3,3,0,1
Cough,"Mild, moderate or severe?",8,2,1,7,0
Cough,How frequently does it occur?,3,4,2,4,1
Cough,When did it start worsening?,7,3,3,3,0
Cough,Any associated symptoms present?,0,5,1,6,1
Cough,Triggered by activity?,9,5,2,1,0
Cough,Localized or widespread?,5,1,3,2,1
Cough,Constant or intermittent?,6,0,1,5,0
Cough,Does it affect daily activities?,4,5,2,8,1
Cough,Any emergency warning signs?,2,5,3,0,0
Fatigue,Since how many days?,1,3,1,7,1
Fatigue,"Mild, moderate or severe?",8,2,2,4,0
Fatigue,How frequently does it occur?,3,4,3,3,1
Fatigue,When did it start worsening?,7,3,1,6,0
Fatigue,Any associated symptoms present?,0,5,2,1,1
Fatigue,Triggered by activity?,9,5,3,2,0
Fatigue,Localized or widespread?,5,1,1,5,1
Fatigue,Constant or intermittent?,6,0,2,8,0
Fatigue,Does it affect daily activities?,4,5,3,0,1
Fatigue,Any emergency warning signs?,2,5,1,7,0
Breathlessness,Since how many days?,1,3,2,4,1
Breathlessness,"Mild, moderate or severe?",8,2,3,3,0
Breathlessness,How frequently does it occur?,3,4,1,6,1
Breathlessness,When did it start worsening?,7,3,2,1,0
Breathlessness,Any associated symptoms present?,0,5,3,2,1
Breathlessness,Triggered by activity?,9,5,1,5,0
Breathlessness,Localized or widespread?,5,1,2,8,1
Breathlessness,Constant or intermittent?,6,0,3,0,0
Breathlessness,Does it affect daily activities?,4,5,1,7,1
Breathlessness,Any emergency warning signs?,2,5,2,4,0
Chest Pain,Since how many days?,1,3,3,3,1
Chest Pain,"Mild, moderate or severe?",8,2,1,6,0
Chest Pain,How frequently does it occur?,3,4,2,1,1
Chest Pain,When did it start worsening?,7,3,3,2,0
Chest Pain,Any associated symptoms present?,0,5,1,5,1
Chest Pain,Triggered by activity?,9,5,2,8,0
Chest Pain,Localized or widespread?,5,1,3,0,1
Chest Pain,Constant or intermittent?,6,0,1,7,0
Chest Pain,Does it affect daily activities?,4,5,2,4,1
Chest Pain,Any emergency warning signs?,2,5,3,3,0
Headache,Since how many days?,1,3,1,6,1
Headache,"Mild, moderate or severe?",8,2,2,1,0
Headache,How frequently does it occur?,3,4,3,2,1
Headache,When did it start worsening?,7,3,1,5,0
Headache,Any associated symptoms present?,0,5,2,8,1
Headache,Triggered by activity?,9,5,3,0,0
Headache,Localized or widespread?,5,1,1,7,1
Headache,Constant or intermittent?,6,0,2,4,0
Headache,Does it affect daily activities?,4,5,3,3,1
Headache,Any emergency warning signs?,2,5,1,6,0
Dizziness,Since how many days?,1,3,2,1,1
Dizziness,"Mild, moderate or severe?",8,2,3,2,0
Dizziness,How frequently does it occur?,3,4,1,5,1
Dizziness,When did it start worsening?,7,3,2,8,0
Dizziness,Any associated symptoms present?,0,5,3,0,1
Dizziness,Triggered by activity?,9,5,1,7,0
Dizziness,Localized or widespread?,5,1,2,4,1
Dizziness,Constant or intermittent?,6,0,3,3,0
Dizziness,Does it affect daily activities?,4,5,1,6,1
Dizziness,Any emergency warning signs?,2,5,2,1,0
Nausea,Since how many days?,1,3,3,2,1
Nausea,"Mild, moderate or severe?",8,2,1,5,0
Nausea,How frequently does it occur?,3,4,2,8,1
Nausea,When did it start worsening?,7,3,3,0,0
Nausea,Any associated symptoms present?,0,5,1,7,1
Nausea,Triggered by activity?,9,5,2,4,0
Nausea,Localized or widespread?,5,1,3,3,1
Nausea,Constant or intermittent?,6,0,1,6,0
Nausea,Does it affect daily activities?,4,5,2,1,1
Nausea,Any emergency warning signs?,2,5,3,2,0
Vomiting,Since how many days?,1,3,1,5,1
Vomiting,"Mild, moderate or severe?",8,2,2,8,0
Vomiting,How frequently does it occur?,3,4,3,0,1
Vomiting,When did it start worsening?,7,3,1,7,0
Vomiting,Any associated symptoms present?,0,5,2,4,1
Vomiting,Triggered by activity?,9,5,3,3,0
Vomiting,Localized or widespread?,5,1,1,6,1
Vomiting,Constant or intermittent?,6,0,2,1,0
Vomiting,Does it affect daily activities?,4,5,3,2,1
Vomiting,Any emergency warning signs?,2,5,1,5,0
Diarrhea,Since how many days?,1,3,2,8,1
Diarrhea,"Mild, moderate or severe?",8,2,3,0,0
Diarrhea,How frequently does it occur?,3,4,1,7,1
Diarrhea,When did it start worsening?,7,3,2,4,0
Diarrhea,Any associated symptoms present?,0,5,3,3,1
Diarrhea,Triggered by activity?,9,5,1,6,0
Diarrhea,Localized or widespread?,5,1,2,1,1
Diarrhea,Constant or intermittent?,6,0,3,2,0
Diarrhea,Does it affect daily activities?,4,5,1,5,1
Diarrhea,Any emergency warning signs?,2,5,2,8,0
Constipation,Since how many days?,1,3,3,0,1
Constipation,"Mild, moderate or severe?",8,2,1,7,0
Constipation,How frequently does it occur?,3,4,2,4,1
Constipation,When did it start worsening?,7,3,3,3,0
Constipation,Any associated symptoms present?,0,5,1,6,1
Constipation,Triggered by activity?,9,5,2,1,0
Constipation,Localized or widespread?,5,1,3,2,1
Constipation,Constant or intermittent?,6,0,1,5,0
Constipation,Does it affect daily activities?,4,5,2,8,1
Constipation,Any emergency warning signs?,2,5,3,0,0
Abdominal Pain,Since how many days?,1,3,1,7,1
Abdominal Pain,"Mild, moderate or severe?",8,2,2,4,0
Abdominal Pain,How frequently does it occur?,3,4,3,3,1
Abdominal Pain,When did it start worsening?,7,3,1,6,0
Abdominal Pain,Any associated symptoms present?,0,5,2,1,1
Abdominal Pain,Triggered by activity?,9,5,3,2,0
Abdominal Pain,Localized or widespread?,5,1,1,5,1
Abdominal Pain,Constant or intermittent?,6,0,2,8,0
Abdominal Pain,Does it affect daily activities?,4,5,3,0,1
Abdominal Pain,Any emergency warning signs?,2,5,1,7,0
Back Pain,Since how many days?,1,3,2,4,1
Back Pain,"Mild, moderate or severe?",8,2,3,3,0
Back Pain,How frequently does it occur?,3,4,1,6,1
Back Pain,When did it start worsening?,7,3,2,1,0
Back Pain,Any associated symptoms present?,0,5,3,2,1
Back Pain,Triggered by activity?,9,5,1,5,0
Back Pain,Localized or widespread?,5,1,2,8,1
Back Pain,Constant or intermittent?,6,0,3,0,0
Back Pain,Does it affect daily activities?,4,5,1,7,1
Back Pain,Any emergency warning signs?,2,5,2,4,0
Joint Pain,Since how many days?,1,3,3,3,1
Joint Pain,"Mild, moderate or severe?",8,2,1,6,0
Joint Pain,How frequently does it occur?,3,4,2,1,1
Joint Pain,When did it start worsening?,7,3,3,2,0
Joint Pain,Any associated symptoms present?,0,5,1,5,1
Joint Pain,Triggered by activity?,9,5,2,8,0
Joint Pain,Localized or widespread?,5,1,3,0,1
Joint Pain,Constant or intermittent?,6,0,1,7,0
Joint Pain,Does it affect daily activities?,4,5,2,4,1
Joint Pain,Any emergency warning signs?,2,5,3,3,0
Muscle Pain,Since how many days?,1,3,1,6,1
Muscle Pain,"Mild, moderate or severe?",8,2,2,1,0
Muscle Pain,How frequently does it occur?,3,4,3,2,1
Muscle Pain,When did it start worsening?,7,3,1,5,0
Muscle Pain,Any associated symptoms present?,0,5,2,8,1
Muscle Pain,Triggered by activity?,9,5,3,0,0
Muscle Pain,Localized or widespread?,5,1,1,7,1
Muscle Pain,Constant or intermittent?,6,0,2,4,0
Muscle Pain,Does it affect daily activities?,4,5,3,3,1
Muscle Pain,Any emergency warning signs?,2,5,1,6,0
Palpitations,Since how many days?,1,3,2,1,1
Palpitations,"Mild, moderate or severe?",8,2,3,2,0
Palpitations,How frequently does it occur?,3,4,1,5,1
Palpitations,When did it start worsening?,7,3,2,8,0
Palpitations,Any associated symptoms present?,0,5,3,0,1
Palpitations,Triggered by activity?,9,5,1,7,0
Palpitations,Localized or widespread?,5,1,2,4,1
Palpitations,Constant or intermittent?,6,0,3,3,0
Palpitations,Does it affect daily activities?,4,5,1,6,1
Palpitations,Any emergency warning signs?,2,5,2,1,0
Leg Swelling,Since how many days?,1,3,3,2,1
Leg Swelling,"Mild, moderate or severe?",8,2,1,5,0
Leg Swelling,How frequently does it occur?,3,4,2,8,1
Leg Swelling,When did it start worsening?,7,3,3,0,0
Leg Swelling,Any associated symptoms present?,0,5,1,7,1
Leg Swelling,Triggered by activity?,9,5,2,4,0
Leg Swelling,Localized or widespread?,5,1,3,3,1
Leg Swelling,Constant or intermittent?,6,0,1,6,0
Leg Swelling,Does it affect daily activities?,4,5,2,1,1
Leg Swelling,Any emergency warning signs?,2,5,3,2,0
Syncope,Since how many days?,1,3,1,5,1
Syncope,"Mild, moderate or severe?",8,2,2,8,0
Syncope,How frequently does it occur?,3,4,3,0,1
Syncope,When did it start worsening?,7,3,1,7,0
Syncope,Any associated symptoms present?,0,5,2,4,1
Syncope,Triggered by activity?,9,5,3,3,0
Syncope,Localized or widespread?,5,1,1,6,1
Syncope,Constant or intermittent?,6,0,2,1,0
Syncope,Does it affect daily activities?,4,5,3,2,1
Syncope,Any emergency warning signs?,2,5,1,5,0
Wheezing,Since how many days?,1,3,2,8,1
Wheezing,"Mild, moderate or severe?",8,2,3,0,0
Wheezing,How frequently does it occur?,3,4,1,7,1
Wheezing,When did it start worsening?,7,3,2,4,0
Wheezing,Any associated symptoms present?,0,5,3,3,1
Wheezing,Triggered by activity?,9,5,1,6,0
Wheezing,Localized or widespread?,5,1,2,1,1
Wheezing,Constant or intermittent?,6,0,3,2,0
Wheezing,Does it affect daily activities?,4,5,1,5,1
Wheezing,Any emergency warning signs?,2,5,2,8,0
Sore Throat,Since how many days?,1,3,3,0,1
Sore Throat,"Mild, moderate or severe?",8,2,1,7,0
Sore Throat,How frequently does it occur?,3,4,2,4,1
Sore Throat,When did it start worsening?,7,3,3,3,0
Sore Throat,Any associated symptoms present?,0,5,1,6,1
Sore Throat,Triggered by activity?,9,5,2,1,0
Sore Throat,Localized or widespread?,5,1,3,2,1
Sore Throat,Constant or intermittent?,6,0,1,5,0
Sore Throat,Does it affect daily activities?,4,5,2,8,1
Sore Throat,Any emergency warning signs?,2,5,3,0,0
Runny Nose,Since how many days?,1,3,1,7,1
Runny Nose,"Mild, moderate or severe?",8,2,2,4,0
Runny Nose,How frequently does it occur?,3,4,3,3,1
Runny Nose,When did it start worsening?,7,3,1,6,0
Runny Nose,Any associated symptoms present?,0,5,2,1,1
Runny Nose,Triggered by activity?,9,5,3,2,0
Runny Nose,Localized or widespread?,5,1,1,5,1
Runny Nose,Constant or intermittent?,6,0,2,8,0
Runny Nose,Does it affect daily activities?,4,5,3,0,1
Runny Nose,Any emergency warning signs?,2,5,1,7,0
Nasal Congestion,Since how many days?,1,3,2,4,1
Nasal Congestion,"Mild, moderate or severe?",8,2,3,3,0
Nasal Congestion,How frequently does it occur?,3,4,1,6,1
Nasal Congestion,When did it start worsening?,7,3,2,1,0
Nasal Congestion,Any associated symptoms present?,0,5,3,2,1
Nasal Congestion,Triggered by activity?,9,5,1,5,0
Nasal Congestion,Localized or widespread?,5,1,2,8,1
Nasal Congestion,Constant or intermittent?,6,0,3,0,0
Nasal Congestion,Does it affect daily activities?,4,5,1,7,1
Nasal Congestion,Any emergency warning signs?,2,5,2,4,0
Chills,Since how many days?,1,3,3,3,1
Chills,"Mild, moderate or severe?",8,2,1,6,0
Chills,How frequently does it occur?,3,4,2,1,1
Chills,When did it start worsening?,7,3,3,2,0
Chills,Any associated symptoms present?,0,5,1,5,1
Chills,Triggered by activity?,9,5,2,8,0
Chills,Localized or widespread?,5,1,3,0,1
Chills,Constant or intermittent?,6,0,1,7,0
Chills,Does it affect daily activities?,4,5,2,4,1
Chills,Any emergency warning signs?,2,5,3,3,0
Night Sweats,Since how many days?,1,3,1,6,1
Night Sweats,"Mild, moderate or severe?",8,2,2,1,0
Night Sweats,How frequently does it occur?,3,4,3,2,1
Night Sweats,When did it start worsening?,7,3,1,5,0
Night Sweats,Any associated symptoms present?,0,5,2,8,1
Night Sweats,Triggered by activity?,9,5,3,0,0
Night Sweats,Localized or widespread?,5,1,1,7,1
Night Sweats,Constant or intermittent?,6,0,2,4,0
Night Sweats,Does it affect daily activities?,4,5,3,3,1
Night Sweats,Any emergency warning signs?,2,5,1,6,0
Weight Loss,Since how many days?,1,3,2,1,1
Weight Loss,"Mild, moderate or severe?",8,2,3,2,0
Weight Loss,How frequently does it occur?,3,4,1,5,1
Weight Loss,When did it start worsening?,7,3,2,8,0
Weight Loss,Any associated symptoms present?,0,5,3,0,1
Weight Loss,Triggered by activity?,9,5,1,7,0
Weight Loss,Localized or widespread?,5,1,2,4,1
Weight Loss,Constant or intermittent?,6,0,3,3,0
Weight Loss,Does it affect daily activities?,4,5,1,6,1
Weight Loss,Any emergency warning signs?,2,5,2,1,0
Loss of Appetite,Since how many days?,1,3,3,2,1
Loss of Appetite,"Mild, moderate or severe?",8,2,1,5,0
Loss of Appetite,How frequently does it occur?,3,4,2,8,1
Loss of Appetite,When did it start worsening?,7,3,3,0,0
Loss of Appetite,Any associated symptoms present?,0,5,1,7,1
Loss of Appetite,Triggered by activity?,9,5,2,4,0
Loss of Appetite,Localized or widespread?,5,1,3,3,1
Loss of Appetite,Constant or intermittent?,6,0,1,6,0
Loss of Appetite,Does it affect daily activities?,4,5,2,1,1
Loss of Appetite,Any emergency warning signs?,2,5,3,2,0
Weakness,Since how many days?,1,3,1,5,1
Weakness,"Mild, moderate or severe?",8,2,2,8,0
Weakness,How frequently does it occur?,3,4,3,0,1
Weakness,When did it start worsening?,7,3,1,7,0
Weakness,Any associated symptoms present?,0,5,2,4,1
Weakness,Triggered by activity?,9,5,3,3,0
Weakness,Localized or widespread?,5,1,1,6,1
Weakness,Constant or intermittent?,6,0,2,1,0
Weakness,Does it affect daily activities?,4,5,3,2,1
Weakness,Any emergency warning signs?,2,5,1,5,0
Confusion,Since how many days?,1,3,2,8,1
Confusion,"Mild, moderate or severe?",8,2,3,0,0
Confusion,How frequently does it occur?,3,4,1,7,1
Confusion,When did it start worsening?,7,3,2,4,0
Confusion,Any associated symptoms present?,0,5,3,3,1
Confusion,Triggered by activity?,9,5,1,6,0
Confusion,Localized or widespread?,5,1,2,1,1
Confusion,Constant or intermittent?,6,0,3,2,0
Confusion,Does it affect daily activities?,4,5,1,5,1
Confusion,Any emergency warning signs?,2,5,2,8,0
Memory Loss,Since how many days?,1,3,3,0,1
Memory Loss,"Mild, moderate or severe?",8,2,1,7,0
Memory Loss,How frequently does it occur?,3,4,2,4,1
Memory Loss,When did it start worsening?,7,3,3,3,0
Memory Loss,Any associated symptoms present?,0,5,1,6,1
Memory Loss,Triggered by activity?,9,5,2,1,0
Memory Loss,Localized or widespread?,5,1,3,2,1
Memory Loss,Constant or intermittent?,6,0,1,5,0
Memory Loss,Does it affect daily activities?,4,5,2,8,1
Memory Loss,Any emergency warning signs?,2,5,3,0,0
Seizure,Since how many days?,1,3,1,7,1
Seizure,"Mild, moderate or severe?",8,2,2,4,0
Seizure,How frequently does it occur?,3,4,3,3,1
Seizure,When did it start worsening?,7,3,1,6,0
Seizure,Any associated symptoms present?,0,5,2,1,1
Seizure,Triggered by activity?,9,5,3,2,0
Seizure,Localized or widespread?,5,1,1,5,1
Seizure,Constant or intermittent?,6,0,2,8,0
Seizure,Does it affect daily activities?,4,5,3,0,1
Seizure,Any emergency warning signs?,2,5,1,7,0
Numbness,Since how many days?,1,3,2,4,1
Numbness,"Mild, moderate or severe?",8,2,3,3,0
Numbness,How frequently does it occur?,3,4,1,6,1
Numbness,When did it start worsening?,7,3,2,1,0
Numbness,Any associated symptoms present?,0,5,3,2,1
Numbness,Triggered by activity?,9,5,1,5,0
Numbness,Localized or widespread?,5,1,2,8,1
Numbness,Constant or intermittent?,6,0,3,0,0
Numbness,Does it affect daily activities?,4,5,1,7,1
Numbness,Any emergency warning signs?,2,5,2,4,0
Tingling,Since how many days?,1,3,3,3,1
Tingling,"Mild, moderate or severe?",8,2,1,6,0
Tingling,How frequently does it occur?,3,4,2,1,1
Tingling,When did it start worsening?,7,3,3,2,0
Tingling,Any associated symptoms present?,0,5,1,5,1
Tingling,Triggered by activity?,9,5,2,8,0
Tingling,Localized or widespread?,5,1,3,0,1
Tingling,Constant or intermittent?,6,0,1,7,0
Tingling,Does it affect daily activities?,4,5,2,4,1
Tingling,Any emergency warning signs?,2,5,3,3,0
Tremor,Since how many days?,1,3,1,6,1
Tremor,"Mild, moderate or severe?",8,2,2,1,0
Tremor,How frequently does it occur?,3,4,3,2,1
Tremor,When did it start worsening?,7,3,1,5,0
Tremor,Any associated symptoms present?,0,5,2,8,1
Tremor,Triggered by activity?,9,5,3,0,0
Tremor,Localized or widespread?,5,1,1,7,1
Tremor,Constant or intermittent?,6,0,2,4,0
Tremor,Does it affect daily activities?,4,5,3,3,1
Tremor,Any emergency warning signs?,2,5,1,6,0
Facial Droop,Since how many days?,1,3,2,1,1
Facial Droop,"Mild, moderate or severe?",8,2,3,2,0
Facial Droop,How frequently does it occur?,3,4,1,5,1
Facial Droop,When did it start worsening?,7,3,2,8,0
Facial Droop,Any associated symptoms present?,0,5,3,0,1
Facial Droop,Triggered by activity?,9,5,1,7,0
Facial Droop,Localized or widespread?,5,1,2,4,1
Facial Droop,Constant or intermittent?,6,0,3,3,0
Facial Droop,Does it affect daily activities?,4,5,1,6,1
Facial Droop,Any emergency warning signs?,2,5,2,1,0
Blurred Vision,Since how many days?,1,3,3,2,1
Blurred Vision,"Mild, moderate or severe?",8,2,1,5,0
Blurred Vision,How frequently does it occur?,3,4,2,8,1
Blurred Vision,When did it start worsening?,7,3,3,0,0
Blurred Vision,Any associated symptoms present?,0,5,1,7,1
Blurred Vision,Triggered by activity?,9,5,2,4,0
Blurred Vision,Localized or widespread?,5,1,3,3,1
Blurred Vision,Constant or intermittent?,6,0,1,6,0
Blurred Vision,Does it affect daily activities?,4,5,2,1,1
Blurred Vision,Any emergency warning signs?,2,5,3,2,0
Frequent Urination,Since how many days?,1,3,1,5,1
Frequent Urination,"Mild, moderate or severe?",8,2,2,8,0
Frequent Urination,How frequently does it occur?,3,4,3,0,1
Frequent Urination,When did it start worsening?,7,3,1,7,0
Frequent Urination,Any associated symptoms present?,0,5,2,4,1
Frequent Urination,Triggered by activity?,9,5,3,3,0
Frequent Urination,Localized or widespread?,5,1,1,6,1
Frequent Urination,Constant or intermittent?,6,0,2,1,0
Frequent Urination,Does it affect daily activities?,4,5,3,2,1
Frequent Urination,Any emergency warning signs?,2,5,1,5,0
Excess Thirst,Since how many days?,1,3,2,8,1
Excess Thirst,"Mild, moderate or severe?",8,2,3,0,0
Excess Thirst,How frequently does it occur?,3,4,1,7,1
Excess Thirst,When did it start worsening?,7,3,2,4,0
Excess Thirst,Any associated symptoms present?,0,5,3,3,1
Excess Thirst,Triggered by activity?,9,5,1,6,0
Excess Thirst,Localized or widespread?,5,1,2,1,1
Excess Thirst,Constant or intermittent?,6,0,3,2,0
Excess Thirst,Does it affect daily activities?,4,5,1,5,1
Excess Thirst,Any emergency warning signs?,2,5,2,8,0
Heat Intolerance,Since how many days?,1,3,3,0,1
Heat Intolerance,"Mild, moderate or severe?",8,2,1,7,0
Heat Intolerance,How frequently does it occur?,3,4,2,4,1
Heat Intolerance,When did it start worsening?,7,3,3,3,0
Heat Intolerance,Any associated symptoms present?,0,5,1,6,1
Heat Intolerance,Triggered by activity?,9,5,2,1,0
Heat Intolerance,Localized or widespread?,5,1,3,2,1
Heat Intolerance,Constant or intermittent?,6,0,1,5,0
Heat Intolerance,Does it affect daily activities?,4,5,2,8,1
Heat Intolerance,Any emergency warning signs?,2,5,3,0,0
Cold Intolerance,Since how many days?,1,3,1,7,1
Cold Intolerance,"Mild, moderate or severe?",8,2,2,4,0
Cold Intolerance,How frequently does it occur?,3,4,3,3,1
Cold Intolerance,When did it start worsening?,7,3,1,6,0
Cold Intolerance,Any associated symptoms present?,0,5,2,1,1
Cold Intolerance,Triggered by activity?,9,5,3,2,0
Cold Intolerance,Localized or widespread?,5,1,1,5,1
Cold Intolerance,Constant or intermittent?,6,0,2,8,0
Cold Intolerance,Does it affect daily activities?,4,5,3,0,1
Cold Intolerance,Any emergency warning signs?,2,5,1,7,0
Rash,Since how many days?,1,3,2,4,1
Rash,"Mild, moderate or severe?",8,2,3,3,0
Rash,How frequently does it occur?,3,4,1,6,1
Rash,When did it start worsening?,7,3,2,1,0
Rash,Any associated symptoms present?,0,5,3,2,1
Rash,Triggered by activity?,9,5,1,5,0
Rash,Localized or widespread?,5,1,2,8,1
Rash,Constant or intermittent?,6,0,3,0,0
Rash,Does it affect daily activities?,4,5,1,7,1
Rash,Any emergency warning signs?,2,5,2,4,0
Itching,Since how many days?,1,3,3,3,1
Itching,"Mild, moderate or severe?",8,2,1,6,0
Itching,How frequently does it occur?,3,4,2,1,1
Itching,When did it start worsening?,7,3,3,2,0
Itching,Any associated symptoms present?,0,5,1,5,1
Itching,Triggered by activity?,9,5,2,8,0
Itching,Localized or widespread?,5,1,3,0,1
Itching,Constant or intermittent?,6,0,1,7,0
Itching,Does it affect daily activities?,4,5,2,4,1
Itching,Any emergency warning signs?,2,5,3,3,0
Skin Lesions,Since how many days?,1,3,1,6,1
Skin Lesions,"Mild, moderate or severe?",8,2,2,1,0
Skin Lesions,How frequently does it occur?,3,4,3,2,1
Skin Lesions,When did it start worsening?,7,3,1,5,0
Skin Lesions,Any associated symptoms present?,0,5,2,8,1
Skin Lesions,Triggered by activity?,9,5,3,0,0
Skin Lesions,Localized or widespread?,5,1,1,7,1
Skin Lesions,Constant or intermittent?,6,0,2,4,0
Skin Lesions,Does it affect daily activities?,4,5,3,3,1
Skin Lesions,Any emergency warning signs?,2,5,1,6,0
Hair Loss,Since how many days?,1,3,2,1,1
Hair Loss,"Mild, moderate or severe?",8,2,3,2,0
Hair Loss,How frequently does it occur?,3,4,1,5,1
Hair Loss,When did it start worsening?,7,3,2,8,0
Hair Loss,Any associated symptoms present?,0,5,3,0,1
Hair Loss,Triggered by activity?,9,5,1,7,0
Hair Loss,Localized or widespread?,5,1,2,4,1
Hair Loss,Constant or intermittent?,6,0,3,3,0
Hair Loss,Does it affect daily activities?,4,5,1,6,1
Hair Loss,Any emergency warning signs?,2,5,2,1,0
Insomnia,Since how many days?,1,3,3,2,1
Insomnia,"Mild, moderate or severe?",8,2,1,5,0
Insomnia,How frequently does it occur?,3,4,2,8,1
Insomnia,When did it start worsening?,7,3,3,0,0
Insomnia,Any associated symptoms present?,0,5,1,7,1
Insomnia,Triggered by activity?,9,5,2,4,0
Insomnia,Localized or widespread?,5,1,3,3,1
Insomnia,Constant or intermittent?,6,0,1,6,0
Insomnia,Does it affect daily activities?,4,5,2,1,1
Insomnia,Any emergency warning signs?,2,5,3,2,0
Anxiety,Since how many days?,1,3,1,5,1
Anxiety,"Mild, moderate or severe?",8,2,2,8,0
Anxiety,How frequently does it occur?,3,4,3,0,1
Anxiety,When did it start worsening?,7,3,1,7,0
Anxiety,Any associated symptoms present?,0,5,2,4,1
Anxiety,Triggered by activity?,9,5,3,3,0
Anxiety,Localized or widespread?,5,1,1,6,1
Anxiety,Constant or intermittent?,6,0,2,1,0
Anxiety,Does it affect daily activities?,4,5,3,2,1
Anxiety,Any emergency warning signs?,2,5,1,5,0
Depressed Mood,Since how many days?,1,3,2,8,1
Depressed Mood,"Mild, moderate or severe?",8,2,3,0,0
Depressed Mood,How frequently does it occur?,3,4,1,7,1
Depressed Mood,When did it start worsening?,7,3,2,4,0
Depressed Mood,Any associated symptoms present?,0,5,3,3,1
Depressed Mood,Triggered by activity?,9,5,1,6,0
Depressed Mood,Localized or widespread?,5,1,2,1,1
Depressed Mood,Constant or intermittent?,6,0,3,2,0
Depressed Mood,Does it affect daily activities?,4,5,1,5,1
Depressed Mood,Any emergency warning signs?,2,5,2,8,0
Irritability,Since how many days?,1,3,3,0,1
Irritability,"Mild, moderate or severe?",8,2,1,7,0
Irritability,How frequently does it occur?,3,4,2,4,1
Irritability,When did it start worsening?,7,3,3,3,0
Irritability,Any associated symptoms present?,0,5,1,6,1
Irritability,Triggered by activity?,9,5,2,1,0
Irritability,Localized or widespread?,5,1,3,2,1
Irritability,Constant or intermittent?,6,0,1,5,0
Irritability,Does it affect daily activities?,4,5,2,8,1
Irritability,Any emergency warning signs?,2,5,3,0,0
Ear Pain,Since how many days?,1,3,1,7,1
Ear Pain,"Mild, moderate or severe?",8,2,2,4,0
Ear Pain,How frequently does it occur?,3,4,3,3,1
Ear Pain,When did it start worsening?,7,3,1,6,0
Ear Pain,Any associated symptoms present?,0,5,2,1,1
Ear Pain,Triggered by activity?,9,5,3,2,0
Ear Pain,Localized or widespread?,5,1,1,5,1
Ear Pain,Constant or intermittent?,6,0,2,8,0
Ear Pain,Does it affect daily activities?,4,5,3,0,1
Ear Pain,Any emergency warning signs?,2,5,1,7,0
Hearing Loss,Since how many days?,1,3,2,4,1
Hearing Loss,"Mild, moderate or severe?",8,2,3,3,0
Hearing Loss,How frequently does it occur?,3,4,1,6,1
Hearing Loss,When did it start worsening?,7,3,2,1,0
Hearing Loss,Any associated symptoms present?,0,5,3,2,1
Hearing Loss,Triggered by activity?,9,5,1,5,0
Hearing Loss,Localized or widespread?,5,1,2,8,1
Hearing Loss,Constant or intermittent?,6,0,3,0,0
Hearing Loss,Does it affect daily activities?,4,5,1,7,1
Hearing Loss,Any emergency warning signs?,2,5,2,4,0
Neck Pain,Since how many days?,1,3,3,3,1
Neck Pain,"Mild, moderate or severe?",8,2,1,6,0
Neck Pain,How frequently does it occur?,3,4,2,1,1
Neck Pain,When did it start worsening?,7,3,3,2,0
Neck Pain,Any associated symptoms present?,0,5,1,5,1
Neck Pain,Triggered by activity?,9,5,2,8,0
Neck Pain,Localized or widespread?,5,1,3,0,1
Neck Pain,Constant or intermittent?,6,0,1,7,0
Neck Pain,Does it affect daily activities?,4,5,2,4,1
Neck Pain,Any emergency warning signs?,2,5,3,3,0
Pelvic Pain,Since how many days?,1,3,1,6,1
Pelvic Pain,"Mild, moderate or severe?",8,2,2,1,0
Pelvic Pain,How frequently does it occur?,3,4,3,2,1
Pelvic Pain,When did it start worsening?,7,3,1,5,0
Pelvic Pain,Any associated symptoms present?,0,5,2,8,1
Pelvic Pain,Triggered by activity?,9,5,3,0,0
Pelvic Pain,Localized or widespread?,5,1,1,7,1
Pelvic Pain,Constant or intermittent?,6,0,2,4,0
Pelvic Pain,Does it affect daily activities?,4,5,3,3,1
Pelvic Pain,Any emergency warning signs?,2,5,1,6,0
Menstrual Irregularity,Since how many days?,1,3,2,1,1
Menstrual Irregularity,"Mild, moderate or severe?",8,2,3,2,0
Menstrual Irregularity,How frequently does it occur?,3,4,1,5,1
Menstrual Irregularity,When did it start worsening?,7,3,2,8,0
Menstrual Irregularity,Any associated symptoms present?,0,5,3,0,1
Menstrual Irregularity,Triggered by activity?,9,5,1,7,0
Menstrual Irregularity,Localized or widespread?,5,1,2,4,1
Menstrual Irregularity,Constant or intermittent?,6,0,3,3,0
Menstrual Irregularity,Does it affect daily activities?,4,5,1,6,1
Menstrual Irregularity,Any emergency warning signs?,2,5,2,1,0
Burning Urination,Since how many days?,1,3,3,2,1
Burning Urination,"Mild, moderate or severe?",8,2,1,5,0
Burning Urination,How frequently does it occur?,3,4,2,8,1
Burning Urination,When did it start worsening?,7,3,3,0,0
Burning Urination,Any associated symptoms present?,0,5,1,7,1
Burning Urination,Triggered by activity?,9,5,2,4,0
Burning Urination,Localized or widespread?,5,1,3,3,1
Burning Urination,Constant or intermittent?,6,0,1,6,0
Burning Urination,Does it affect daily activities?,4,5,2,1,1
Burning Urination,Any emergency warning signs?,2,5,3,2,0
Blood in Urine,Since how many days?,1,3,1,5,1
Blood in Urine,"Mild, moderate or severe?",8,2,2,8,0
Blood in Urine,How frequently does it occur?,3,4,3,0,1
Blood in Urine,When did it start worsening?,7,3,1,7,0
Blood in Urine,Any associated symptoms present?,0,5,2,4,1
Blood in Urine,Triggered by activity?,9,5,3,3,0
Blood in Urine,Localized or widespread?,5,1,1,6,1
Blood in Urine,Constant or intermittent?,6,0,2,1,0
Blood in Urine,Does it affect daily activities?,4,5,3,2,1
Blood in Urine,Any emergency warning signs?,2,5,1,5,0
Swollen Lymph Nodes,Since how many days?,1,3,2,8,1
Swollen Lymph Nodes,"Mild, moderate or severe?",8,2,3,0,0
Swollen Lymph Nodes,How frequently does it occur?,3,4,1,7,1
Swollen Lymph Nodes,When did it start worsening?,7,3,2,4,0
Swollen Lymph Nodes,Any associated symptoms present?,0,5,3,3,1
Swollen Lymph Nodes,Triggered by activity?,9,5,1,6,0
Swollen Lymph Nodes,Localized or widespread?,5,1,2,1,1
Swollen Lymph Nodes,Constant or intermittent?,6,0,3,2,0
Swollen Lymph Nodes,Does it affect daily activities?,4,5,1,5,1
Swollen Lymph Nodes,Any emergency warning signs?,2,5,2,8,0
Dry Mouth,Since how many days?,1,3,3,0,1
Dry Mouth,"Mild, moderate or severe?",8,2,1,7,0
Dry Mouth,How frequently does it occur?,3,4,2,4,1
Dry Mouth,When did it start worsening?,7,3,3,3,0
Dry Mouth,Any associated symptoms present?,0,5,1,6,1
Dry Mouth,Triggered by activity?,9,5,2,1,0
Dry Mouth,Localized or widespread?,5,1,3,2,1
Dry Mouth,Constant or intermittent?,6,0,1,5,0
Dry Mouth,Does it affect daily activities?,4,5,2,8,1
Dry Mouth,Any emergency warning signs?,2,5,3,0,0
Mouth Ulcers,Since how many days?,1,3,1,7,1
Mouth Ulcers,"Mild, moderate or severe?",8,2,2,4,0
Mouth Ulcers,How frequently does it occur?,3,4,3,3,1
Mouth Ulcers,When did it start worsening?,7,3,1,6,0
Mouth Ulcers,Any associated symptoms present?,0,5,2,1,1
Mouth Ulcers,Triggered by activity?,9,5,3,2,0
Mouth Ulcers,Localized or widespread?,5,1,1,5,1
Mouth Ulcers,Constant or intermittent?,6,0,2,8,0
Mouth Ulcers,Does it affect daily activities?,4,5,3,0,1
Mouth Ulcers,Any emergency warning signs?,2,5,1,7,0
Difficulty Swallowing,Since how many days?,1,3,2,4,1
Difficulty Swallowing,"Mild, moderate or severe?",8,2,3,3,0
Difficulty Swallowing,How frequently does it occur?,3,4,1,6,1
Difficulty Swallowing,When did it start worsening?,7,3,2,1,0
Difficulty Swallowing,Any associated symptoms present?,0,5,3,2,1
Difficulty Swallowing,Triggered by activity?,9,5,1,5,0
Difficulty Swallowing,Localized or widespread?,5,1,2,8,1
Difficulty Swallowing,Constant or intermittent?,6,0,3,0,0
Difficulty Swallowing,Does it affect daily activities?,4,5,1,7,1
Difficulty Swallowing,Any emergency warning signs?,2,5,2,4,0
Cyanosis,Since how many days?,1,3,3,3,1
Cyanosis,"Mild, moderate or severe?",8,2,1,6,0
Cyanosis,How frequently does it occur?,3,4,2,1,1
Cyanosis,When did it start worsening?,7,3,3,2,0
Cyanosis,Any associated symptoms present?,0,5,1,5,1
Cyanosis,Triggered by activity?,9,5,2,8,0
Cyanosis,Localized or widespread?,5,1,3,0,1
Cyanosis,Constant or intermittent?,6,0,1,7,0
Cyanosis,Does it affect daily activities?,4,5,2,4,1
Cyanosis,Any emergency warning signs?,2,5,3,3,0
Severe Bleeding,Since how many days?,1,3,1,6,1
Severe Bleeding,"Mild, moderate or severe?",8,2,2,1,0
Severe Bleeding,How frequently does it occur?,3,4,3,2,1
Severe Bleeding,When did it start worsening?,7,3,1,5,0
Severe Bleeding,Any associated symptoms present?,0,5,2,8,1
Severe Bleeding,Triggered by activity?,9,5,3,0,0
Severe Bleeding,Localized or widespread?,5,1,1,7,1
Severe Bleeding,Constant or intermittent?,6,0,2,4,0
Severe Bleeding,Does it affect daily activities?,4,5,3,3,1
Severe Bleeding,Any emergency warning signs?,2,5,1,6,0
Fever,Since how many days (Variant 601)?,1,3,2,8,1
Fever,"Mild, moderate or severe (Variant 602)?",8,2,3,0,0
Fever,How frequently does it occur (Variant 603)?,3,4,1,7,1
Fever,When did it start worsening (Variant 604)?,7,3,2,4,0
Fever,Any associated symptoms present (Variant 605)?,0,5,3,3,1
Fever,Triggered by activity (Variant 606)?,9,5,1,6,0
Fever,Localized or widespread (Variant 607)?,5,1,2,1,1
Fever,Constant or intermittent (Variant 608)?,6,0,3,2,0
Fever,Does it affect daily activities (Variant 609)?,4,5,1,5,1
Fever,Any emergency warning signs (Variant 610)?,2,5,2,8,0
Cough,Since how many days (Variant 611)?,1,3,3,0,1
Cough,"Mild, moderate or severe (Variant 612)?",8,2,1,7,0
Cough,How frequently does it occur (Variant 613)?,3,4,2,4,1
Cough,When did it start worsening (Variant 614)?,7,3,3,3,0
Cough,Any associated symptoms present (Variant 615)?,0,5,1,6,1
Cough,Triggered by activity (Variant 616)?,9,5,2,1,0
Cough,Localized or widespread (Variant 617)?,5,1,3,2,1
Cough,Constant or intermittent (Variant 618)?,6,0,1,5,0
Cough,Does it affect daily activities (Variant 619)?,4,5,2,8,1
Cough,Any emergency warning signs (Variant 620)?,2,5,3,0,0
Fatigue,Since how many days (Variant 621)?,1,3,1,7,1
Fatigue,"Mild, moderate or severe (Variant 622)?",8,2,2,4,0
Fatigue,How frequently does it occur (Variant 623)?,3,4,3,3,1
Fatigue,When did it start worsening (Variant 624)?,7,3,1,6,0
Fatigue,Any associated symptoms present (Variant 625)?,0,5,2,1,1
Fatigue,Triggered by activity (Variant 626)?,9,5,3,2,0
Fatigue,Localized or widespread (Variant 627)?,5,1,1,5,1
Fatigue,Constant or intermittent (Variant 628)?,6,0,2,8,0
Fatigue,Does it affect daily activities (Variant 629)?,4,5,3,0,1
Fatigue,Any emergency warning signs (Variant 630)?,2,5,1,7,0
Breathlessness,Since how many days (Variant 631)?,1,3,2,4,1
Breathlessness,"Mild, moderate or severe (Variant 632)?",8,2,3,3,0
Breathlessness,How frequently does it occur (Variant 633)?,3,4,1,6,1
Breathlessness,When did it start worsening (Variant 634)?,7,3,2,1,0
Breathlessness,Any associated symptoms present (Variant 635)?,0,5,3,2,1
Breathlessness,Triggered by activity (Variant 636)?,9,5,1,5,0
Breathlessness,Localized or widespread (Variant 637)?,5,1,2,8,1
Breathlessness,Constant or intermittent (Variant 638)?,6,0,3,0,0
Breathlessness,Does it affect daily activities (Variant 639)?,4,5,1,7,1
Breathlessness,Any emergency warning signs (Variant 640)?,2,5,2,4,0
Chest Pain,Since how many days (Variant 641)?,1,3,3,3,1
Chest Pain,"Mild, moderate or severe (Variant 642)?",8,2,1,6,0
Chest Pain,How frequently does it occur (Variant 643)?,3,4,2,1,1
Chest Pain,When did it start worsening (Variant 644)?,7,3,3,2,0
Chest Pain,Any associated symptoms present (Variant 645)?,0,5,1,5,1
Chest Pain,Triggered by activity (Variant 646)?,9,5,2,8,0
Chest Pain,Localized or widespread (Variant 647)?,5,1,3,0,1
Chest Pain,Constant or intermittent (Variant 648)?,6,0,1,7,0
Chest Pain,Does it affect daily activities (Variant 649)?,4,5,2,4,1
Chest Pain,Any emergency warning signs (Variant 650)?,2,5,3,3,0
Headache,Since how many days (Variant 651)?,1,3,1,6,1
Headache,"Mild, moderate or severe (Variant 652)?",8,2,2,1,0
Headache,How frequently does it occur (Variant 653)?,3,4,3,2,1
Headache,When did it start worsening (Variant 654)?,7,3,1,5,0
Headache,Any associated symptoms present (Variant 655)?,0,5,2,8,1
Headache,Triggered by activity (Variant 656)?,9,5,3,0,0
Headache,Localized or widespread (Variant 657)?,5,1,1,7,1
Headache,Constant or intermittent (Variant 658)?,6,0,2,4,0
Headache,Does it affect daily activities (Variant 659)?,4,5,3,3,1
Headache,Any emergency warning signs (Variant 660)?,2,5,1,6,0
Dizziness,Since how many days (Variant 661)?,1,3,2,1,1
Dizziness,"Mild, moderate or severe (Variant 662)?",8,2,3,2,0
Dizziness,How frequently does it occur (Variant 663)?,3,4,1,5,1
Dizziness,When did it start worsening (Variant 664)?,7,3,2,8,0
Dizziness,Any associated symptoms present (Variant 665)?,0,5,3,0,1
Dizziness,Triggered by activity (Variant 666)?,9,5,1,7,0
Dizziness,Localized or widespread (Variant 667)?,5,1,2,4,1
Dizziness,Constant or intermittent (Variant 668)?,6,0,3,3,0
Dizziness,Does it affect daily activities (Variant 669)?,4,5,1,6,1
Dizziness,Any emergency warning signs (Variant 670)?,2,5,2,1,0
Nausea,Since how many days (Variant 671)?,1,3,3,2,1
Nausea,"Mild, moderate or severe (Variant 672)?",8,2,1,5,0
Nausea,How frequently does it occur (Variant 673)?,3,4,2,8,1
Nausea,When did it start worsening (Variant 674)?,7,3,3,0,0
Nausea,Any associated symptoms present (Variant 675)?,0,5,1,7,1
Nausea,Triggered by activity (Variant 676)?,9,5,2,4,0
Nausea,Localized or widespread (Variant 677)?,5,1,3,3,1
Nausea,Constant or intermittent (Variant 678)?,6,0,1,6,0
Nausea,Does it affect daily activities (Variant 679)?,4,5,2,1,1
Nausea,Any emergency warning signs (Variant 680)?,2,5,3,2,0
Vomiting,Since how many days (Variant 681)?,1,3,1,5,1
Vomiting,"Mild, moderate or severe (Variant 682)?",8,2,2,8,0
Vomiting,How frequently does it occur (Variant 683)?,3,4,3,0,1
Vomiting,When did it start worsening (Variant 684)?,7,3,1,7,0
Vomiting,Any associated symptoms present (Variant 685)?,0,5,2,4,1
Vomiting,Triggered by activity (Variant 686)?,9,5,3,3,0
Vomiting,Localized or widespread (Variant 687)?,5,1,1,6,1
Vomiting,Constant or intermittent (Variant 688)?,6,0,2,1,0
Vomiting,Does it affect daily activities (Variant 689)?,4,5,3,2,1
Vomiting,Any emergency warning signs (Variant 690)?,2,5,1,5,0
Diarrhea,Since how many days (Variant 691)?,1,3,2,8,1
Diarrhea,"Mild, moderate or severe (Variant 692)?",8,2,3,0,0
Diarrhea,How frequently does it occur (Variant 693)?,3,4,1,7,1
Diarrhea,When did it start worsening (Variant 694)?,7,3,2,4,0
Diarrhea,Any associated symptoms present (Variant 695)?,0,5,3,3,1
Diarrhea,Triggered by activity (Variant 696)?,9,5,1,6,0
Diarrhea,Localized or widespread (Variant 697)?,5,1,2,1,1
Diarrhea,Constant or intermittent (Variant 698)?,6,0,3,2,0
Diarrhea,Does it affect daily activities (Variant 699)?,4,5,1,5,1
Diarrhea,Any emergency warning signs (Variant 700)?,2,5,2,8,0
Constipation,Since how many days (Variant 701)?,1,3,3,0,1
Constipation,"Mild, moderate or severe (Variant 702)?",8,2,1,7,0
Constipation,How frequently does it occur (Variant 703)?,3,4,2,4,1
Constipation,When did it start worsening (Variant 704)?,7,3,3,3,0
Constipation,Any associated symptoms present (Variant 705)?,0,5,1,6,1
Constipation,Triggered by activity (Variant 706)?,9,5,2,1,0
Constipation,Localized or widespread (Variant 707)?,5,1,3,2,1
Constipation,Constant or intermittent (Variant 708)?,6,0,1,5,0
Constipation,Does it affect daily activities (Variant 709)?,4,5,2,8,1
Constipation,Any emergency warning signs (Variant 710)?,2,5,3,0,0
Abdominal Pain,Since how many days (Variant 711)?,1,3,1,7,1
Abdominal Pain,"Mild, moderate or severe (Variant 712)?",8,2,2,4,0
Abdominal Pain,How frequently does it occur (Variant 713)?,3,4,3,3,1
Abdominal Pain,When did it start worsening (Variant 714)?,7,3,1,6,0
Abdominal Pain,Any associated symptoms present (Variant 715)?,0,5,2,1,1
Abdominal Pain,Triggered by activity (Variant 716)?,9,5,3,2,0
Abdominal Pain,Localized or widespread (Variant 717)?,5,1,1,5,1
Abdominal Pain,Constant or intermittent (Variant 718)?,6,0,2,8,0
Abdominal Pain,Does it affect daily activities (Variant 719)?,4,5,3,0,1
Abdominal Pain,Any emergency warning signs (Variant 720)?,2,5,1,7,0
Back Pain,Since how many days (Variant 721)?,1,3,2,4,1
Back Pain,"Mild, moderate or severe (Variant 722)?",8,2,3,3,0
Back Pain,How frequently does it occur (Variant 723)?,3,4,1,6,1
Back Pain,When did it start worsening (Variant 724)?,7,3,2,1,0
Back Pain,Any associated symptoms present (Variant 725)?,0,5,3,2,1
Back Pain,Triggered by activity (Variant 726)?,9,5,1,5,0
Back Pain,Localized or widespread (Variant 727)?,5,1,2,8,1
Back Pain,Constant or intermittent (Variant 728)?,6,0,3,0,0
Back Pain,Does it affect daily activities (Variant 729)?,4,5,1,7,1
Back Pain,Any emergency warning signs (Variant 730)?,2,5,2,4,0
Joint Pain,Since how many days (Variant 731)?,1,3,3,3,1
Joint Pain,"Mild, moderate or severe (Variant 732)?",8,2,1,6,0
Joint Pain,How frequently does it occur (Variant 733)?,3,4,2,1,1
Joint Pain,When did it start worsening (Variant 734)?,7,3,3,2,0
Joint Pain,Any associated symptoms present (Variant 735)?,0,5,1,5,1
Joint Pain,Triggered by activity (Variant 736)?,9,5,2,8,0
Joint Pain,Localized or widespread (Variant 737)?,5,1,3,0,1
Joint Pain,Constant or intermittent (Variant 738)?,6,0,1,7,0
Joint Pain,Does it affect daily activities (Variant 739)?,4,5,2,4,1
Joint Pain,Any emergency warning signs (Variant 740)?,2,5,3,3,0
Muscle Pain,Since how many days (Variant 741)?,1,3,1,6,1
Muscle Pain,"Mild, moderate or severe (Variant 742)?",8,2,2,1,0
Muscle Pain,How frequently does it occur (Variant 743)?,3,4,3,2,1
Muscle Pain,When did it start worsening (Variant 744)?,7,3,1,5,0
Muscle Pain,Any associated symptoms present (Variant 745)?,0,5,2,8,1
Muscle Pain,Triggered by activity (Variant 746)?,9,5,3,0,0
Muscle Pain,Localized or widespread (Variant 747)?,5,1,1,7,1
Muscle Pain,Constant or intermittent (Variant 748)?,6,0,2,4,0
Muscle Pain,Does it affect daily activities (Variant 749)?,4,5,3,3,1
Muscle Pain,Any emergency warning signs (Variant 750)?,2,5,1,6,0
Palpitations,Since how many days (Variant 751)?,1,3,2,1,1
Palpitations,"Mild, moderate or severe (Variant 752)?",8,2,3,2,0
Palpitations,How frequently does it occur (Variant 753)?,3,4,1,5,1
Palpitations,When did it start worsening (Variant 754)?,7,3,2,8,0
Palpitations,Any associated symptoms present (Variant 755)?,0,5,3,0,1
Palpitations,Triggered by activity (Variant 756)?,9,5,1,7,0
Palpitations,Localized or widespread (Variant 757)?,5,1,2,4,1
Palpitations,Constant or intermittent (Variant 758)?,6,0,3,3,0
Palpitations,Does it affect daily activities (Variant 759)?,4,5,1,6,1
Palpitations,Any emergency warning signs (Variant 760)?,2,5,2,1,0
Leg Swelling,Since how many days (Variant 761)?,1,3,3,2,1
Leg Swelling,"Mild, moderate or severe (Variant 762)?",8,2,1,5,0
Leg Swelling,How frequently does it occur (Variant 763)?,3,4,2,8,1
Leg Swelling,When did it start worsening (Variant 764)?,7,3,3,0,0
Leg Swelling,Any associated symptoms present (Variant 765)?,0,5,1,7,1
Leg Swelling,Triggered by activity (Variant 766)?,9,5,2,4,0
Leg Swelling,Localized or widespread (Variant 767)?,5,1,3,3,1
Leg Swelling,Constant or intermittent (Variant 768)?,6,0,1,6,0
Leg Swelling,Does it affect daily activities (Variant 769)?,4,5,2,1,1
Leg Swelling,Any emergency warning signs (Variant 770)?,2,5,3,2,0
Syncope,Since how many days (Variant 771)?,1,3,1,5,1
Syncope,"Mild, moderate or severe (Variant 772)?",8,2,2,8,0
Syncope,How frequently does it occur (Variant 773)?,3,4,3,0,1
Syncope,When did it start worsening (Variant 774)?,7,3,1,7,0
Syncope,Any associated symptoms present (Variant 775)?,0,5,2,4,1
Syncope,Triggered by activity (Variant 776)?,9,5,3,3,0
Syncope,Localized or widespread (Variant 777)?,5,1,1,6,1
Syncope,Constant or intermittent (Variant 778)?,6,0,2,1,0
Syncope,Does it affect daily activities (Variant 779)?,4,5,3,2,1
Syncope,Any emergency warning signs (Variant 780)?,2,5,1,5,0
Wheezing,Since how many days (Variant 781)?,1,3,2,8,1
Wheezing,"Mild, moderate or severe (Variant 782)?",8,2,3,0,0
Wheezing,How frequently does it occur (Variant 783)?,3,4,1,7,1
Wheezing,When did it start worsening (Variant 784)?,7,3,2,4,0
Wheezing,Any associated symptoms present (Variant 785)?,0,5,3,3,1
Wheezing,Triggered by activity (Variant 786)?,9,5,1,6,0
Wheezing,Localized or widespread (Variant 787)?,5,1,2,1,1
Wheezing,Constant or intermittent (Variant 788)?,6,0,3,2,0
Wheezing,Does it affect daily activities (Variant 789)?,4,5,1,5,1
Wheezing,Any emergency warning signs (Variant 790)?,2,5,2,8,0
Sore Throat,Since how many days (Variant 791)?,1,3,3,0,1
Sore Throat,"Mild, moderate or severe (Variant 792)?",8,2,1,7,0
Sore Throat,How frequently does it occur (Variant 793)?,3,4,2,4,1
Sore Throat,When did it start worsening (Variant 794)?,7,3,3,3,0
Sore Throat,Any associated symptoms present (Variant 795)?,0,5,1,6,1
Sore Throat,Triggered by activity (Variant 796)?,9,5,2,1,0
Sore Throat,Localized or widespread (Variant 797)?,5,1,3,2,1
Sore Throat,Constant or intermittent (Variant 798)?,6,0,1,5,0
Sore Throat,Does it affect daily activities (Variant 799)?,4,5,2,8,1
Sore Throat,Any emergency warning signs (Variant 800)?,2,5,3,0,0
Runny Nose,Since how many days (Variant 801)?,1,3,1,7,1
Runny Nose,"Mild, moderate or severe (Variant 802)?",8,2,2,4,0
Runny Nose,How frequently does it occur (Variant 803)?,3,4,3,3,1
Runny Nose,When did it start worsening (Variant 804)?,7,3,1,6,0
Runny Nose,Any associated symptoms present (Variant 805)?,0,5,2,1,1
Runny Nose,Triggered by activity (Variant 806)?,9,5,3,2,0
Runny Nose,Localized or widespread (Variant 807)?,5,1,1,5,1
Runny Nose,Constant or intermittent (Variant 808)?,6,0,2,8,0
Runny Nose,Does it affect daily activities (Variant 809)?,4,5,3,0,1
Runny Nose,Any emergency warning signs (Variant 810)?,2,5,1,7,0
Nasal Congestion,Since how many days (Variant 811)?,1,3,2,4,1
Nasal Congestion,"Mild, moderate or severe (Variant 812)?",8,2,3,3,0
Nasal Congestion,How frequently does it occur (Variant 813)?,3,4,1,6,1
Nasal Congestion,When did it start worsening (Variant 814)?,7,3,2,1,0
Nasal Congestion,Any associated symptoms present (Variant 815)?,0,5,3,2,1
Nasal Congestion,Triggered by activity (Variant 816)?,9,5,1,5,0
Nasal Congestion,Localized or widespread (Variant 817)?,5,1,2,8,1
Nasal Congestion,Constant or intermittent (Variant 818)?,6,0,3,0,0
Nasal Congestion,Does it affect daily activities (Variant 819)?,4,5,1,7,1
Nasal Congestion,Any emergency warning signs (Variant 820)?,2,5,2,4,0
Chills,Since how many days (Variant 821)?,1,3,3,3,1
Chills,"Mild, moderate or severe (Variant 822)?",8,2,1,6,0
Chills,How frequently does it occur (Variant 823)?,3,4,2,1,1
Chills,When did it start worsening (Variant 824)?,7,3,3,2,0
Chills,Any associated symptoms present (Variant 825)?,0,5,1,5,1
Chills,Triggered by activity (Variant 826)?,9,5,2,8,0
Chills,Localized or widespread (Variant 827)?,5,1,3,0,1
Chills,Constant or intermittent (Variant 828)?,6,0,1,7,0
Chills,Does it affect daily activities (Variant 829)?,4,5,2,4,1
Chills,Any emergency warning signs (Variant 830)?,2,5,3,3,0
Night Sweats,Since how many days (Variant 831)?,1,3,1,6,1
Night Sweats,"Mild, moderate or severe (Variant 832)?",8,2,2,1,0
Night Sweats,How frequently does it occur (Variant 833)?,3,4,3,2,1
Night Sweats,When did it start worsening (Variant 834)?,7,3,1,5,0
Night Sweats,Any associated symptoms present (Variant 835)?,0,5,2,8,1
Night Sweats,Triggered by activity (Variant 836)?,9,5,3,0,0
Night Sweats,Localized or widespread (Variant 837)?,5,1,1,7,1
Night Sweats,Constant or intermittent (Variant 838)?,6,0,2,4,0
Night Sweats,Does it affect daily activities (Variant 839)?,4,5,3,3,1
Night Sweats,Any emergency warning signs (Variant 840)?,2,5,1,6,0
Weight Loss,Since how many days (Variant 841)?,1,3,2,1,1
Weight Loss,"Mild, moderate or severe (Variant 842)?",8,2,3,2,0
Weight Loss,How frequently does it occur (Variant 843)?,3,4,1,5,1
Weight Loss,When did it start worsening (Variant 844)?,7,3,2,8,0
Weight Loss,Any associated symptoms present (Variant 845)?,0,5,3,0,1
Weight Loss,Triggered by activity (Variant 846)?,9,5,1,7,0
Weight Loss,Localized or widespread (Variant 847)?,5,1,2,4,1
Weight Loss,Constant or intermittent (Variant 848)?,6,0,3,3,0
Weight Loss,Does it affect daily activities (Variant 849)?,4,5,1,6,1
Weight Loss,Any emergency warning signs (Variant 850)?,2,5,2,1,0
Loss of Appetite,Since how many days (Variant 851)?,1,3,3,2,1
Loss of Appetite,"Mild, moderate or severe (Variant 852)?",8,2,1,5,0
Loss of Appetite,How frequently does it occur (Variant 853)?,3,4,2,8,1
Loss of Appetite,When did it start worsening (Variant 854)?,7,3,3,0,0
Loss of Appetite,Any associated symptoms present (Variant 855)?,0,5,1,7,1
Loss of Appetite,Triggered by activity (Variant 856)?,9,5,2,4,0
Loss of Appetite,Localized or widespread (Variant 857)?,5,1,3,3,1
Loss of Appetite,Constant or intermittent (Variant 858)?,6,0,1,6,0
Loss of Appetite,Does it affect daily activities (Variant 859)?,4,5,2,1,1
Loss of Appetite,Any emergency warning signs (Variant 860)?,2,5,3,2,0
Weakness,Since how many days (Variant 861)?,1,3,1,5,1
Weakness,"Mild, moderate or severe (Variant 862)?",8,2,2,8,0
Weakness,How frequently does it occur (Variant 863)?,3,4,3,0,1
Weakness,When did it start worsening (Variant 864)?,7,3,1,7,0
Weakness,Any associated symptoms present (Variant 865)?,0,5,2,4,1
Weakness,Triggered by activity (Variant 866)?,9,5,3,3,0
Weakness,Localized or widespread (Variant 867)?,5,1,1,6,1
Weakness,Constant or intermittent (Variant 868)?,6,0,2,1,0
Weakness,Does it affect daily activities (Variant 869)?,4,5,3,2,1
Weakness,Any emergency warning signs (Variant 870)?,2,5,1,5,0
Confusion,Since how many days (Variant 871)?,1,3,2,8,1
Confusion,"Mild, moderate or severe (Variant 872)?",8,2,3,0,0
Confusion,How frequently does it occur (Variant 873)?,3,4,1,7,1
Confusion,When did it start worsening (Variant 874)?,7,3,2,4,0
Confusion,Any associated symptoms present (Variant 875)?,0,5,3,3,1
Confusion,Triggered by activity (Variant 876)?,9,5,1,6,0
Confusion,Localized or widespread (Variant 877)?,5,1,2,1,1
Confusion,Constant or intermittent (Variant 878)?,6,0,3,2,0
Confusion,Does it affect daily activities (Variant 879)?,4,5,1,5,1
Confusion,Any emergency warning signs (Variant 880)?,2,5,2,8,0
Memory Loss,Since how many days (Variant 881)?,1,3,3,0,1
Memory Loss,"Mild, moderate or severe (Variant 882)?",8,2,1,7,0
Memory Loss,How frequently does it occur (Variant 883)?,3,4,2,4,1
Memory Loss,When did it start worsening (Variant 884)?,7,3,3,3,0
Memory Loss,Any associated symptoms present (Variant 885)?,0,5,1,6,1
Memory Loss,Triggered by activity (Variant 886)?,9,5,2,1,0
Memory Loss,Localized or widespread (Variant 887)?,5,1,3,2,1
Memory Loss,Constant or intermittent (Variant 888)?,6,0,1,5,0
Memory Loss,Does it affect daily activities (Variant 889)?,4,5,2,8,1
Memory Loss,Any emergency warning signs (Variant 890)?,2,5,3,0,0
Seizure,Since how many days (Variant 891)?,1,3,1,7,1
Seizure,"Mild, moderate or severe (Variant 892)?",8,2,2,4,0
Seizure,How frequently does it occur (Variant 893)?,3,4,3,3,1
Seizure,When did it start worsening (Variant 894)?,7,3,1,6,0
Seizure,Any associated symptoms present (Variant 895)?,0,5,2,1,1
Seizure,Triggered by activity (Variant 896)?,9,5,3,2,0
Seizure,Localized or widespread (Variant 897)?,5,1,1,5,1
Seizure,Constant or intermittent (Variant 898)?,6,0,2,8,0
Seizure,Does it affect daily activities (Variant 899)?,4,5,3,0,1
Seizure,Any emergency warning signs (Variant 900)?,2,5,1,7,0
Numbness,Since how many days (Variant 901)?,1,3,2,4,1
Numbness,"Mild, moderate or severe (Variant 902)?",8,2,3,3,0
Numbness,How frequently does it occur (Variant 903)?,3,4,1,6,1
Numbness,When did it start worsening (Variant 904)?,7,3,2,1,0
Numbness,Any associated symptoms present (Variant 905)?,0,5,3,2,1
Numbness,Triggered by activity (Variant 906)?,9,5,1,5,0
Numbness,Localized or widespread (Variant 907)?,5,1,2,8,1
Numbness,Constant or intermittent (Variant 908)?,6,0,3,0,0
Numbness,Does it affect daily activities (Variant 909)?,4,5,1,7,1
Numbness,Any emergency warning signs (Variant 910)?,2,5,2,4,0
Tingling,Since how many days (Variant 911)?,1,3,3,3,1
Tingling,"Mild, moderate or severe (Variant 912)?",8,2,1,6,0
Tingling,How frequently does it occur (Variant 913)?,3,4,2,1,1
Tingling,When did it start worsening (Variant 914)?,7,3,3,2,0
Tingling,Any associated symptoms present (Variant 915)?,0,5,1,5,1
Tingling,Triggered by activity (Variant 916)?,9,5,2,8,0
Tingling,Localized or widespread (Variant 917)?,5,1,3,0,1
Tingling,Constant or intermittent (Variant 918)?,6,0,1,7,0
Tingling,Does it affect daily activities (Variant 919)?,4,5,2,4,1
Tingling,Any emergency warning signs (Variant 920)?,2,5,3,3,0
Tremor,Since how many days (Variant 921)?,1,3,1,6,1
Tremor,"Mild, moderate or severe (Variant 922)?",8,2,2,1,0
Tremor,How frequently does it occur (Variant 923)?,3,4,3,2,1
Tremor,When did it start worsening (Variant 924)?,7,3,1,5,0
Tremor,Any associated symptoms present (Variant 925)?,0,5,2,8,1
Tremor,Triggered by activity (Variant 926)?,9,5,3,0,0
Tremor,Localized or widespread (Variant 927)?,5,1,1,7,1
Tremor,Constant or intermittent (Variant 928)?,6,0,2,4,0
Tremor,Does it affect daily activities (Variant 929)?,4,5,3,3,1
Tremor,Any emergency warning signs (Variant 930)?,2,5,1,6,0
Facial Droop,Since how many days (Variant 931)?,1,3,2,1,1
Facial Droop,"Mild, moderate or severe (Variant 932)?",8,2,3,2,0
Facial Droop,How frequently does it occur (Variant 933)?,3,4,1,5,1
Facial Droop,When did it start worsening (Variant 934)?,7,3,2,8,0
Facial Droop,Any associated symptoms present (Variant 935)?,0,5,3,0,1
Facial Droop,Triggered by activity (Variant 936)?,9,5,1,7,0
Facial Droop,Localized or widespread (Variant 937)?,5,1,2,4,1
Facial Droop,Constant or intermittent (Variant 938)?,6,0,3,3,0
Facial Droop,Does it affect daily activities (Variant 939)?,4,5,1,6,1
Facial Droop,Any emergency warning signs (Variant 940)?,2,5,2,1,0
Blurred Vision,Since how many days (Variant 941)?,1,3,3,2,1
Blurred Vision,"Mild, moderate or severe (Variant 942)?",8,2,1,5,0
Blurred Vision,How frequently does it occur (Variant 943)?,3,4,2,8,1
Blurred Vision,When did it start worsening (Variant 944)?,7,3,3,0,0
Blurred Vision,Any associated symptoms present (Variant 945)?,0,5,1,7,1
Blurred Vision,Triggered by activity (Variant 946)?,9,5,2,4,0
Blurred Vision,Localized or widespread (Variant 947)?,5,1,3,3,1
Blurred Vision,Constant or intermittent (Variant 948)?,6,0,1,6,0
Blurred Vision,Does it affect daily activities (Variant 949)?,4,5,2,1,1
Blurred Vision,Any emergency warning signs (Variant 950)?,2,5,3,2,0
Frequent Urination,Since how many days (Variant 951)?,1,3,1,5,1
Frequent Urination,"Mild, moderate or severe (Variant 952)?",8,2,2,8,0
Frequent Urination,How frequently does it occur (Variant 953)?,3,4,3,0,1
Frequent Urination,When did it start worsening (Variant 954)?,7,3,1,7,0
Frequent Urination,Any associated symptoms present (Variant 955)?,0,5,2,4,1
Frequent Urination,Triggered by activity (Variant 956)?,9,5,3,3,0
Frequent Urination,Localized or widespread (Variant 957)?,5,1,1,6,1
Frequent Urination,Constant or intermittent (Variant 958)?,6,0,2,1,0
Frequent Urination,Does it affect daily activities (Variant 959)?,4,5,3,2,1
Frequent Urination,Any emergency warning signs (Variant 960)?,2,5,1,5,0
Excess Thirst,Since how many days (Variant 961)?,1,3,2,8,1
Excess Thirst,"Mild, moderate or severe (Variant 962)?",8,2,3,0,0
Excess Thirst,How frequently does it occur (Variant 963)?,3,4,1,7,1
Excess Thirst,When did it start worsening (Variant 964)?,7,3,2,4,0
Excess Thirst,Any associated symptoms present (Variant 965)?,0,5,3,3,1
Excess Thirst,Triggered by activity (Variant 966)?,9,5,1,6,0
Excess Thirst,Localized or widespread (Variant 967)?,5,1,2,1,1
Excess Thirst,Constant or intermittent (Variant 968)?,6,0,3,2,0
Excess Thirst,Does it affect daily activities (Variant 969)?,4,5,1,5,1
Excess Thirst,Any emergency warning signs (Variant 970)?,2,5,2,8,0
Heat Intolerance,Since how many days (Variant 971)?,1,3,3,0,1
Heat Intolerance,"Mild, moderate or severe (Variant 972)?",8,2,1,7,0
Heat Intolerance,How frequently does it occur (Variant 973)?,3,4,2,4,1
Heat Intolerance,When did it start worsening (Variant 974)?,7,3,3,3,0
Heat Intolerance,Any associated symptoms present (Variant 975)?,0,5,1,6,1
Heat Intolerance,Triggered by activity (Variant 976)?,9,5,2,1,0
Heat Intolerance,Localized or widespread (Variant 977)?,5,1,3,2,1
Heat Intolerance,Constant or intermittent (Variant 978)?,6,0,1,5,0
Heat Intolerance,Does it affect daily activities (Variant 979)?,4,5,2,8,1
Heat Intolerance,Any emergency warning signs (Variant 980)?,2,5,3,0,0
Cold Intolerance,Since how many days (Variant 981)?,1,3,1,7,1
Cold Intolerance,"Mild, moderate or severe (Variant 982)?",8,2,2,4,0
Cold Intolerance,How frequently does it occur (Variant 983)?,3,4,3,3,1
Cold Intolerance,When did it start worsening (Variant 984)?,7,3,1,6,0
Cold Intolerance,Any associated symptoms present (Variant 985)?,0,5,2,1,1
Cold Intolerance,Triggered by activity (Variant 986)?,9,5,3,2,0
Cold Intolerance,Localized or widespread (Variant 987)?,5,1,1,5,1
Cold Intolerance,Constant or intermittent (Variant 988)?,6,0,2,8,0
Cold Intolerance,Does it affect daily activities (Variant 989)?,4,5,3,0,1
Cold Intolerance,Any emergency warning signs (Variant 990)?,2,5,1,7,0
Rash,Since how many days (Variant 991)?,1,3,2,4,1
Rash,"Mild, moderate or severe (Variant 992)?",8,2,3,3,0
Rash,How frequently does it occur (Variant 993)?,3,4,1,6,1
Rash,When did it start worsening (Variant 994)?,7,3,2,1,0
Rash,Any associated symptoms present (Variant 995)?,0,5,3,2,1
Rash,Triggered by activity (Variant 996)?,9,5,1,5,0
Rash,Localized or widespread (Variant 997)?,5,1,2,8,1
Rash,Constant or intermittent (Variant 998)?,6,0,3,0,0
Rash,Does it affect daily activities (Variant 999)?,4,5,1,7,1
Rash,Any emergency warning signs (Variant 1000)?,2,5,2,4,0
Itching,Since how many days (Variant 1001)?,1,3,3,3,1
Itching,"Mild, moderate or severe (Variant 1002)?",8,2,1,6,0
Itching,How frequently does it occur (Variant 1003)?,3,4,2,1,1
Itching,When did it start worsening (Variant 1004)?,7,3,3,2,0
Itching,Any associated symptoms present (Variant 1005)?,0,5,1,5,1
Itching,Triggered by activity (Variant 1006)?,9,5,2,8,0
Itching,Localized or widespread (Variant 1007)?,5,1,3,0,1
Itching,Constant or intermittent (Variant 1008)?,6,0,1,7,0
Itching,Does it affect daily activities (Variant 1009)?,4,5,2,4,1
Itching,Any emergency warning signs (Variant 1010)?,2,5,3,3,0
Skin Lesions,Since how many days (Variant 1011)?,1,3,1,6,1
Skin Lesions,"Mild, moderate or severe (Variant 1012)?",8,2,2,1,0
Skin Lesions,How frequently does it occur (Variant 1013)?,3,4,3,2,1
Skin Lesions,When did it start worsening (Variant 1014)?,7,3,1,5,0
Skin Lesions,Any associated symptoms present (Variant 1015)?,0,5,2,8,1
Skin Lesions,Triggered by activity (Variant 1016)?,9,5,3,0,0
Skin Lesions,Localized or widespread (Variant 1017)?,5,1,1,7,1
Skin Lesions,Constant or intermittent (Variant 1018)?,6,0,2,4,0
Skin Lesions,Does it affect daily activities (Variant 1019)?,4,5,3,3,1
Skin Lesions,Any emergency warning signs (Variant 1020)?,2,5,1,6,0
Hair Loss,Since how many days (Variant 1021)?,1,3,2,1,1
Hair Loss,"Mild, moderate or severe (Variant 1022)?",8,2,3,2,0
Hair Loss,How frequently does it occur (Variant 1023)?,3,4,1,5,1
Hair Loss,When did it start worsening (Variant 1024)?,7,3,2,8,0
Hair Loss,Any associated symptoms present (Variant 1025)?,0,5,3,0,1
Hair Loss,Triggered by activity (Variant 1026)?,9,5,1,7,0
Hair Loss,Localized or widespread (Variant 1027)?,5,1,2,4,1
Hair Loss,Constant or intermittent (Variant 1028)?,6,0,3,3,0
Hair Loss,Does it affect daily activities (Variant 1029)?,4,5,1,6,1
Hair Loss,Any emergency warning signs (Variant 1030)?,2,5,2,1,0
Insomnia,Since how many days (Variant 1031)?,1,3,3,2,1
Insomnia,"Mild, moderate or severe (Variant 1032)?",8,2,1,5,0
Insomnia,How frequently does it occur (Variant 1033)?,3,4,2,8,1
Insomnia,When did it start worsening (Variant 1034)?,7,3,3,0,0
Insomnia,Any associated symptoms present (Variant 1035)?,0,5,1,7,1
Insomnia,Triggered by activity (Variant 1036)?,9,5,2,4,0
Insomnia,Localized or widespread (Variant 1037)?,5,1,3,3,1
Insomnia,Constant or intermittent (Variant 1038)?,6,0,1,6,0
Insomnia,Does it affect daily activities (Variant 1039)?,4,5,2,1,1
Insomnia,Any emergency warning signs (Variant 1040)?,2,5,3,2,0
Anxiety,Since how many days (Variant 1041)?,1,3,1,5,1
Anxiety,"Mild, moderate or severe (Variant 1042)?",8,2,2,8,0
Anxiety,How frequently does it occur (Variant 1043)?,3,4,3,0,1
Anxiety,When did it start worsening (Variant 1044)?,7,3,1,7,0
Anxiety,Any associated symptoms present (Variant 1045)?,0,5,2,4,1
Anxiety,Triggered by activity (Variant 1046)?,9,5,3,3,0
Anxiety,Localized or widespread (Variant 1047)?,5,1,1,6,1
Anxiety,Constant or intermittent (Variant 1048)?,6,0,2,1,0
Anxiety,Does it affect daily activities (Variant 1049)?,4,5,3,2,1
Anxiety,Any emergency warning signs (Variant 1050)?,2,5,1,5,0
Depressed Mood,Since how many days (Variant 1051)?,1,3,2,8,1
Depressed Mood,"Mild, moderate or severe (Variant 1052)?",8,2,3,0,0
Depressed Mood,How frequently does it occur (Variant 1053)?,3,4,1,7,1
Depressed Mood,When did it start worsening (Variant 1054)?,7,3,2,4,0
Depressed Mood,Any associated symptoms present (Variant 1055)?,0,5,3,3,1
Depressed Mood,Triggered by activity (Variant 1056)?,9,5,1,6,0
Depressed Mood,Localized or widespread (Variant 1057)?,5,1,2,1,1
Depressed Mood,Constant or intermittent (Variant 1058)?,6,0,3,2,0
Depressed Mood,Does it affect daily activities (Variant 1059)?,4,5,1,5,1
Depressed Mood,Any emergency warning signs (Variant 1060)?,2,5,2,8,0
Irritability,Since how many days (Variant 1061)?,1,3,3,0,1
Irritability,"Mild, moderate or severe (Variant 1062)?",8,2,1,7,0
Irritability,How frequently does it occur (Variant 1063)?,3,4,2,4,1
Irritability,When did it start worsening (Variant 1064)?,7,3,3,3,0
Irritability,Any associated symptoms present (Variant 1065)?,0,5,1,6,1
Irritability,Triggered by activity (Variant 1066)?,9,5,2,1,0
Irritability,Localized or widespread (Variant 1067)?,5,1,3,2,1
Irritability,Constant or intermittent (Variant 1068)?,6,0,1,5,0
Irritability,Does it affect daily activities (Variant 1069)?,4,5,2,8,1
Irritability,Any emergency warning signs (Variant 1070)?,2,5,3,0,0
Ear Pain,Since how many days (Variant 1071)?,1,3,1,7,1
Ear Pain,"Mild, moderate or severe (Variant 1072)?",8,2,2,4,0
Ear Pain,How frequently does it occur (Variant 1073)?,3,4,3,3,1
Ear Pain,When did it start worsening (Variant 1074)?,7,3,1,6,0
Ear Pain,Any associated symptoms present (Variant 1075)?,0,5,2,1,1
Ear Pain,Triggered by activity (Variant 1076)?,9,5,3,2,0
Ear Pain,Localized or widespread (Variant 1077)?,5,1,1,5,1
Ear Pain,Constant or intermittent (Variant 1078)?,6,0,2,8,0
Ear Pain,Does it affect daily activities (Variant 1079)?,4,5,3,0,1
Ear Pain,Any emergency warning signs (Variant 1080)?,2,5,1,7,0
Hearing Loss,Since how many days (Variant 1081)?,1,3,2,4,1
Hearing Loss,"Mild, moderate or severe (Variant 1082)?",8,2,3,3,0
Hearing Loss,How frequently does it occur (Variant 1083)?,3,4,1,6,1
Hearing Loss,When did it start worsening (Variant 1084)?,7,3,2,1,0
Hearing Loss,Any associated symptoms present (Variant 1085)?,0,5,3,2,1
Hearing Loss,Triggered by activity (Variant 1086)?,9,5,1,5,0
Hearing Loss,Localized or widespread (Variant 1087)?,5,1,2,8,1
Hearing Loss,Constant or intermittent (Variant 1088)?,6,0,3,0,0
Hearing Loss,Does it affect daily activities (Variant 1089)?,4,5,1,7,1
Hearing Loss,Any emergency warning signs (Variant 1090)?,2,5,2,4,0
Neck Pain,Since how many days (Variant 1091)?,1,3,3,3,1
Neck Pain,"Mild, moderate or severe (Variant 1092)?",8,2,1,6,0
Neck Pain,How frequently does it occur (Variant 1093)?,3,4,2,1,1
Neck Pain,When did it start worsening (Variant 1094)?,7,3,3,2,0
Neck Pain,Any associated symptoms present (Variant 1095)?,0,5,1,5,1
Neck Pain,Triggered by activity (Variant 1096)?,9,5,2,8,0
Neck Pain,Localized or widespread (Variant 1097)?,5,1,3,0,1
Neck Pain,Constant or intermittent (Variant 1098)?,6,0,1,7,0
Neck Pain,Does it affect daily activities (Variant 1099)?,4,5,2,4,1
Neck Pain,Any emergency warning signs (Variant 1100)?,2,5,3,3,0
Pelvic Pain,Since how many days (Variant 1101)?,1,3,1,6,1
Pelvic Pain,"Mild, moderate or severe (Variant 1102)?",8,2,2,1,0
Pelvic Pain,How frequently does it occur (Variant 1103)?,3,4,3,2,1
Pelvic Pain,When did it start worsening (Variant 1104)?,7,3,1,5,0
Pelvic Pain,Any associated symptoms present (Variant 1105)?,0,5,2,8,1
Pelvic Pain,Triggered by activity (Variant 1106)?,9,5,3,0,0
Pelvic Pain,Localized or widespread (Variant 1107)?,5,1,1,7,1
Pelvic Pain,Constant or intermittent (Variant 1108)?,6,0,2,4,0
Pelvic Pain,Does it affect daily activities (Variant 1109)?,4,5,3,3,1
Pelvic Pain,Any emergency warning signs (Variant 1110)?,2,5,1,6,0
Menstrual Irregularity,Since how many days (Variant 1111)?,1,3,2,1,1
Menstrual Irregularity,"Mild, moderate or severe (Variant 1112)?",8,2,3,2,0
Menstrual Irregularity,How frequently does it occur (Variant 1113)?,3,4,1,5,1
Menstrual Irregularity,When did it start worsening (Variant 1114)?,7,3,2,8,0
Menstrual Irregularity,Any associated symptoms present (Variant 1115)?,0,5,3,0,1
Menstrual Irregularity,Triggered by activity (Variant 1116)?,9,5,1,7,0
Menstrual Irregularity,Localized or widespread (Variant 1117)?,5,1,2,4,1
Menstrual Irregularity,Constant or intermittent (Variant 1118)?,6,0,3,3,0
Menstrual Irregularity,Does it affect daily activities (Variant 1119)?,4,5,1,6,1
Menstrual Irregularity,Any emergency warning signs (Variant 1120)?,2,5,2,1,0
Burning Urination,Since how many days (Variant 1121)?,1,3,3,2,1
Burning Urination,"Mild, moderate or severe (Variant 1122)?",8,2,1,5,0
Burning Urination,How frequently does it occur (Variant 1123)?,3,4,2,8,1
Burning Urination,When did it start worsening (Variant 1124)?,7,3,3,0,0
Burning Urination,Any associated symptoms present (Variant 1125)?,0,5,1,7,1
Burning Urination,Triggered by activity (Variant 1126)?,9,5,2,4,0
Burning Urination,Localized or widespread (Variant 1127)?,5,1,3,3,1
Burning Urination,Constant or intermittent (Variant 1128)?,6,0,1,6,0
Burning Urination,Does it affect daily activities (Variant 1129)?,4,5,2,1,1
Burning Urination,Any emergency warning signs (Variant 1130)?,2,5,3,2,0
Blood in Urine,Since how many days (Variant 1131)?,1,3,1,5,1
Blood in Urine,"Mild, moderate or severe (Variant 1132)?",8,2,2,8,0
Blood in Urine,How frequently does it occur (Variant 1133)?,3,4,3,0,1
Blood in Urine,When did it start worsening (Variant 1134)?,7,3,1,7,0
Blood in Urine,Any associated symptoms present (Variant 1135)?,0,5,2,4,1
Blood in Urine,Triggered by activity (Variant 1136)?,9,5,3,3,0
Blood in Urine,Localized or widespread (Variant 1137)?,5,1,1,6,1
Blood in Urine,Constant or intermittent (Variant 1138)?,6,0,2,1,0
Blood in Urine,Does it affect daily activities (Variant 1139)?,4,5,3,2,1
Blood in Urine,Any emergency warning signs (Variant 1140)?,2,5,1,5,0
Swollen Lymph Nodes,Since how many days (Variant 1141)?,1,3,2,8,1
Swollen Lymph Nodes,"Mild, moderate or severe (Variant 1142)?",8,2,3,0,0
Swollen Lymph Nodes,How frequently does it occur (Variant 1143)?,3,4,1,7,1
Swollen Lymph Nodes,When did it start worsening (Variant 1144)?,7,3,2,4,0
Swollen Lymph Nodes,Any associated symptoms present (Variant 1145)?,0,5,3,3,1
Swollen Lymph Nodes,Triggered by activity (Variant 1146)?,9,5,1,6,0
Swollen Lymph Nodes,Localized or widespread (Variant 1147)?,5,1,2,1,1
Swollen Lymph Nodes,Constant or intermittent (Variant 1148)?,6,0,3,2,0
Swollen Lymph Nodes,Does it affect daily activities (Variant 1149)?,4,5,1,5,1
Swollen Lymph Nodes,Any emergency warning signs (Variant 1150)?,2,5,2,8,0
Dry Mouth,Since how many days (Variant 1151)?,1,3,3,0,1
Dry Mouth,"Mild, moderate or severe (Variant 1152)?",8,2,1,7,0
Dry Mouth,How frequently does it occur (Variant 1153)?,3,4,2,4,1
Dry Mouth,When did it start worsening (Variant 1154)?,7,3,3,3,0
Dry Mouth,Any associated symptoms present (Variant 1155)?,0,5,1,6,1
Dry Mouth,Triggered by activity (Variant 1156)?,9,5,2,1,0
Dry Mouth,Localized or widespread (Variant 1157)?,5,1,3,2,1
Dry Mouth,Constant or intermittent (Variant 1158)?,6,0,1,5,0
Dry Mouth,Does it affect daily activities (Variant 1159)?,4,5,2,8,1
Dry Mouth,Any emergency warning signs (Variant 1160)?,2,5,3,0,0
Mouth Ulcers,Since how many days (Variant 1161)?,1,3,1,7,1
Mouth Ulcers,"Mild, moderate or severe (Variant 1162)?",8,2,2,4,0
Mouth Ulcers,How frequently does it occur (Variant 1163)?,3,4,3,3,1
Mouth Ulcers,When did it start worsening (Variant 1164)?,7,3,1,6,0
Mouth Ulcers,Any associated symptoms present (Variant 1165)?,0,5,2,1,1
Mouth Ulcers,Triggered by activity (Variant 1166)?,9,5,3,2,0
Mouth Ulcers,Localized or widespread (Variant 1167)?,5,1,1,5,1
Mouth Ulcers,Constant or intermittent (Variant 1168)?,6,0,2,8,0
Mouth Ulcers,Does it affect daily activities (Variant 1169)?,4,5,3,0,1
Mouth Ulcers,Any emergency warning signs (Variant 1170)?,2,5,1,7,0
Difficulty Swallowing,Since how many days (Variant 1171)?,1,3,2,4,1
Difficulty Swallowing,"Mild, moderate or severe (Variant 1172)?",8,2,3,3,0
Difficulty Swallowing,How frequently does it occur (Variant 1173)?,3,4,1,6,1
Difficulty Swallowing,When did it start worsening (Variant 1174)?,7,3,2,1,0
Difficulty Swallowing,Any associated symptoms present (Variant 1175)?,0,5,3,2,1
Difficulty Swallowing,Triggered by activity (Variant 1176)?,9,5,1,5,0
Difficulty Swallowing,Localized or widespread (Variant 1177)?,5,1,2,8,1
Difficulty Swallowing,Constant or intermittent (Variant 1178)?,6,0,3,0,0
Difficulty Swallowing,Does it affect daily activities (Variant 1179)?,4,5,1,7,1
Difficulty Swallowing,Any emergency warning signs (Variant 1180)?,2,5,2,4,0
Cyanosis,Since how many days (Variant 1181)?,1,3,3,3,1
Cyanosis,"Mild, moderate or severe (Variant 1182)?",8,2,1,6,0
Cyanosis,How frequently does it occur (Variant 1183)?,3,4,2,1,1
Cyanosis,When did it start worsening (Variant 1184)?,7,3,3,2,0
Cyanosis,Any associated symptoms present (Variant 1185)?,0,5,1,5,1
Cyanosis,Triggered by activity (Variant 1186)?,9,5,2,8,0
Cyanosis,Localized or widespread (Variant 1187)?,5,1,3,0,1
Cyanosis,Constant or intermittent (Variant 1188)?,6,0,1,7,0
Cyanosis,Does it affect daily activities (Variant 1189)?,4,5,2,4,1
Cyanosis,Any emergency warning signs (Variant 1190)?,2,5,3,3,0
Severe Bleeding,Since how many days (Variant 1191)?,1,3,1,6,1
Severe Bleeding,"Mild, moderate or severe (Variant 1192)?",8,2,2,1,0
Severe Bleeding,How frequently does it occur (Variant 1193)?,3,4,3,2,1
Severe Bleeding,When did it start worsening (Variant 1194)?,7,3,1,5,0
Severe Bleeding,Any associated symptoms present (Variant 1195)?,0,5,2,8,1
Severe Bleeding,Triggered by activity (Variant 1196)?,9,5,3,0,0
Severe Bleeding,Localized or widespread (Variant 1197)?,5,1,1,7,1
Severe Bleeding,Constant or intermittent (Variant 1198)?,6,0,2,4,0
Severe Bleeding,Does it affect daily activities (Variant 1199)?,4,5,3,3,1
Severe Bleeding,Any emergency warning signs (Variant 1200)?,2,5,1,6,0
Fever,Since how many days (Variant 1201)?,1,3,2,8,1
Fever,"Mild, moderate or severe (Variant 1202)?",8,2,3,0,0
Fever,How frequently does it occur (Variant 1203)?,3,4,1,7,1
Fever,When did it start worsening (Variant 1204)?,7,3,2,4,0
Fever,Any associated symptoms present (Variant 1205)?,0,5,3,3,1
Fever,Triggered by activity (Variant 1206)?,9,5,1,6,0
Fever,Localized or widespread (Variant 1207)?,5,1,2,1,1
Fever,Constant or intermittent (Variant 1208)?,6,0,3,2,0
Fever,Does it affect daily activities (Variant 1209)?,4,5,1,5,1
Fever,Any emergency warning signs (Variant 1210)?,2,5,2,8,0
Cough,Since how many days (Variant 1211)?,1,3,3,0,1
Cough,"Mild, moderate or severe (Variant 1212)?",8,2,1,7,0
Cough,How frequently does it occur (Variant 1213)?,3,4,2,4,1
Cough,When did it start worsening (Variant 1214)?,7,3,3,3,0
Cough,Any associated symptoms present (Variant 1215)?,0,5,1,6,1
Cough,Triggered by activity (Variant 1216)?,9,5,2,1,0
Cough,Localized or widespread (Variant 1217)?,5,1,3,2,1
Cough,Constant or intermittent (Variant 1218)?,6,0,1,5,0
Cough,Does it affect daily activities (Variant 1219)?,4,5,2,8,1
Cough,Any emergency warning signs (Variant 1220)?,2,5,3,0,0
Fatigue,Since how many days (Variant 1221)?,1,3,1,7,1
Fatigue,"Mild, moderate or severe (Variant 1222)?",8,2,2,4,0
Fatigue,How frequently does it occur (Variant 1223)?,3,4,3,3,1
Fatigue,When did it start worsening (Variant 1224)?,7,3,1,6,0
Fatigue,Any associated symptoms present (Variant 1225)?,0,5,2,1,1
Fatigue,Triggered by activity (Variant 1226)?,9,5,3,2,0
Fatigue,Localized or widespread (Variant 1227)?,5,1,1,5,1
Fatigue,Constant or intermittent (Variant 1228)?,6,0,2,8,0
Fatigue,Does it affect daily activities (Variant 1229)?,4,5,3,0,1
Fatigue,Any emergency warning signs (Variant 1230)?,2,5,1,7,0
Breathlessness,Since how many days (Variant 1231)?,1,3,2,4,1
Breathlessness,"Mild, moderate or severe (Variant 1232)?",8,2,3,3,0
Breathlessness,How frequently does it occur (Variant 1233)?,3,4,1,6,1
Breathlessness,When did it start worsening (Variant 1234)?,7,3,2,1,0
Breathlessness,Any associated symptoms present (Variant 1235)?,0,5,3,2,1
Breathlessness,Triggered by activity (Variant 1236)?,9,5,1,5,0
Breathlessness,Localized or widespread (Variant 1237)?,5,1,2,8,1
Breathlessness,Constant or intermittent (Variant 1238)?,6,0,3,0,0
Breathlessness,Does it affect daily activities (Variant 1239)?,4,5,1,7,1
Breathlessness,Any emergency warning signs (Variant 1240)?,2,5,2,4,0
Chest Pain,Since how many days (Variant 1241)?,1,3,3,3,1
Chest Pain,"Mild, moderate or severe (Variant 1242)?",8,2,1,6,0
Chest Pain,How frequently does it occur (Variant 1243)?,3,4,2,1,1
Chest Pain,When did it start worsening (Variant 1244)?,7,3,3,2,0
Chest Pain,Any associated symptoms present (Variant 1245)?,0,5,1,5,1
Chest Pain,Triggered by activity (Variant 1246)?,9,5,2,8,0
Chest Pain,Localized or widespread (Variant 1247)?,5,1,3,0,1
Chest Pain,Constant or intermittent (Variant 1248)?,6,0,1,7,0
Chest Pain,Does it affect daily activities (Variant 1249)?,4,5,2,4,1
Chest Pain,Any emergency warning signs (Variant 1250)?,2,5,3,3,0
Headache,Since how many days (Variant 1251)?,1,3,1,6,1
Headache,"Mild, moderate or severe (Variant 1252)?",8,2,2,1,0
Headache,How frequently does it occur (Variant 1253)?,3,4,3,2,1
Headache,When did it start worsening (Variant 1254)?,7,3,1,5,0
Headache,Any associated symptoms present (Variant 1255)?,0,5,2,8,1
Headache,Triggered by activity (Variant 1256)?,9,5,3,0,0
Headache,Localized or widespread (Variant 1257)?,5,1,1,7,1
Headache,Constant or intermittent (Variant 1258)?,6,0,2,4,0
Headache,Does it affect daily activities (Variant 1259)?,4,5,3,3,1
Headache,Any emergency warning signs (Variant 1260)?,2,5,1,6,0
Dizziness,Since how many days (Variant 1261)?,1,3,2,1,1
Dizziness,"Mild, moderate or severe (Variant 1262)?",8,2,3,2,0
Dizziness,How frequently does it occur (Variant 1263)?,3,4,1,5,1
Dizziness,When did it start worsening (Variant 1264)?,7,3,2,8,0
Dizziness,Any associated symptoms present (Variant 1265)?,0,5,3,0,1
Dizziness,Triggered by activity (Variant 1266)?,9,5,1,7,0
Dizziness,Localized or widespread (Variant 1267)?,5,1,2,4,1
Dizziness,Constant or intermittent (Variant 1268)?,6,0,3,3,0
Dizziness,Does it affect daily activities (Variant 1269)?,4,5,1,6,1
Dizziness,Any emergency warning signs (Variant 1270)?,2,5,2,1,0
Nausea,Since how many days (Variant 1271)?,1,3,3,2,1
Nausea,"Mild, moderate or severe (Variant 1272)?",8,2,1,5,0
Nausea,How frequently does it occur (Variant 1273)?,3,4,2,8,1
Nausea,When did it start worsening (Variant 1274)?,7,3,3,0,0
Nausea,Any associated symptoms present (Variant 1275)?,0,5,1,7,1
Nausea,Triggered by activity (Variant 1276)?,9,5,2,4,0
Nausea,Localized or widespread (Variant 1277)?,5,1,3,3,1
Nausea,Constant or intermittent (Variant 1278)?,6,0,1,6,0
Nausea,Does it affect daily activities (Variant 1279)?,4,5,2,1,1
Nausea,Any emergency warning signs (Variant 1280)?,2,5,3,2,0
Vomiting,Since how many days (Variant 1281)?,1,3,1,5,1
Vomiting,"Mild, moderate or severe (Variant 1282)?",8,2,2,8,0
Vomiting,How frequently does it occur (Variant 1283)?,3,4,3,0,1
Vomiting,When did it start worsening (Variant 1284)?,7,3,1,7,0
Vomiting,Any associated symptoms present (Variant 1285)?,0,5,2,4,1
Vomiting,Triggered by activity (Variant 1286)?,9,5,3,3,0
Vomiting,Localized or widespread (Variant 1287)?,5,1,1,6,1
Vomiting,Constant or intermittent (Variant 1288)?,6,0,2,1,0
Vomiting,Does it affect daily activities (Variant 1289)?,4,5,3,2,1
Vomiting,Any emergency warning signs (Variant 1290)?,2,5,1,5,0
Diarrhea,Since how many days (Variant 1291)?,1,3,2,8,1
Diarrhea,"Mild, moderate or severe (Variant 1292)?",8,2,3,0,0
Diarrhea,How frequently does it occur (Variant 1293)?,3,4,1,7,1
Diarrhea,When did it start worsening (Variant 1294)?,7,3,2,4,0
Diarrhea,Any associated symptoms present (Variant 1295)?,0,5,3,3,1
Diarrhea,Triggered by activity (Variant 1296)?,9,5,1,6,0
Diarrhea,Localized or widespread (Variant 1297)?,5,1,2,1,1
Diarrhea,Constant or intermittent (Variant 1298)?,6,0,3,2,0
Diarrhea,Does it affect daily activities (Variant 1299)?,4,5,1,5,1
Diarrhea,Any emergency warning signs (Variant 1300)?,2,5,2,8,0
Constipation,Since how many days (Variant 1301)?,1,3,3,0,1
Constipation,"Mild, moderate or severe (Variant 1302)?",8,2,1,7,0
Constipation,How frequently does it occur (Variant 1303)?,3,4,2,4,1
Constipation,When did it start worsening (Variant 1304)?,7,3,3,3,0
Constipation,Any associated symptoms present (Variant 1305)?,0,5,1,6,1
Constipation,Triggered by activity (Variant 1306)?,9,5,2,1,0
Constipation,Localized or widespread (Variant 1307)?,5,1,3,2,1
Constipation,Constant or intermittent (Variant 1308)?,6,0,1,5,0
Constipation,Does it affect daily activities (Variant 1309)?,4,5,2,8,1
Constipation,Any emergency warning signs (Variant 1310)?,2,5,3,0,0
Abdominal Pain,Since how many days (Variant 1311)?,1,3,1,7,1
Abdominal Pain,"Mild, moderate or severe (Variant 1312)?",8,2,2,4,0
Abdominal Pain,How frequently does it occur (Variant 1313)?,3,4,3,3,1
Abdominal Pain,When did it start worsening (Variant 1314)?,7,3,1,6,0
Abdominal Pain,Any associated symptoms present (Variant 1315)?,0,5,2,1,1
Abdominal Pain,Triggered by activity (Variant 1316)?,9,5,3,2,0
Abdominal Pain,Localized or widespread (Variant 1317)?,5,1,1,5,1
Abdominal Pain,Constant or intermittent (Variant 1318)?,6,0,2,8,0
Abdominal Pain,Does it affect daily activities (Variant 1319)?,4,5,3,0,1
Abdominal Pain,Any emergency warning signs (Variant 1320)?,2,5,1,7,0
Back Pain,Since how many days (Variant 1321)?,1,3,2,4,1
Back Pain,"Mild, moderate or severe (Variant 1322)?",8,2,3,3,0
Back Pain,How frequently does it occur (Variant 1323)?,3,4,1,6,1
Back Pain,When did it start worsening (Variant 1324)?,7,3,2,1,0
Back Pain,Any associated symptoms present (Variant 1325)?,0,5,3,2,1
Back Pain,Triggered by activity (Variant 1326)?,9,5,1,5,0
Back Pain,Localized or widespread (Variant 1327)?,5,1,2,8,1
Back Pain,Constant or intermittent (Variant 1328)?,6,0,3,0,0
Back Pain,Does it affect daily activities (Variant 1329)?,4,5,1,7,1
Back Pain,Any emergency warning signs (Variant 1330)?,2,5,2,4,0
Joint Pain,Since how many days (Variant 1331)?,1,3,3,3,1
Joint Pain,"Mild, moderate or severe (Variant 1332)?",8,2,1,6,0
Joint Pain,How frequently does it occur (Variant 1333)?,3,4,2,1,1
Joint Pain,When did it start worsening (Variant 1334)?,7,3,3,2,0
Joint Pain,Any associated symptoms present (Variant 1335)?,0,5,1,5,1
Joint Pain,Triggered by activity (Variant 1336)?,9,5,2,8,0
Joint Pain,Localized or widespread (Variant 1337)?,5,1,3,0,1
Joint Pain,Constant or intermittent (Variant 1338)?,6,0,1,7,0
Joint Pain,Does it affect daily activities (Variant 1339)?,4,5,2,4,1
Joint Pain,Any emergency warning signs (Variant 1340)?,2,5,3,3,0
Muscle Pain,Since how many days (Variant 1341)?,1,3,1,6,1
Muscle Pain,"Mild, moderate or severe (Variant 1342)?",8,2,2,1,0
Muscle Pain,How frequently does it occur (Variant 1343)?,3,4,3,2,1
Muscle Pain,When did it start worsening (Variant 1344)?,7,3,1,5,0
Muscle Pain,Any associated symptoms present (Variant 1345)?,0,5,2,8,1
Muscle Pain,Triggered by activity (Variant 1346)?,9,5,3,0,0
Muscle Pain,Localized or widespread (Variant 1347)?,5,1,1,7,1
Muscle Pain,Constant or intermittent (Variant 1348)?,6,0,2,4,0
Muscle Pain,Does it affect daily activities (Variant 1349)?,4,5,3,3,1
Muscle Pain,Any emergency warning signs (Variant 1350)?,2,5,1,6,0
Palpitations,Since how many days (Variant 1351)?,1,3,2,1,1
Palpitations,"Mild, moderate or severe (Variant 1352)?",8,2,3,2,0
Palpitations,How frequently does it occur (Variant 1353)?,3,4,1,5,1
Palpitations,When did it start worsening (Variant 1354)?,7,3,2,8,0
Palpitations,Any associated symptoms present (Variant 1355)?,0,5,3,0,1
Palpitations,Triggered by activity (Variant 1356)?,9,5,1,7,0
Palpitations,Localized or widespread (Variant 1357)?,5,1,2,4,1
Palpitations,Constant or intermittent (Variant 1358)?,6,0,3,3,0
Palpitations,Does it affect daily activities (Variant 1359)?,4,5,1,6,1
Palpitations,Any emergency warning signs (Variant 1360)?,2,5,2,1,0
Leg Swelling,Since how many days (Variant 1361)?,1,3,3,2,1
Leg Swelling,"Mild, moderate or severe (Variant 1362)?",8,2,1,5,0
Leg Swelling,How frequently does it occur (Variant 1363)?,3,4,2,8,1
Leg Swelling,When did it start worsening (Variant 1364)?,7,3,3,0,0
Leg Swelling,Any associated symptoms present (Variant 1365)?,0,5,1,7,1
Leg Swelling,Triggered by activity (Variant 1366)?,9,5,2,4,0
Leg Swelling,Localized or widespread (Variant 1367)?,5,1,3,3,1
Leg Swelling,Constant or intermittent (Variant 1368)?,6,0,1,6,0
Leg Swelling,Does it affect daily activities (Variant 1369)?,4,5,2,1,1
Leg Swelling,Any emergency warning signs (Variant 1370)?,2,5,3,2,0
Syncope,Since how many days (Variant 1371)?,1,3,1,5,1
Syncope,"Mild, moderate or severe (Variant 1372)?",8,2,2,8,0
Syncope,How frequently does it occur (Variant 1373)?,3,4,3,0,1
Syncope,When did it start worsening (Variant 1374)?,7,3,1,7,0
Syncope,Any associated symptoms present (Variant 1375)?,0,5,2,4,1
Syncope,Triggered by activity (Variant 1376)?,9,5,3,3,0
Syncope,Localized or widespread (Variant 1377)?,5,1,1,6,1
Syncope,Constant or intermittent (Variant 1378)?,6,0,2,1,0
Syncope,Does it affect daily activities (Variant 1379)?,4,5,3,2,1
Syncope,Any emergency warning signs (Variant 1380)?,2,5,1,5,0
Wheezing,Since how many days (Variant 1381)?,1,3,2,8,1
Wheezing,"Mild, moderate or severe (Variant 1382)?",8,2,3,0,0
Wheezing,How frequently does it occur (Variant 1383)?,3,4,1,7,1
Wheezing,When did it start worsening (Variant 1384)?,7,3,2,4,0
Wheezing,Any associated symptoms present (Variant 1385)?,0,5,3,3,1
Wheezing,Triggered by activity (Variant 1386)?,9,5,1,6,0
Wheezing,Localized or widespread (Variant 1387)?,5,1,2,1,1
Wheezing,Constant or intermittent (Variant 1388)?,6,0,3,2,0
Wheezing,Does it affect daily activities (Variant 1389)?,4,5,1,5,1
Wheezing,Any emergency warning signs (Variant 1390)?,2,5,2,8,0
Sore Throat,Since how many days (Variant 1391)?,1,3,3,0,1
Sore Throat,"Mild, moderate or severe (Variant 1392)?",8,2,1,7,0
Sore Throat,How frequently does it occur (Variant 1393)?,3,4,2,4,1
Sore Throat,When did it start worsening (Variant 1394)?,7,3,3,3,0
Sore Throat,Any associated symptoms present (Variant 1395)?,0,5,1,6,1
Sore Throat,Triggered by activity (Variant 1396)?,9,5,2,1,0
Sore Throat,Localized or widespread (Variant 1397)?,5,1,3,2,1
Sore Throat,Constant or intermittent (Variant 1398)?,6,0,1,5,0
Sore Throat,Does it affect daily activities (Variant 1399)?,4,5,2,8,1
Sore Throat,Any emergency warning signs (Variant 1400)?,2,5,3,0,0
Runny Nose,Since how many days (Variant 1401)?,1,3,1,7,1
Runny Nose,"Mild, moderate or severe (Variant 1402)?",8,2,2,4,0
Runny Nose,How frequently does it occur (Variant 1403)?,3,4,3,3,1
Runny Nose,When did it start worsening (Variant 1404)?,7,3,1,6,0
Runny Nose,Any associated symptoms present (Variant 1405)?,0,5,2,1,1
Runny Nose,Triggered by activity (Variant 1406)?,9,5,3,2,0
Runny Nose,Localized or widespread (Variant 1407)?,5,1,1,5,1
Runny Nose,Constant or intermittent (Variant 1408)?,6,0,2,8,0
Runny Nose,Does it affect daily activities (Variant 1409)?,4,5,3,0,1
Runny Nose,Any emergency warning signs (Variant 1410)?,2,5,1,7,0
Nasal Congestion,Since how many days (Variant 1411)?,1,3,2,4,1
Nasal Congestion,"Mild, moderate or severe (Variant 1412)?",8,2,3,3,0
Nasal Congestion,How frequently does it occur (Variant 1413)?,3,4,1,6,1
Nasal Congestion,When did it start worsening (Variant 1414)?,7,3,2,1,0
Nasal Congestion,Any associated symptoms present (Variant 1415)?,0,5,3,2,1
Nasal Congestion,Triggered by activity (Variant 1416)?,9,5,1,5,0
Nasal Congestion,Localized or widespread (Variant 1417)?,5,1,2,8,1
Nasal Congestion,Constant or intermittent (Variant 1418)?,6,0,3,0,0
Nasal Congestion,Does it affect daily activities (Variant 1419)?,4,5,1,7,1
Nasal Congestion,Any emergency warning signs (Variant 1420)?,2,5,2,4,0
Chills,Since how many days (Variant 1421)?,1,3,3,3,1
Chills,"Mild, moderate or severe (Variant 1422)?",8,2,1,6,0
Chills,How frequently does it occur (Variant 1423)?,3,4,2,1,1
Chills,When did it start worsening (Variant 1424)?,7,3,3,2,0
Chills,Any associated symptoms present (Variant 1425)?,0,5,1,5,1
Chills,Triggered by activity (Variant 1426)?,9,5,2,8,0
Chills,Localized or widespread (Variant 1427)?,5,1,3,0,1
Chills,Constant or intermittent (Variant 1428)?,6,0,1,7,0
Chills,Does it affect daily activities (Variant 1429)?,4,5,2,4,1
Chills,Any emergency warning signs (Variant 1430)?,2,5,3,3,0
Night Sweats,Since how many days (Variant 1431)?,1,3,1,6,1
Night Sweats,"Mild, moderate or severe (Variant 1432)?",8,2,2,1,0
Night Sweats,How frequently does it occur (Variant 1433)?,3,4,3,2,1
Night Sweats,When did it start worsening (Variant 1434)?,7,3,1,5,0
Night Sweats,Any associated symptoms present (Variant 1435)?,0,5,2,8,1
Night Sweats,Triggered by activity (Variant 1436)?,9,5,3,0,0
Night Sweats,Localized or widespread (Variant 1437)?,5,1,1,7,1
Night Sweats,Constant or intermittent (Variant 1438)?,6,0,2,4,0
Night Sweats,Does it affect daily activities (Variant 1439)?,4,5,3,3,1
Night Sweats,Any emergency warning signs (Variant 1440)?,2,5,1,6,0
Weight Loss,Since how many days (Variant 1441)?,1,3,2,1,1
Weight Loss,"Mild, moderate or severe (Variant 1442)?",8,2,3,2,0
Weight Loss,How frequently does it occur (Variant 1443)?,3,4,1,5,1
Weight Loss,When did it start worsening (Variant 1444)?,7,3,2,8,0
Weight Loss,Any associated symptoms present (Variant 1445)?,0,5,3,0,1
Weight Loss,Triggered by activity (Variant 1446)?,9,5,1,7,0
Weight Loss,Localized or widespread (Variant 1447)?,5,1,2,4,1
Weight Loss,Constant or intermittent (Variant 1448)?,6,0,3,3,0
Weight Loss,Does it affect daily activities (Variant 1449)?,4,5,1,6,1
Weight Loss,Any emergency warning signs (Variant 1450)?,2,5,2,1,0
Loss of Appetite,Since how many days (Variant 1451)?,1,3,3,2,1
Loss of Appetite,"Mild, moderate or severe (Variant 1452)?",8,2,1,5,0
Loss of Appetite,How frequently does it occur (Variant 1453)?,3,4,2,8,1
Loss of Appetite,When did it start worsening (Variant 1454)?,7,3,3,0,0
Loss of Appetite,Any associated symptoms present (Variant 1455)?,0,5,1,7,1
Loss of Appetite,Triggered by activity (Variant 1456)?,9,5,2,4,0
Loss of Appetite,Localized or widespread (Variant 1457)?,5,1,3,3,1
Loss of Appetite,Constant or intermittent (Variant 1458)?,6,0,1,6,0
Loss of Appetite,Does it affect daily activities (Variant 1459)?,4,5,2,1,1
Loss of Appetite,Any emergency warning signs (Variant 1460)?,2,5,3,2,0
Weakness,Since how many days (Variant 1461)?,1,3,1,5,1
Weakness,"Mild, moderate or severe (Variant 1462)?",8,2,2,8,0
Weakness,How frequently does it occur (Variant 1463)?,3,4,3,0,1
Weakness,When did it start worsening (Variant 1464)?,7,3,1,7,0
Weakness,Any associated symptoms present (Variant 1465)?,0,5,2,4,1
Weakness,Triggered by activity (Variant 1466)?,9,5,3,3,0
Weakness,Localized or widespread (Variant 1467)?,5,1,1,6,1
Weakness,Constant or intermittent (Variant 1468)?,6,0,2,1,0
Weakness,Does it affect daily activities (Variant 1469)?,4,5,3,2,1
Weakness,Any emergency warning signs (Variant 1470)?,2,5,1,5,0
Confusion,Since how many days (Variant 1471)?,1,3,2,8,1
Confusion,"Mild, moderate or severe (Variant 1472)?",8,2,3,0,0
Confusion,How frequently does it occur (Variant 1473)?,3,4,1,7,1
Confusion,When did it start worsening (Variant 1474)?,7,3,2,4,0
Confusion,Any associated symptoms present (Variant 1475)?,0,5,3,3,1
Confusion,Triggered by activity (Variant 1476)?,9,5,1,6,0
Confusion,Localized or widespread (Variant 1477)?,5,1,2,1,1
Confusion,Constant or intermittent (Variant 1478)?,6,0,3,2,0
Confusion,Does it affect daily activities (Variant 1479)?,4,5,1,5,1
Confusion,Any emergency warning signs (Variant 1480)?,2,5,2,8,0
Memory Loss,Since how many days (Variant 1481)?,1,3,3,0,1
Memory Loss,"Mild, moderate or severe (Variant 1482)?",8,2,1,7,0
Memory Loss,How frequently does it occur (Variant 1483)?,3,4,2,4,1
Memory Loss,When did it start worsening (Variant 1484)?,7,3,3,3,0
Memory Loss,Any associated symptoms present (Variant 1485)?,0,5,1,6,1
Memory Loss,Triggered by activity (Variant 1486)?,9,5,2,1,0
Memory Loss,Localized or widespread (Variant 1487)?,5,1,3,2,1
Memory Loss,Constant or intermittent (Variant 1488)?,6,0,1,5,0
Memory Loss,Does it affect daily activities (Variant 1489)?,4,5,2,8,1
Memory Loss,Any emergency warning signs (Variant 1490)?,2,5,3,0,0
Seizure,Since how many days (Variant 1491)?,1,3,1,7,1
Seizure,"Mild, moderate or severe (Variant 1492)?",8,2,2,4,0
Seizure,How frequently does it occur (Variant 1493)?,3,4,3,3,1
Seizure,When did it start worsening (Variant 1494)?,7,3,1,6,0
Seizure,Any associated symptoms present (Variant 1495)?,0,5,2,1,1
Seizure,Triggered by activity (Variant 1496)?,9,5,3,2,0
Seizure,Localized or widespread (Variant 1497)?,5,1,1,5,1
Seizure,Constant or intermittent (Variant 1498)?,6,0,2,8,0
Seizure,Does it affect daily activities (Variant 1499)?,4,5,3,0,1
Seizure,Any emergency warning signs (Variant 1500)?,2,5,1,7,0
Numbness,Since how many days (Variant 1501)?,1,3,2,4,1
Numbness,"Mild, moderate or severe (Variant 1502)?",8,2,3,3,0
Numbness,How frequently does it occur (Variant 1503)?,3,4,1,6,1
Numbness,When did it start worsening (Variant 1504)?,7,3,2,1,0
Numbness,Any associated symptoms present (Variant 1505)?,0,5,3,2,1
Numbness,Triggered by activity (Variant 1506)?,9,5,1,5,0
Numbness,Localized or widespread (Variant 1507)?,5,1,2,8,1
Numbness,Constant or intermittent (Variant 1508)?,6,0,3,0,0
Numbness,Does it affect daily activities (Variant 1509)?,4,5,1,7,1
Numbness,Any emergency warning signs (Variant 1510)?,2,5,2,4,0
Tingling,Since how many days (Variant 1511)?,1,3,3,3,1
Tingling,"Mild, moderate or severe (Variant 1512)?",8,2,1,6,0
Tingling,How frequently does it occur (Variant 1513)?,3,4,2,1,1
Tingling,When did it start worsening (Variant 1514)?,7,3,3,2,0
Tingling,Any associated symptoms present (Variant 1515)?,0,5,1,5,1
Tingling,Triggered by activity (Variant 1516)?,9,5,2,8,0
Tingling,Localized or widespread (Variant 1517)?,5,1,3,0,1
Tingling,Constant or intermittent (Variant 1518)?,6,0,1,7,0
Tingling,Does it affect daily activities (Variant 1519)?,4,5,2,4,1
Tingling,Any emergency warning signs (Variant 1520)?,2,5,3,3,0
Tremor,Since how many days (Variant 1521)?,1,3,1,6,1
Tremor,"Mild, moderate or severe (Variant 1522)?",8,2,2,1,0
Tremor,How frequently does it occur (Variant 1523)?,3,4,3,2,1
Tremor,When did it start worsening (Variant 1524)?,7,3,1,5,0
Tremor,Any associated symptoms present (Variant 1525)?,0,5,2,8,1
Tremor,Triggered by activity (Variant 1526)?,9,5,3,0,0
Tremor,Localized or widespread (Variant 1527)?,5,1,1,7,1
Tremor,Constant or intermittent (Variant 1528)?,6,0,2,4,0
Tremor,Does it affect daily activities (Variant 1529)?,4,5,3,3,1
Tremor,Any emergency warning signs (Variant 1530)?,2,5,1,6,0
Facial Droop,Since how many days (Variant 1531)?,1,3,2,1,1
Facial Droop,"Mild, moderate or severe (Variant 1532)?",8,2,3,2,0
Facial Droop,How frequently does it occur (Variant 1533)?,3,4,1,5,1
Facial Droop,When did it start worsening (Variant 1534)?,7,3,2,8,0
Facial Droop,Any associated symptoms present (Variant 1535)?,0,5,3,0,1
Facial Droop,Triggered by activity (Variant 1536)?,9,5,1,7,0
Facial Droop,Localized or widespread (Variant 1537)?,5,1,2,4,1
Facial Droop,Constant or intermittent (Variant 1538)?,6,0,3,3,0
Facial Droop,Does it affect daily activities (Variant 1539)?,4,5,1,6,1
Facial Droop,Any emergency warning signs (Variant 1540)?,2,5,2,1,0
Blurred Vision,Since how many days (Variant 1541)?,1,3,3,2,1
Blurred Vision,"Mild, moderate or severe (Variant 1542)?",8,2,1,5,0
Blurred Vision,How frequently does it occur (Variant 1543)?,3,4,2,8,1
Blurred Vision,When did it start worsening (Variant 1544)?,7,3,3,0,0
Blurred Vision,Any associated symptoms present (Variant 1545)?,0,5,1,7,1
Blurred Vision,Triggered by activity (Variant 1546)?,9,5,2,4,0
Blurred Vision,Localized or widespread (Variant 1547)?,5,1,3,3,1
Blurred Vision,Constant or intermittent (Variant 1548)?,6,0,1,6,0
Blurred Vision,Does it affect daily activities (Variant 1549)?,4,5,2,1,1
Blurred Vision,Any emergency warning signs (Variant 1550)?,2,5,3,2,0
Frequent Urination,Since how many days (Variant 1551)?,1,3,1,5,1
Frequent Urination,"Mild, moderate or severe (Variant 1552)?",8,2,2,8,0
Frequent Urination,How frequently does it occur (Variant 1553)?,3,4,3,0,1
Frequent Urination,When did it start worsening (Variant 1554)?,7,3,1,7,0
Frequent Urination,Any associated symptoms present (Variant 1555)?,0,5,2,4,1
Frequent Urination,Triggered by activity (Variant 1556)?,9,5,3,3,0
Frequent Urination,Localized or widespread (Variant 1557)?,5,1,1,6,1
Frequent Urination,Constant or intermittent (Variant 1558)?,6,0,2,1,0
Frequent Urination,Does it affect daily activities (Variant 1559)?,4,5,3,2,1
Frequent Urination,Any emergency warning signs (Variant 1560)?,2,5,1,5,0
Excess Thirst,Since how many days (Variant 1561)?,1,3,2,8,1
Excess Thirst,"Mild, moderate or severe (Variant 1562)?",8,2,3,0,0
Excess Thirst,How frequently does it occur (Variant 1563)?,3,4,1,7,1
Excess Thirst,When did it start worsening (Variant 1564)?,7,3,2,4,0
Excess Thirst,Any associated symptoms present (Variant 1565)?,0,5,3,3,1
Excess Thirst,Triggered by activity (Variant 1566)?,9,5,1,6,0
Excess Thirst,Localized or widespread (Variant 1567)?,5,1,2,1,1
Excess Thirst,Constant or intermittent (Variant 1568)?,6,0,3,2,0
Excess Thirst,Does it affect daily activities (Variant 1569)?,4,5,1,5,1
Excess Thirst,Any emergency warning signs (Variant 1570)?,2,5,2,8,0
Heat Intolerance,Since how many days (Variant 1571)?,1,3,3,0,1
Heat Intolerance,"Mild, moderate or severe (Variant 1572)?",8,2,1,7,0
Heat Intolerance,How frequently does it occur (Variant 1573)?,3,4,2,4,1
Heat Intolerance,When did it start worsening (Variant 1574)?,7,3,3,3,0
Heat Intolerance,Any associated symptoms present (Variant 1575)?,0,5,1,6,1
Heat Intolerance,Triggered by activity (Variant 1576)?,9,5,2,1,0
Heat Intolerance,Localized or widespread (Variant 1577)?,5,1,3,2,1
Heat Intolerance,Constant or intermittent (Variant 1578)?,6,0,1,5,0
Heat Intolerance,Does it affect daily activities (Variant 1579)?,4,5,2,8,1
Heat Intolerance,Any emergency warning signs (Variant 1580)?,2,5,3,0,0
Cold Intolerance,Since how many days (Variant 1581)?,1,3,1,7,1
Cold Intolerance,"Mild, moderate or severe (Variant 1582)?",8,2,2,4,0
Cold Intolerance,How frequently does it occur (Variant 1583)?,3,4,3,3,1
Cold Intolerance,When did it start worsening (Variant 1584)?,7,3,1,6,0
Cold Intolerance,Any associated symptoms present (Variant 1585)?,0,5,2,1,1
Cold Intolerance,Triggered by activity (Variant 1586)?,9,5,3,2,0
Cold Intolerance,Localized or widespread (Variant 1587)?,5,1,1,5,1
Cold Intolerance,Constant or intermittent (Variant 1588)?,6,0,2,8,0
Cold Intolerance,Does it affect daily activities (Variant 1589)?,4,5,3,0,1
Cold Intolerance,Any emergency warning signs (Variant 1590)?,2,5,1,7,0
Rash,Since how many days (Variant 1591)?,1,3,2,4,1
Rash,"Mild, moderate or severe (Variant 1592)?",8,2,3,3,0
Rash,How frequently does it occur (Variant 1593)?,3,4,1,6,1
Rash,When did it start worsening (Variant 1594)?,7,3,2,1,0
Rash,Any associated symptoms present (Variant 1595)?,0,5,3,2,1
Rash,Triggered by activity (Variant 1596)?,9,5,1,5,0
Rash,Localized or widespread (Variant 1597)?,5,1,2,8,1
Rash,Constant or intermittent (Variant 1598)?,6,0,3,0,0
Rash,Does it affect daily activities (Variant 1599)?,4,5,1,7,1
Rash,Any emergency warning signs (Variant 1600)?,2,5,2,4,0
Itching,Since how many days (Variant 1601)?,1,3,3,3,1
Itching,"Mild, moderate or severe (Variant 1602)?",8,2,1,6,0
Itching,How frequently does it occur (Variant 1603)?,3,4,2,1,1
Itching,When did it start worsening (Variant 1604)?,7,3,3,2,0
Itching,Any associated symptoms present (Variant 1605)?,0,5,1,5,1
Itching,Triggered by activity (Variant 1606)?,9,5,2,8,0
Itching,Localized or widespread (Variant 1607)?,5,1,3,0,1
Itching,Constant or intermittent (Variant 1608)?,6,0,1,7,0
Itching,Does it affect daily activities (Variant 1609)?,4,5,2,4,1
Itching,Any emergency warning signs (Variant 1610)?,2,5,3,3,0
Skin Lesions,Since how many days (Variant 1611)?,1,3,1,6,1
Skin Lesions,"Mild, moderate or severe (Variant 1612)?",8,2,2,1,0
Skin Lesions,How frequently does it occur (Variant 1613)?,3,4,3,2,1
Skin Lesions,When did it start worsening (Variant 1614)?,7,3,1,5,0
Skin Lesions,Any associated symptoms present (Variant 1615)?,0,5,2,8,1
Skin Lesions,Triggered by activity (Variant 1616)?,9,5,3,0,0
Skin Lesions,Localized or widespread (Variant 1617)?,5,1,1,7,1
Skin Lesions,Constant or intermittent (Variant 1618)?,6,0,2,4,0
Skin Lesions,Does it affect daily activities (Variant 1619)?,4,5,3,3,1
Skin Lesions,Any emergency warning signs (Variant 1620)?,2,5,1,6,0
Hair Loss,Since how many days (Variant 1621)?,1,3,2,1,1
Hair Loss,"Mild, moderate or severe (Variant 1622)?",8,2,3,2,0
Hair Loss,How frequently does it occur (Variant 1623)?,3,4,1,5,1
Hair Loss,When did it start worsening (Variant 1624)?,7,3,2,8,0
Hair Loss,Any associated symptoms present (Variant 1625)?,0,5,3,0,1
Hair Loss,Triggered by activity (Variant 1626)?,9,5,1,7,0
Hair Loss,Localized or widespread (Variant 1627)?,5,1,2,4,1
Hair Loss,Constant or intermittent (Variant 1628)?,6,0,3,3,0
Hair Loss,Does it affect daily activities (Variant 1629)?,4,5,1,6,1
Hair Loss,Any emergency warning signs (Variant 1630)?,2,5,2,1,0
Insomnia,Since how many days (Variant 1631)?,1,3,3,2,1
Insomnia,"Mild, moderate or severe (Variant 1632)?",8,2,1,5,0
Insomnia,How frequently does it occur (Variant 1633)?,3,4,2,8,1
Insomnia,When did it start worsening (Variant 1634)?,7,3,3,0,0
Insomnia,Any associated symptoms present (Variant 1635)?,0,5,1,7,1
Insomnia,Triggered by activity (Variant 1636)?,9,5,2,4,0
Insomnia,Localized or widespread (Variant 1637)?,5,1,3,3,1
Insomnia,Constant or intermittent (Variant 1638)?,6,0,1,6,0
Insomnia,Does it affect daily activities (Variant 1639)?,4,5,2,1,1
Insomnia,Any emergency warning signs (Variant 1640)?,2,5,3,2,0
Anxiety,Since how many days (Variant 1641)?,1,3,1,5,1
Anxiety,"Mild, moderate or severe (Variant 1642)?",8,2,2,8,0
Anxiety,How frequently does it occur (Variant 1643)?,3,4,3,0,1
Anxiety,When did it start worsening (Variant 1644)?,7,3,1,7,0
Anxiety,Any associated symptoms present (Variant 1645)?,0,5,2,4,1
Anxiety,Triggered by activity (Variant 1646)?,9,5,3,3,0
Anxiety,Localized or widespread (Variant 1647)?,5,1,1,6,1
Anxiety,Constant or intermittent (Variant 1648)?,6,0,2,1,0
Anxiety,Does it affect daily activities (Variant 1649)?,4,5,3,2,1
Anxiety,Any emergency warning signs (Variant 1650)?,2,5,1,5,0
Depressed Mood,Since how many days (Variant 1651)?,1,3,2,8,1
Depressed Mood,"Mild, moderate or severe (Variant 1652)?",8,2,3,0,0
Depressed Mood,How frequently does it occur (Variant 1653)?,3,4,1,7,1
Depressed Mood,When did it start worsening (Variant 1654)?,7,3,2,4,0
Depressed Mood,Any associated symptoms present (Variant 1655)?,0,5,3,3,1
Depressed Mood,Triggered by activity (Variant 1656)?,9,5,1,6,0
Depressed Mood,Localized or widespread (Variant 1657)?,5,1,2,1,1
Depressed Mood,Constant or intermittent (Variant 1658)?,6,0,3,2,0
Depressed Mood,Does it affect daily activities (Variant 1659)?,4,5,1,5,1
Depressed Mood,Any emergency warning signs (Variant 1660)?,2,5,2,8,0
Irritability,Since how many days (Variant 1661)?,1,3,3,0,1
Irritability,"Mild, moderate or severe (Variant 1662)?",8,2,1,7,0
Irritability,How frequently does it occur (Variant 1663)?,3,4,2,4,1
Irritability,When did it start worsening (Variant 1664)?,7,3,3,3,0
Irritability,Any associated symptoms present (Variant 1665)?,0,5,1,6,1
Irritability,Triggered by activity (Variant 1666)?,9,5,2,1,0
Irritability,Localized or widespread (Variant 1667)?,5,1,3,2,1
Irritability,Constant or intermittent (Variant 1668)?,6,0,1,5,0
Irritability,Does it affect daily activities (Variant 1669)?,4,5,2,8,1
Irritability,Any emergency warning signs (Variant 1670)?,2,5,3,0,0
Ear Pain,Since how many days (Variant 1671)?,1,3,1,7,1
Ear Pain,"Mild, moderate or severe (Variant 1672)?",8,2,2,4,0
Ear Pain,How frequently does it occur (Variant 1673)?,3,4,3,3,1
Ear Pain,When did it start worsening (Variant 1674)?,7,3,1,6,0
Ear Pain,Any associated symptoms present (Variant 1675)?,0,5,2,1,1
Ear Pain,Triggered by activity (Variant 1676)?,9,5,3,2,0
Ear Pain,Localized or widespread (Variant 1677)?,5,1,1,5,1
Ear Pain,Constant or intermittent (Variant 1678)?,6,0,2,8,0
Ear Pain,Does it affect daily activities (Variant 1679)?,4,5,3,0,1
Ear Pain,Any emergency warning signs (Variant 1680)?,2,5,1,7,0
Hearing Loss,Since how many days (Variant 1681)?,1,3,2,4,1
Hearing Loss,"Mild, moderate or severe (Variant 1682)?",8,2,3,3,0
Hearing Loss,How frequently does it occur (Variant 1683)?,3,4,1,6,1
Hearing Loss,When did it start worsening (Variant 1684)?,7,3,2,1,0
Hearing Loss,Any associated symptoms present (Variant 1685)?,0,5,3,2,1
Hearing Loss,Triggered by activity (Variant 1686)?,9,5,1,5,0
Hearing Loss,Localized or widespread (Variant 1687)?,5,1,2,8,1
Hearing Loss,Constant or intermittent (Variant 1688)?,6,0,3,0,0
Hearing Loss,Does it affect daily activities (Variant 1689)?,4,5,1,7,1
Hearing Loss,Any emergency warning signs (Variant 1690)?,2,5,2,4,0
Neck Pain,Since how many days (Variant 1691)?,1,3,3,3,1
Neck Pain,"Mild, moderate or severe (Variant 1692)?",8,2,1,6,0
Neck Pain,How frequently does it occur (Variant 1693)?,3,4,2,1,1
Neck Pain,When did it start worsening (Variant 1694)?,7,3,3,2,0
Neck Pain,Any associated symptoms present (Variant 1695)?,0,5,1,5,1
Neck Pain,Triggered by activity (Variant 1696)?,9,5,2,8,0
Neck Pain,Localized or widespread (Variant 1697)?,5,1,3,0,1
Neck Pain,Constant or intermittent (Variant 1698)?,6,0,1,7,0
Neck Pain,Does it affect daily activities (Variant 1699)?,4,5,2,4,1
Neck Pain,Any emergency warning signs (Variant 1700)?,2,5,3,3,0
Pelvic Pain,Since how many days (Variant 1701)?,1,3,1,6,1
Pelvic Pain,"Mild, moderate or severe (Variant 1702)?",8,2,2,1,0
Pelvic Pain,How frequently does it occur (Variant 1703)?,3,4,3,2,1
Pelvic Pain,When did it start worsening (Variant 1704)?,7,3,1,5,0
Pelvic Pain,Any associated symptoms present (Variant 1705)?,0,5,2,8,1
Pelvic Pain,Triggered by activity (Variant 1706)?,9,5,3,0,0
Pelvic Pain,Localized or widespread (Variant 1707)?,5,1,1,7,1
Pelvic Pain,Constant or intermittent (Variant 1708)?,6,0,2,4,0
Pelvic Pain,Does it affect daily activities (Variant 1709)?,4,5,3,3,1
Pelvic Pain,Any emergency warning signs (Variant 1710)?,2,5,1,6,0
Menstrual Irregularity,Since how many days (Variant 1711)?,1,3,2,1,1
Menstrual Irregularity,"Mild, moderate or severe (Variant 1712)?",8,2,3,2,0
Menstrual Irregularity,How frequently does it occur (Variant 1713)?,3,4,1,5,1
Menstrual Irregularity,When did it start worsening (Variant 1714)?,7,3,2,8,0
Menstrual Irregularity,Any associated symptoms present (Variant 1715)?,0,5,3,0,1
Menstrual Irregularity,Triggered by activity (Variant 1716)?,9,5,1,7,0
Menstrual Irregularity,Localized or widespread (Variant 1717)?,5,1,2,4,1
Menstrual Irregularity,Constant or intermittent (Variant 1718)?,6,0,3,3,0
Menstrual Irregularity,Does it affect daily activities (Variant 1719)?,4,5,1,6,1
Menstrual Irregularity,Any emergency warning signs (Variant 1720)?,2,5,2,1,0
Burning Urination,Since how many days (Variant 1721)?,1,3,3,2,1
Burning Urination,"Mild, moderate or severe (Variant 1722)?",8,2,1,5,0
Burning Urination,How frequently does it occur (Variant 1723)?,3,4,2,8,1
Burning Urination,When did it start worsening (Variant 1724)?,7,3,3,0,0
Burning Urination,Any associated symptoms present (Variant 1725)?,0,5,1,7,1
Burning Urination,Triggered by activity (Variant 1726)?,9,5,2,4,0
Burning Urination,Localized or widespread (Variant 1727)?,5,1,3,3,1
Burning Urination,Constant or intermittent (Variant 1728)?,6,0,1,6,0
Burning Urination,Does it affect daily activities (Variant 1729)?,4,5,2,1,1
Burning Urination,Any emergency warning signs (Variant 1730)?,2,5,3,2,0
Blood in Urine,Since how many days (Variant 1731)?,1,3,1,5,1
Blood in Urine,"Mild, moderate or severe (Variant 1732)?",8,2,2,8,0
Blood in Urine,How frequently does it occur (Variant 1733)?,3,4,3,0,1
Blood in Urine,When did it start worsening (Variant 1734)?,7,3,1,7,0
Blood in Urine,Any associated symptoms present (Variant 1735)?,0,5,2,4,1
Blood in Urine,Triggered by activity (Variant 1736)?,9,5,3,3,0
Blood in Urine,Localized or widespread (Variant 1737)?,5,1,1,6,1
Blood in Urine,Constant or intermittent (Variant 1738)?,6,0,2,1,0
Blood in Urine,Does it affect daily activities (Variant 1739)?,4,5,3,2,1
Blood in Urine,Any emergency warning signs (Variant 1740)?,2,5,1,5,0
Swollen Lymph Nodes,Since how many days (Variant 1741)?,1,3,2,8,1
Swollen Lymph Nodes,"Mild, moderate or severe (Variant 1742)?",8,2,3,0,0
Swollen Lymph Nodes,How frequently does it occur (Variant 1743)?,3,4,1,7,1
Swollen Lymph Nodes,When did it start worsening (Variant 1744)?,7,3,2,4,0
Swollen Lymph Nodes,Any associated symptoms present (Variant 1745)?,0,5,3,3,1
Swollen Lymph Nodes,Triggered by activity (Variant 1746)?,9,5,1,6,0
Swollen Lymph Nodes,Localized or widespread (Variant 1747)?,5,1,2,1,1
Swollen Lymph Nodes,Constant or intermittent (Variant 1748)?,6,0,3,2,0
Swollen Lymph Nodes,Does it affect daily activities (Variant 1749)?,4,5,1,5,1
Swollen Lymph Nodes,Any emergency warning signs (Variant 1750)?,2,5,2,8,0
Dry Mouth,Since how many days (Variant 1751)?,1,3,3,0,1
Dry Mouth,"Mild, moderate or severe (Variant 1752)?",8,2,1,7,0
Dry Mouth,How frequently does it occur (Variant 1753)?,3,4,2,4,1
Dry Mouth,When did it start worsening (Variant 1754)?,7,3,3,3,0
Dry Mouth,Any associated symptoms present (Variant 1755)?,0,5,1,6,1
Dry Mouth,Triggered by activity (Variant 1756)?,9,5,2,1,0
Dry Mouth,Localized or widespread (Variant 1757)?,5,1,3,2,1
Dry Mouth,Constant or intermittent (Variant 1758)?,6,0,1,5,0
Dry Mouth,Does it affect daily activities (Variant 1759)?,4,5,2,8,1
Dry Mouth,Any emergency warning signs (Variant 1760)?,2,5,3,0,0
Mouth Ulcers,Since how many days (Variant 1761)?,1,3,1,7,1
Mouth Ulcers,"Mild, moderate or severe (Variant 1762)?",8,2,2,4,0
Mouth Ulcers,How frequently does it occur (Variant 1763)?,3,4,3,3,1
Mouth Ulcers,When did it start worsening (Variant 1764)?,7,3,1,6,0
Mouth Ulcers,Any associated symptoms present (Variant 1765)?,0,5,2,1,1
Mouth Ulcers,Triggered by activity (Variant 1766)?,9,5,3,2,0
Mouth Ulcers,Localized or widespread (Variant 1767)?,5,1,1,5,1
Mouth Ulcers,Constant or intermittent (Variant 1768)?,6,0,2,8,0
Mouth Ulcers,Does it affect daily activities (Variant 1769)?,4,5,3,0,1
Mouth Ulcers,Any emergency warning signs (Variant 1770)?,2,5,1,7,0
Difficulty Swallowing,Since how many days (Variant 1771)?,1,3,2,4,1
Difficulty Swallowing,"Mild, moderate or severe (Variant 1772)?",8,2,3,3,0
Difficulty Swallowing,How frequently does it occur (Variant 1773)?,3,4,1,6,1
Difficulty Swallowing,When did it start worsening (Variant 1774)?,7,3,2,1,0
Difficulty Swallowing,Any associated symptoms present (Variant 1775)?,0,5,3,2,1
Difficulty Swallowing,Triggered by activity (Variant 1776)?,9,5,1,5,0
Difficulty Swallowing,Localized or widespread (Variant 1777)?,5,1,2,8,1
Difficulty Swallowing,Constant or intermittent (Variant 1778)?,6,0,3,0,0
Difficulty Swallowing,Does it affect daily activities (Variant 1779)?,4,5,1,7,1
Difficulty Swallowing,Any emergency warning signs (Variant 1780)?,2,5,2,4,0
Cyanosis,Since how many days (Variant 1781)?,1,3,3,3,1
Cyanosis,"Mild, moderate or severe (Variant 1782)?",8,2,1,6,0
Cyanosis,How frequently does it occur (Variant 1783)?,3,4,2,1,1
Cyanosis,When did it start worsening (Variant 1784)?,7,3,3,2,0
Cyanosis,Any associated symptoms present (Variant 1785)?,0,5,1,5,1
Cyanosis,Triggered by activity (Variant 1786)?,9,5,2,8,0
Cyanosis,Localized or widespread (Variant 1787)?,5,1,3,0,1
Cyanosis,Constant or intermittent (Variant 1788)?,6,0,1,7,0
Cyanosis,Does it affect daily activities (Variant 1789)?,4,5,2,4,1
Cyanosis,Any emergency warning signs (Variant 1790)?,2,5,3,3,0
Severe Bleeding,Since how many days (Variant 1791)?,1,3,1,6,1
Severe Bleeding,"Mild, moderate or severe (Variant 1792)?",8,2,2,1,0
Severe Bleeding,How frequently does it occur (Variant 1793)?,3,4,3,2,1
Severe Bleeding,When did it start worsening (Variant 1794)?,7,3,1,5,0
Severe Bleeding,Any associated symptoms present (Variant 1795)?,0,5,2,8,1
Severe Bleeding,Triggered by activity (Variant 1796)?,9,5,3,0,0
Severe Bleeding,Localized or widespread (Variant 1797)?,5,1,1,7,1
Severe Bleeding,Constant or intermittent (Variant 1798)?,6,0,2,4,0
Severe Bleeding,Does it affect daily activities (Variant 1799)?,4,5,3,3,1
Severe Bleeding,Any emergency warning signs (Variant 1800)?,2,5,1,6,0
Fever,Since how many days (Variant 1801)?,1,3,2,8,1
Fever,"Mild, moderate or severe (Variant 1802)?",8,2,3,0,0
Fever,How frequently does it occur (Variant 1803)?,3,4,1,7,1
Fever,When did it start worsening (Variant 1804)?,7,3,2,4,0
Fever,Any associated symptoms present (Variant 1805)?,0,5,3,3,1
Fever,Triggered by activity (Variant 1806)?,9,5,1,6,0
Fever,Localized or widespread (Variant 1807)?,5,1,2,1,1
Fever,Constant or intermittent (Variant 1808)?,6,0,3,2,0
Fever,Does it affect daily activities (Variant 1809)?,4,5,1,5,1
Fever,Any emergency warning signs (Variant 1810)?,2,5,2,8,0
Cough,Since how many days (Variant 1811)?,1,3,3,0,1
Cough,"Mild, moderate or severe (Variant 1812)?",8,2,1,7,0
Cough,How frequently does it occur (Variant 1813)?,3,4,2,4,1
Cough,When did it start worsening (Variant 1814)?,7,3,3,3,0
Cough,Any associated symptoms present (Variant 1815)?,0,5,1,6,1
Cough,Triggered by activity (Variant 1816)?,9,5,2,1,0
Cough,Localized or widespread (Variant 1817)?,5,1,3,2,1
Cough,Constant or intermittent (Variant 1818)?,6,0,1,5,0
Cough,Does it affect daily activities (Variant 1819)?,4,5,2,8,1
Cough,Any emergency warning signs (Variant 1820)?,2,5,3,0,0
Fatigue,Since how many days (Variant 1821)?,1,3,1,7,1
Fatigue,"Mild, moderate or severe (Variant 1822)?",8,2,2,4,0
Fatigue,How frequently does it occur (Variant 1823)?,3,4,3,3,1
Fatigue,When did it start worsening (Variant 1824)?,7,3,1,6,0
Fatigue,Any associated symptoms present (Variant 1825)?,0,5,2,1,1
Fatigue,Triggered by activity (Variant 1826)?,9,5,3,2,0
Fatigue,Localized or widespread (Variant 1827)?,5,1,1,5,1
Fatigue,Constant or intermittent (Variant 1828)?,6,0,2,8,0
Fatigue,Does it affect daily activities (Variant 1829)?,4,5,3,0,1
Fatigue,Any emergency warning signs (Variant 1830)?,2,5,1,7,0
Breathlessness,Since how many days (Variant 1831)?,1,3,2,4,1
Breathlessness,"Mild, moderate or severe (Variant 1832)?",8,2,3,3,0
Breathlessness,How frequently does it occur (Variant 1833)?,3,4,1,6,1
Breathlessness,When did it start worsening (Variant 1834)?,7,3,2,1,0
Breathlessness,Any associated symptoms present (Variant 1835)?,0,5,3,2,1
Breathlessness,Triggered by activity (Variant 1836)?,9,5,1,5,0
Breathlessness,Localized or widespread (Variant 1837)?,5,1,2,8,1
Breathlessness,Constant or intermittent (Variant 1838)?,6,0,3,0,0
Breathlessness,Does it affect daily activities (Variant 1839)?,4,5,1,7,1
Breathlessness,Any emergency warning signs (Variant 1840)?,2,5,2,4,0
Chest Pain,Since how many days (Variant 1841)?,1,3,3,3,1
Chest Pain,"Mild, moderate or severe (Variant 1842)?",8,2,1,6,0
Chest Pain,How frequently does it occur (Variant 1843)?,3,4,2,1,1
Chest Pain,When did it start worsening (Variant 1844)?,7,3,3,2,0
Chest Pain,Any associated symptoms present (Variant 1845)?,0,5,1,5,1
Chest Pain,Triggered by activity (Variant 1846)?,9,5,2,8,0
Chest Pain,Localized or widespread (Variant 1847)?,5,1,3,0,1
Chest Pain,Constant or intermittent (Variant 1848)?,6,0,1,7,0
Chest Pain,Does it affect daily activities (Variant 1849)?,4,5,2,4,1
Chest Pain,Any emergency warning signs (Variant 1850)?,2,5,3,3,0
Headache,Since how many days (Variant 1851)?,1,3,1,6,1
Headache,"Mild, moderate or severe (Variant 1852)?",8,2,2,1,0
Headache,How frequently does it occur (Variant 1853)?,3,4,3,2,1
Headache,When did it start worsening (Variant 1854)?,7,3,1,5,0
Headache,Any associated symptoms present (Variant 1855)?,0,5,2,8,1
Headache,Triggered by activity (Variant 1856)?,9,5,3,0,0
Headache,Localized or widespread (Variant 1857)?,5,1,1,7,1
Headache,Constant or intermittent (Variant 1858)?,6,0,2,4,0
Headache,Does it affect daily activities (Variant 1859)?,4,5,3,3,1
Headache,Any emergency warning signs (Variant 1860)?,2,5,1,6,0
Dizziness,Since how many days (Variant 1861)?,1,3,2,1,1
Dizziness,"Mild, moderate or severe (Variant 1862)?",8,2,3,2,0
Dizziness,How frequently does it occur (Variant 1863)?,3,4,1,5,1
Dizziness,When did it start worsening (Variant 1864)?,7,3,2,8,0
Dizziness,Any associated symptoms present (Variant 1865)?,0,5,3,0,1
Dizziness,Triggered by activity (Variant 1866)?,9,5,1,7,0
Dizziness,Localized or widespread (Variant 1867)?,5,1,2,4,1
Dizziness,Constant or intermittent (Variant 1868)?,6,0,3,3,0
Dizziness,Does it affect daily activities (Variant 1869)?,4,5,1,6,1
Dizziness,Any emergency warning signs (Variant 1870)?,2,5,2,1,0
Nausea,Since how many days (Variant 1871)?,1,3,3,2,1
Nausea,"Mild, moderate or severe (Variant 1872)?",8,2,1,5,0
Nausea,How frequently does it occur (Variant 1873)?,3,4,2,8,1
Nausea,When did it start worsening (Variant 1874)?,7,3,3,0,0
Nausea,Any associated symptoms present (Variant 1875)?,0,5,1,7,1
Nausea,Triggered by activity (Variant 1876)?,9,5,2,4,0
Nausea,Localized or widespread (Variant 1877)?,5,1,3,3,1
Nausea,Constant or intermittent (Variant 1878)?,6,0,1,6,0
Nausea,Does it affect daily activities (Variant 1879)?,4,5,2,1,1
Nausea,Any emergency warning signs (Variant 1880)?,2,5,3,2,0
Vomiting,Since how many days (Variant 1881)?,1,3,1,5,1
Vomiting,"Mild, moderate or severe (Variant 1882)?",8,2,2,8,0
Vomiting,How frequently does it occur (Variant 1883)?,3,4,3,0,1
Vomiting,When did it start worsening (Variant 1884)?,7,3,1,7,0
Vomiting,Any associated symptoms present (Variant 1885)?,0,5,2,4,1
Vomiting,Triggered by activity (Variant 1886)?,9,5,3,3,0
Vomiting,Localized or widespread (Variant 1887)?,5,1,1,6,1
Vomiting,Constant or intermittent (Variant 1888)?,6,0,2,1,0
Vomiting,Does it affect daily activities (Variant 1889)?,4,5,3,2,1
Vomiting,Any emergency warning signs (Variant 1890)?,2,5,1,5,0
Diarrhea,Since how many days (Variant 1891)?,1,3,2,8,1
Diarrhea,"Mild, moderate or severe (Variant 1892)?",8,2,3,0,0
Diarrhea,How frequently does it occur (Variant 1893)?,3,4,1,7,1
Diarrhea,When did it start worsening (Variant 1894)?,7,3,2,4,0
Diarrhea,Any associated symptoms present (Variant 1895)?,0,5,3,3,1
Diarrhea,Triggered by activity (Variant 1896)?,9,5,1,6,0
Diarrhea,Localized or widespread (Variant 1897)?,5,1,2,1,1
Diarrhea,Constant or intermittent (Variant 1898)?,6,0,3,2,0
Diarrhea,Does it affect daily activities (Variant 1899)?,4,5,1,5,1
Diarrhea,Any emergency warning signs (Variant 1900)?,2,5,2,8,0
Constipation,Since how many days (Variant 1901)?,1,3,3,0,1
Constipation,"Mild, moderate or severe (Variant 1902)?",8,2,1,7,0
Constipation,How frequently does it occur (Variant 1903)?,3,4,2,4,1
Constipation,When did it start worsening (Variant 1904)?,7,3,3,3,0
Constipation,Any associated symptoms present (Variant 1905)?,0,5,1,6,1
Constipation,Triggered by activity (Variant 1906)?,9,5,2,1,0
Constipation,Localized or widespread (Variant 1907)?,5,1,3,2,1
Constipation,Constant or intermittent (Variant 1908)?,6,0,1,5,0
Constipation,Does it affect daily activities (Variant 1909)?,4,5,2,8,1
Constipation,Any emergency warning signs (Variant 1910)?,2,5,3,0,0
Abdominal Pain,Since how many days (Variant 1911)?,1,3,1,7,1
Abdominal Pain,"Mild, moderate or severe (Variant 1912)?",8,2,2,4,0
Abdominal Pain,How frequently does it occur (Variant 1913)?,3,4,3,3,1
Abdominal Pain,When did it start worsening (Variant 1914)?,7,3,1,6,0
Abdominal Pain,Any associated symptoms present (Variant 1915)?,0,5,2,1,1
Abdominal Pain,Triggered by activity (Variant 1916)?,9,5,3,2,0
Abdominal Pain,Localized or widespread (Variant 1917)?,5,1,1,5,1
Abdominal Pain,Constant or intermittent (Variant 1918)?,6,0,2,8,0
Abdominal Pain,Does it affect daily activities (Variant 1919)?,4,5,3,0,1
Abdominal Pain,Any emergency warning signs (Variant 1920)?,2,5,1,7,0
Back Pain,Since how many days (Variant 1921)?,1,3,2,4,1
Back Pain,"Mild, moderate or severe (Variant 1922)?",8,2,3,3,0
Back Pain,How frequently does it occur (Variant 1923)?,3,4,1,6,1
Back Pain,When did it start worsening (Variant 1924)?,7,3,2,1,0
Back Pain,Any associated symptoms present (Variant 1925)?,0,5,3,2,1
Back Pain,Triggered by activity (Variant 1926)?,9,5,1,5,0
Back Pain,Localized or widespread (Variant 1927)?,5,1,2,8,1
Back Pain,Constant or intermittent (Variant 1928)?,6,0,3,0,0
Back Pain,Does it affect daily activities (Variant 1929)?,4,5,1,7,1
Back Pain,Any emergency warning signs (Variant 1930)?,2,5,2,4,0
Joint Pain,Since how many days (Variant 1931)?,1,3,3,3,1
Joint Pain,"Mild, moderate or severe (Variant 1932)?",8,2,1,6,0
Joint Pain,How frequently does it occur (Variant 1933)?,3,4,2,1,1
Joint Pain,When did it start worsening (Variant 1934)?,7,3,3,2,0
Joint Pain,Any associated symptoms present (Variant 1935)?,0,5,1,5,1
Joint Pain,Triggered by activity (Variant 1936)?,9,5,2,8,0
Joint Pain,Localized or widespread (Variant 1937)?,5,1,3,0,1
Joint Pain,Constant or intermittent (Variant 1938)?,6,0,1,7,0
Joint Pain,Does it affect daily activities (Variant 1939)?,4,5,2,4,1
Joint Pain,Any emergency warning signs (Variant 1940)?,2,5,3,3,0
Muscle Pain,Since how many days (Variant 1941)?,1,3,1,6,1
Muscle Pain,"Mild, moderate or severe (Variant 1942)?",8,2,2,1,0
Muscle Pain,How frequently does it occur (Variant 1943)?,3,4,3,2,1
Muscle Pain,When did it start worsening (Variant 1944)?,7,3,1,5,0
Muscle Pain,Any associated symptoms present (Variant 1945)?,0,5,2,8,1
Muscle Pain,Triggered by activity (Variant 1946)?,9,5,3,0,0
Muscle Pain,Localized or widespread (Variant 1947)?,5,1,1,7,1
Muscle Pain,Constant or intermittent (Variant 1948)?,6,0,2,4,0
Muscle Pain,Does it affect daily activities (Variant 1949)?,4,5,3,3,1
Muscle Pain,Any emergency warning signs (Variant 1950)?,2,5,1,6,0
Palpitations,Since how many days (Variant 1951)?,1,3,2,1,1
Palpitations,"Mild, moderate or severe (Variant 1952)?",8,2,3,2,0
Palpitations,How frequently does it occur (Variant 1953)?,3,4,1,5,1
Palpitations,When did it start worsening (Variant 1954)?,7,3,2,8,0
Palpitations,Any associated symptoms present (Variant 1955)?,0,5,3,0,1
Palpitations,Triggered by activity (Variant 1956)?,9,5,1,7,0
Palpitations,Localized or widespread (Variant 1957)?,5,1,2,4,1
Palpitations,Constant or intermittent (Variant 1958)?,6,0,3,3,0
Palpitations,Does it affect daily activities (Variant 1959)?,4,5,1,6,1
Palpitations,Any emergency warning signs (Variant 1960)?,2,5,2,1,0
Leg Swelling,Since how many days (Variant 1961)?,1,3,3,2,1
Leg Swelling,"Mild, moderate or severe (Variant 1962)?",8,2,1,5,0
Leg Swelling,How frequently does it occur (Variant 1963)?,3,4,2,8,1
Leg Swelling,When did it start worsening (Variant 1964)?,7,3,3,0,0
Leg Swelling,Any associated symptoms present (Variant 1965)?,0,5,1,7,1
Leg Swelling,Triggered by activity (Variant 1966)?,9,5,2,4,0
Leg Swelling,Localized or widespread (Variant 1967)?,5,1,3,3,1
Leg Swelling,Constant or intermittent (Variant 1968)?,6,0,1,6,0
Leg Swelling,Does it affect daily activities (Variant 1969)?,4,5,2,1,1
Leg Swelling,Any emergency warning signs (Variant 1970)?,2,5,3,2,0
Syncope,Since how many days (Variant 1971)?,1,3,1,5,1
Syncope,"Mild, moderate or severe (Variant 1972)?",8,2,2,8,0
Syncope,How frequently does it occur (Variant 1973)?,3,4,3,0,1
Syncope,When did it start worsening (Variant 1974)?,7,3,1,7,0
Syncope,Any associated symptoms present (Variant 1975)?,0,5,2,4,1
Syncope,Triggered by activity (Variant 1976)?,9,5,3,3,0
Syncope,Localized or widespread (Variant 1977)?,5,1,1,6,1
Syncope,Constant or intermittent (Variant 1978)?,6,0,2,1,0
Syncope,Does it affect daily activities (Variant 1979)?,4,5,3,2,1
Syncope,Any emergency warning signs (Variant 1980)?,2,5,1,5,0
Wheezing,Since how many days (Variant 1981)?,1,3,2,8,1
Wheezing,"Mild, moderate or severe (Variant 1982)?",8,2,3,0,0
Wheezing,How frequently does it occur (Variant 1983)?,3,4,1,7,1
Wheezing,When did it start worsening (Variant 1984)?,7,3,2,4,0
Wheezing,Any associated symptoms present (Variant 1985)?,0,5,3,3,1
Wheezing,Triggered by activity (Variant 1986)?,9,5,1,6,0
Wheezing,Localized or widespread (Variant 1987)?,5,1,2,1,1
Wheezing,Constant or intermittent (Variant 1988)?,6,0,3,2,0
Wheezing,Does it affect daily activities (Variant 1989)?,4,5,1,5,1
Wheezing,Any emergency warning signs (Variant 1990)?,2,5,2,8,0
Sore Throat,Since how many days (Variant 1991)?,1,3,3,0,1
Sore Throat,"Mild, moderate or severe (Variant 1992)?",8,2,1,7,0
Sore Throat,How frequently does it occur (Variant 1993)?,3,4,2,4,1
Sore Throat,When did it start worsening (Variant 1994)?,7,3,3,3,0
Sore Throat,Any associated symptoms present (Variant 1995)?,0,5,1,6,1
Sore Throat,Triggered by activity (Variant 1996)?,9,5,2,1,0
Sore Throat,Localized or widespread (Variant 1997)?,5,1,3,2,1
Sore Throat,Constant or intermittent (Variant 1998)?,6,0,1,5,0
Sore Throat,Does it affect daily activities (Variant 1999)?,4,5,2,8,1
Sore Throat,Any emergency warning signs (Variant 2000)?,2,5,3,0,0
Runny Nose,Since how many days (Variant 2001)?,1,3,1,7,1
Runny Nose,"Mild, moderate or severe (Variant 2002)?",8,2,2,4,0
Runny Nose,How frequently does it occur (Variant 2003)?,3,4,3,3,1
Runny Nose,When did it start worsening (Variant 2004)?,7,3,1,6,0
Runny Nose,Any associated symptoms present (Variant 2005)?,0,5,2,1,1
Runny Nose,Triggered by activity (Variant 2006)?,9,5,3,2,0
Runny Nose,Localized or widespread (Variant 2007)?,5,1,1,5,1
Runny Nose,Constant or intermittent (Variant 2008)?,6,0,2,8,0
Runny Nose,Does it affect daily activities (Variant 2009)?,4,5,3,0,1
Runny Nose,Any emergency warning signs (Variant 2010)?,2,5,1,7,0
Nasal Congestion,Since how many days (Variant 2011)?,1,3,2,4,1
Nasal Congestion,"Mild, moderate or severe (Variant 2012)?",8,2,3,3,0
Nasal Congestion,How frequently does it occur (Variant 2013)?,3,4,1,6,1
Nasal Congestion,When did it start worsening (Variant 2014)?,7,3,2,1,0
Nasal Congestion,Any associated symptoms present (Variant 2015)?,0,5,3,2,1
Nasal Congestion,Triggered by activity (Variant 2016)?,9,5,1,5,0
Nasal Congestion,Localized or widespread (Variant 2017)?,5,1,2,8,1
Nasal Congestion,Constant or intermittent (Variant 2018)?,6,0,3,0,0
Nasal Congestion,Does it affect daily activities (Variant 2019)?,4,5,1,7,1
Nasal Congestion,Any emergency warning signs (Variant 2020)?,2,5,2,4,0
Chills,Since how many days (Variant 2021)?,1,3,3,3,1
Chills,"Mild, moderate or severe (Variant 2022)?",8,2,1,6,0
Chills,How frequently does it occur (Variant 2023)?,3,4,2,1,1
Chills,When did it start worsening (Variant 2024)?,7,3,3,2,0
Chills,Any associated symptoms present (Variant 2025)?,0,5,1,5,1
Chills,Triggered by activity (Variant 2026)?,9,5,2,8,0
Chills,Localized or widespread (Variant 2027)?,5,1,3,0,1
Chills,Constant or intermittent (Variant 2028)?,6,0,1,7,0
Chills,Does it affect daily activities (Variant 2029)?,4,5,2,4,1
Chills,Any emergency warning signs (Variant 2030)?,2,5,3,3,0
Night Sweats,Since how many days (Variant 2031)?,1,3,1,6,1
Night Sweats,"Mild, moderate or severe (Variant 2032)?",8,2,2,1,0
Night Sweats,How frequently does it occur (Variant 2033)?,3,4,3,2,1
Night Sweats,When did it start worsening (Variant 2034)?,7,3,1,5,0
Night Sweats,Any associated symptoms present (Variant 2035)?,0,5,2,8,1
Night Sweats,Triggered by activity (Variant 2036)?,9,5,3,0,0
Night Sweats,Localized or widespread (Variant 2037)?,5,1,1,7,1
Night Sweats,Constant or intermittent (Variant 2038)?,6,0,2,4,0
Night Sweats,Does it affect daily activities (Variant 2039)?,4,5,3,3,1
Night Sweats,Any emergency warning signs (Variant 2040)?,2,5,1,6,0
Weight Loss,Since how many days (Variant 2041)?,1,3,2,1,1
Weight Loss,"Mild, moderate or severe (Variant 2042)?",8,2,3,2,0
Weight Loss,How frequently does it occur (Variant 2043)?,3,4,1,5,1
Weight Loss,When did it start worsening (Variant 2044)?,7,3,2,8,0
Weight Loss,Any associated symptoms present (Variant 2045)?,0,5,3,0,1
Weight Loss,Triggered by activity (Variant 2046)?,9,5,1,7,0
Weight Loss,Localized or widespread (Variant 2047)?,5,1,2,4,1
Weight Loss,Constant or intermittent (Variant 2048)?,6,0,3,3,0
Weight Loss,Does it affect daily activities (Variant 2049)?,4,5,1,6,1
Weight Loss,Any emergency warning signs (Variant 2050)?,2,5,2,1,0
Loss of Appetite,Since how many days (Variant 2051)?,1,3,3,2,1
Loss of Appetite,"Mild, moderate or severe (Variant 2052)?",8,2,1,5,0
Loss of Appetite,How frequently does it occur (Variant 2053)?,3,4,2,8,1
Loss of Appetite,When did it start worsening (Variant 2054)?,7,3,3,0,0
Loss of Appetite,Any associated symptoms present (Variant 2055)?,0,5,1,7,1
Loss of Appetite,Triggered by activity (Variant 2056)?,9,5,2,4,0
Loss of Appetite,Localized or widespread (Variant 2057)?,5,1,3,3,1
Loss of Appetite,Constant or intermittent (Variant 2058)?,6,0,1,6,0
Loss of Appetite,Does it affect daily activities (Variant 2059)?,4,5,2,1,1
Loss of Appetite,Any emergency warning signs (Variant 2060)?,2,5,3,2,0
Weakness,Since how many days (Variant 2061)?,1,3,1,5,1
Weakness,"Mild, moderate or severe (Variant 2062)?",8,2,2,8,0
Weakness,How frequently does it occur (Variant 2063)?,3,4,3,0,1
Weakness,When did it start worsening (Variant 2064)?,7,3,1,7,0
Weakness,Any associated symptoms present (Variant 2065)?,0,5,2,4,1
Weakness,Triggered by activity (Variant 2066)?,9,5,3,3,0
Weakness,Localized or widespread (Variant 2067)?,5,1,1,6,1
Weakness,Constant or intermittent (Variant 2068)?,6,0,2,1,0
Weakness,Does it affect daily activities (Variant 2069)?,4,5,3,2,1
Weakness,Any emergency warning signs (Variant 2070)?,2,5,1,5,0
Confusion,Since how many days (Variant 2071)?,1,3,2,8,1
Confusion,"Mild, moderate or severe (Variant 2072)?",8,2,3,0,0
Confusion,How frequently does it occur (Variant 2073)?,3,4,1,7,1
Confusion,When did it start worsening (Variant 2074)?,7,3,2,4,0
Confusion,Any associated symptoms present (Variant 2075)?,0,5,3,3,1
Confusion,Triggered by activity (Variant 2076)?,9,5,1,6,0
Confusion,Localized or widespread (Variant 2077)?,5,1,2,1,1
Confusion,Constant or intermittent (Variant 2078)?,6,0,3,2,0
Confusion,Does it affect daily activities (Variant 2079)?,4,5,1,5,1
Confusion,Any emergency warning signs (Variant 2080)?,2,5,2,8,0
Memory Loss,Since how many days (Variant 2081)?,1,3,3,0,1
Memory Loss,"Mild, moderate or severe (Variant 2082)?",8,2,1,7,0
Memory Loss,How frequently does it occur (Variant 2083)?,3,4,2,4,1
Memory Loss,When did it start worsening (Variant 2084)?,7,3,3,3,0
Memory Loss,Any associated symptoms present (Variant 2085)?,0,5,1,6,1
Memory Loss,Triggered by activity (Variant 2086)?,9,5,2,1,0
Memory Loss,Localized or widespread (Variant 2087)?,5,1,3,2,1
Memory Loss,Constant or intermittent (Variant 2088)?,6,0,1,5,0
Memory Loss,Does it affect daily activities (Variant 2089)?,4,5,2,8,1
Memory Loss,Any emergency warning signs (Variant 2090)?,2,5,3,0,0
Seizure,Since how many days (Variant 2091)?,1,3,1,7,1
Seizure,"Mild, moderate or severe (Variant 2092)?",8,2,2,4,0
Seizure,How frequently does it occur (Variant 2093)?,3,4,3,3,1
Seizure,When did it start worsening (Variant 2094)?,7,3,1,6,0
Seizure,Any associated symptoms present (Variant 2095)?,0,5,2,1,1
Seizure,Triggered by activity (Variant 2096)?,9,5,3,2,0
Seizure,Localized or widespread (Variant 2097)?,5,1,1,5,1
Seizure,Constant or intermittent (Variant 2098)?,6,0,2,8,0
Seizure,Does it affect daily activities (Variant 2099)?,4,5,3,0,1
Seizure,Any emergency warning signs (Variant 2100)?,2,5,1,7,0
Numbness,Since how many days (Variant 2101)?,1,3,2,4,1
Numbness,"Mild, moderate or severe (Variant 2102)?",8,2,3,3,0
Numbness,How frequently does it occur (Variant 2103)?,3,4,1,6,1
Numbness,When did it start worsening (Variant 2104)?,7,3,2,1,0
Numbness,Any associated symptoms present (Variant 2105)?,0,5,3,2,1
Numbness,Triggered by activity (Variant 2106)?,9,5,1,5,0
Numbness,Localized or widespread (Variant 2107)?,5,1,2,8,1
Numbness,Constant or intermittent (Variant 2108)?,6,0,3,0,0
Numbness,Does it affect daily activities (Variant 2109)?,4,5,1,7,1
Numbness,Any emergency warning signs (Variant 2110)?,2,5,2,4,0
Tingling,Since how many days (Variant 2111)?,1,3,3,3,1
Tingling,"Mild, moderate or severe (Variant 2112)?",8,2,1,6,0
Tingling,How frequently does it occur (Variant 2113)?,3,4,2,1,1
Tingling,When did it start worsening (Variant 2114)?,7,3,3,2,0
Tingling,Any associated symptoms present (Variant 2115)?,0,5,1,5,1
Tingling,Triggered by activity (Variant 2116)?,9,5,2,8,0
Tingling,Localized or widespread (Variant 2117)?,5,1,3,0,1
Tingling,Constant or intermittent (Variant 2118)?,6,0,1,7,0
Tingling,Does it affect daily activities (Variant 2119)?,4,5,2,4,1
Tingling,Any emergency warning signs (Variant 2120)?,2,5,3,3,0
Tremor,Since how many days (Variant 2121)?,1,3,1,6,1
Tremor,"Mild, moderate or severe (Variant 2122)?",8,2,2,1,0
Tremor,How frequently does it occur (Variant 2123)?,3,4,3,2,1
Tremor,When did it start worsening (Variant 2124)?,7,3,1,5,0
Tremor,Any associated symptoms present (Variant 2125)?,0,5,2,8,1
Tremor,Triggered by activity (Variant 2126)?,9,5,3,0,0
Tremor,Localized or widespread (Variant 2127)?,5,1,1,7,1
Tremor,Constant or intermittent (Variant 2128)?,6,0,2,4,0
Tremor,Does it affect daily activities (Variant 2129)?,4,5,3,3,1
Tremor,Any emergency warning signs (Variant 2130)?,2,5,1,6,0
Facial Droop,Since how many days (Variant 2131)?,1,3,2,1,1
Facial Droop,"Mild, moderate or severe (Variant 2132)?",8,2,3,2,0
Facial Droop,How frequently does it occur (Variant 2133)?,3,4,1,5,1
Facial Droop,When did it start worsening (Variant 2134)?,7,3,2,8,0
Facial Droop,Any associated symptoms present (Variant 2135)?,0,5,3,0,1
Facial Droop,Triggered by activity (Variant 2136)?,9,5,1,7,0
Facial Droop,Localized or widespread (Variant 2137)?,5,1,2,4,1
Facial Droop,Constant or intermittent (Variant 2138)?,6,0,3,3,0
Facial Droop,Does it affect daily activities (Variant 2139)?,4,5,1,6,1
Facial Droop,Any emergency warning signs (Variant 2140)?,2,5,2,1,0
Blurred Vision,Since how many days (Variant 2141)?,1,3,3,2,1
Blurred Vision,"Mild, moderate or severe (Variant 2142)?",8,2,1,5,0
Blurred Vision,How frequently does it occur (Variant 2143)?,3,4,2,8,1
Blurred Vision,When did it start worsening (Variant 2144)?,7,3,3,0,0
Blurred Vision,Any associated symptoms present (Variant 2145)?,0,5,1,7,1
Blurred Vision,Triggered by activity (Variant 2146)?,9,5,2,4,0
Blurred Vision,Localized or widespread (Variant 2147)?,5,1,3,3,1
Blurred Vision,Constant or intermittent (Variant 2148)?,6,0,1,6,0
Blurred Vision,Does it affect daily activities (Variant 2149)?,4,5,2,1,1
Blurred Vision,Any emergency warning signs (Variant 2150)?,2,5,3,2,0
Frequent Urination,Since how many days (Variant 2151)?,1,3,1,5,1
Frequent Urination,"Mild, moderate or severe (Variant 2152)?",8,2,2,8,0
Frequent Urination,How frequently does it occur (Variant 2153)?,3,4,3,0,1
Frequent Urination,When did it start worsening (Variant 2154)?,7,3,1,7,0
Frequent Urination,Any associated symptoms present (Variant 2155)?,0,5,2,4,1
Frequent Urination,Triggered by activity (Variant 2156)?,9,5,3,3,0
Frequent Urination,Localized or widespread (Variant 2157)?,5,1,1,6,1
Frequent Urination,Constant or intermittent (Variant 2158)?,6,0,2,1,0
Frequent Urination,Does it affect daily activities (Variant 2159)?,4,5,3,2,1
Frequent Urination,Any emergency warning signs (Variant 2160)?,2,5,1,5,0
Excess Thirst,Since how many days (Variant 2161)?,1,3,2,8,1
Excess Thirst,"Mild, moderate or severe (Variant 2162)?",8,2,3,0,0
Excess Thirst,How frequently does it occur (Variant 2163)?,3,4,1,7,1
Excess Thirst,When did it start worsening (Variant 2164)?,7,3,2,4,0
Excess Thirst,Any associated symptoms present (Variant 2165)?,0,5,3,3,1
Excess Thirst,Triggered by activity (Variant 2166)?,9,5,1,6,0
Excess Thirst,Localized or widespread (Variant 2167)?,5,1,2,1,1
Excess Thirst,Constant or intermittent (Variant 2168)?,6,0,3,2,0
Excess Thirst,Does it affect daily activities (Variant 2169)?,4,5,1,5,1
Excess Thirst,Any emergency warning signs (Variant 2170)?,2,5,2,8,0
Heat Intolerance,Since how many days (Variant 2171)?,1,3,3,0,1
Heat Intolerance,"Mild, moderate or severe (Variant 2172)?",8,2,1,7,0
Heat Intolerance,How frequently does it occur (Variant 2173)?,3,4,2,4,1
Heat Intolerance,When did it start worsening (Variant 2174)?,7,3,3,3,0
Heat Intolerance,Any associated symptoms present (Variant 2175)?,0,5,1,6,1
Heat Intolerance,Triggered by activity (Variant 2176)?,9,5,2,1,0
Heat Intolerance,Localized or widespread (Variant 2177)?,5,1,3,2,1
Heat Intolerance,Constant or intermittent (Variant 2178)?,6,0,1,5,0
Heat Intolerance,Does it affect daily activities (Variant 2179)?,4,5,2,8,1
Heat Intolerance,Any emergency warning signs (Variant 2180)?,2,5,3,0,0
Cold Intolerance,Since how many days (Variant 2181)?,1,3,1,7,1
Cold Intolerance,"Mild, moderate or severe (Variant 2182)?",8,2,2,4,0
Cold Intolerance,How frequently does it occur (Variant 2183)?,3,4,3,3,1
Cold Intolerance,When did it start worsening (Variant 2184)?,7,3,1,6,0
Cold Intolerance,Any associated symptoms present (Variant 2185)?,0,5,2,1,1
Cold Intolerance,Triggered by activity (Variant 2186)?,9,5,3,2,0
Cold Intolerance,Localized or widespread (Variant 2187)?,5,1,1,5,1
Cold Intolerance,Constant or intermittent (Variant 2188)?,6,0,2,8,0
Cold Intolerance,Does it affect daily activities (Variant 2189)?,4,5,3,0,1
Cold Intolerance,Any emergency warning signs (Variant 2190)?,2,5,1,7,0
Rash,Since how many days (Variant 2191)?,1,3,2,4,1
Rash,"Mild, moderate or severe (Variant 2192)?",8,2,3,3,0
Rash,How frequently does it occur (Variant 2193)?,3,4,1,6,1
Rash,When did it start worsening (Variant 2194)?,7,3,2,1,0
Rash,Any associated symptoms present (Variant 2195)?,0,5,3,2,1
Rash,Triggered by activity (Variant 2196)?,9,5,1,5,0
Rash,Localized or widespread (Variant 2197)?,5,1,2,8,1
Rash,Constant or intermittent (Variant 2198)?,6,0,3,0,0
Rash,Does it affect daily activities (Variant 2199)?,4,5,1,7,1
Rash,Any emergency warning signs (Variant 2200)?,2,5,2,4,0
Itching,Since how many days (Variant 2201)?,1,3,3,3,1
Itching,"Mild, moderate or severe (Variant 2202)?",8,2,1,6,0
Itching,How frequently does it occur (Variant 2203)?,3,4,2,1,1
Itching,When did it start worsening (Variant 2204)?,7,3,3,2,0
Itching,Any associated symptoms present (Variant 2205)?,0,5,1,5,1
Itching,Triggered by activity (Variant 2206)?,9,5,2,8,0
Itching,Localized or widespread (Variant 2207)?,5,1,3,0,1
Itching,Constant or intermittent (Variant 2208)?,6,0,1,7,0
Itching,Does it affect daily activities (Variant 2209)?,4,5,2,4,1
Itching,Any emergency warning signs (Variant 2210)?,2,5,3,3,0
Skin Lesions,Since how many days (Variant 2211)?,1,3,1,6,1
Skin Lesions,"Mild, moderate or severe (Variant 2212)?",8,2,2,1,0
Skin Lesions,How frequently does it occur (Variant 2213)?,3,4,3,2,1
Skin Lesions,When did it start worsening (Variant 2214)?,7,3,1,5,0
Skin Lesions,Any associated symptoms present (Variant 2215)?,0,5,2,8,1
Skin Lesions,Triggered by activity (Variant 2216)?,9,5,3,0,0
Skin Lesions,Localized or widespread (Variant 2217)?,5,1,1,7,1
Skin Lesions,Constant or intermittent (Variant 2218)?,6,0,2,4,0
Skin Lesions,Does it affect daily activities (Variant 2219)?,4,5,3,3,1
Skin Lesions,Any emergency warning signs (Variant 2220)?,2,5,1,6,0
Hair Loss,Since how many days (Variant 2221)?,1,3,2,1,1
Hair Loss,"Mild, moderate or severe (Variant 2222)?",8,2,3,2,0
Hair Loss,How frequently does it occur (Variant 2223)?,3,4,1,5,1
Hair Loss,When did it start worsening (Variant 2224)?,7,3,2,8,0
Hair Loss,Any associated symptoms present (Variant 2225)?,0,5,3,0,1
Hair Loss,Triggered by activity (Variant 2226)?,9,5,1,7,0
Hair Loss,Localized or widespread (Variant 2227)?,5,1,2,4,1
Hair Loss,Constant or intermittent (Variant 2228)?,6,0,3,3,0
Hair Loss,Does it affect daily activities (Variant 2229)?,4,5,1,6,1
Hair Loss,Any emergency warning signs (Variant 2230)?,2,5,2,1,0
Insomnia,Since how many days (Variant 2231)?,1,3,3,2,1
Insomnia,"Mild, moderate or severe (Variant 2232)?",8,2,1,5,0
Insomnia,How frequently does it occur (Variant 2233)?,3,4,2,8,1
Insomnia,When did it start worsening (Variant 2234)?,7,3,3,0,0
Insomnia,Any associated symptoms present (Variant 2235)?,0,5,1,7,1
Insomnia,Triggered by activity (Variant 2236)?,9,5,2,4,0
Insomnia,Localized or widespread (Variant 2237)?,5,1,3,3,1
Insomnia,Constant or intermittent (Variant 2238)?,6,0,1,6,0
Insomnia,Does it affect daily activities (Variant 2239)?,4,5,2,1,1
Insomnia,Any emergency warning signs (Variant 2240)?,2,5,3,2,0
Anxiety,Since how many days (Variant 2241)?,1,3,1,5,1
Anxiety,"Mild, moderate or severe (Variant 2242)?",8,2,2,8,0
Anxiety,How frequently does it occur (Variant 2243)?,3,4,3,0,1
Anxiety,When did it start worsening (Variant 2244)?,7,3,1,7,0
Anxiety,Any associated symptoms present (Variant 2245)?,0,5,2,4,1
Anxiety,Triggered by activity (Variant 2246)?,9,5,3,3,0
Anxiety,Localized or widespread (Variant 2247)?,5,1,1,6,1
Anxiety,Constant or intermittent (Variant 2248)?,6,0,2,1,0
Anxiety,Does it affect daily activities (Variant 2249)?,4,5,3,2,1
Anxiety,Any emergency warning signs (Variant 2250)?,2,5,1,5,0
Depressed Mood,Since how many days (Variant 2251)?,1,3,2,8,1
Depressed Mood,"Mild, moderate or severe (Variant 2252)?",8,2,3,0,0
Depressed Mood,How frequently does it occur (Variant 2253)?,3,4,1,7,1
Depressed Mood,When did it start worsening (Variant 2254)?,7,3,2,4,0
Depressed Mood,Any associated symptoms present (Variant 2255)?,0,5,3,3,1
Depressed Mood,Triggered by activity (Variant 2256)?,9,5,1,6,0
Depressed Mood,Localized or widespread (Variant 2257)?,5,1,2,1,1
Depressed Mood,Constant or intermittent (Variant 2258)?,6,0,3,2,0
Depressed Mood,Does it affect daily activities (Variant 2259)?,4,5,1,5,1
Depressed Mood,Any emergency warning signs (Variant 2260)?,2,5,2,8,0
Irritability,Since how many days (Variant 2261)?,1,3,3,0,1
Irritability,"Mild, moderate or severe (Variant 2262)?",8,2,1,7,0
Irritability,How frequently does it occur (Variant 2263)?,3,4,2,4,1
Irritability,When did it start worsening (Variant 2264)?,7,3,3,3,0
Irritability,Any associated symptoms present (Variant 2265)?,0,5,1,6,1
Irritability,Triggered by activity (Variant 2266)?,9,5,2,1,0
Irritability,Localized or widespread (Variant 2267)?,5,1,3,2,1
Irritability,Constant or intermittent (Variant 2268)?,6,0,1,5,0
Irritability,Does it affect daily activities (Variant 2269)?,4,5,2,8,1
Irritability,Any emergency warning signs (Variant 2270)?,2,5,3,0,0
Ear Pain,Since how many days (Variant 2271)?,1,3,1,7,1
Ear Pain,"Mild, moderate or severe (Variant 2272)?",8,2,2,4,0
Ear Pain,How frequently does it occur (Variant 2273)?,3,4,3,3,1
Ear Pain,When did it start worsening (Variant 2274)?,7,3,1,6,0
Ear Pain,Any associated symptoms present (Variant 2275)?,0,5,2,1,1
Ear Pain,Triggered by activity (Variant 2276)?,9,5,3,2,0
Ear Pain,Localized or widespread (Variant 2277)?,5,1,1,5,1
Ear Pain,Constant or intermittent (Variant 2278)?,6,0,2,8,0
Ear Pain,Does it affect daily activities (Variant 2279)?,4,5,3,0,1
Ear Pain,Any emergency warning signs (Variant 2280)?,2,5,1,7,0
Hearing Loss,Since how many days (Variant 2281)?,1,3,2,4,1
Hearing Loss,"Mild, moderate or severe (Variant 2282)?",8,2,3,3,0
Hearing Loss,How frequently does it occur (Variant 2283)?,3,4,1,6,1
Hearing Loss,When did it start worsening (Variant 2284)?,7,3,2,1,0
Hearing Loss,Any associated symptoms present (Variant 2285)?,0,5,3,2,1
Hearing Loss,Triggered by activity (Variant 2286)?,9,5,1,5,0
Hearing Loss,Localized or widespread (Variant 2287)?,5,1,2,8,1
Hearing Loss,Constant or intermittent (Variant 2288)?,6,0,3,0,0
Hearing Loss,Does it affect daily activities (Variant 2289)?,4,5,1,7,1
Hearing Loss,Any emergency warning signs (Variant 2290)?,2,5,2,4,0
Neck Pain,Since how many days (Variant 2291)?,1,3,3,3,1
Neck Pain,"Mild, moderate or severe (Variant 2292)?",8,2,1,6,0
Neck Pain,How frequently does it occur (Variant 2293)?,3,4,2,1,1
Neck Pain,When did it start worsening (Variant 2294)?,7,3,3,2,0
Neck Pain,Any associated symptoms present (Variant 2295)?,0,5,1,5,1
Neck Pain,Triggered by activity (Variant 2296)?,9,5,2,8,0
Neck Pain,Localized or widespread (Variant 2297)?,5,1,3,0,1
Neck Pain,Constant or intermittent (Variant 2298)?,6,0,1,7,0
Neck Pain,Does it affect daily activities (Variant 2299)?,4,5,2,4,1
Neck Pain,Any emergency warning signs (Variant 2300)?,2,5,3,3,0
Pelvic Pain,Since how many days (Variant 2301)?,1,3,1,6,1
Pelvic Pain,"Mild, moderate or severe (Variant 2302)?",8,2,2,1,0
Pelvic Pain,How frequently does it occur (Variant 2303)?,3,4,3,2,1
Pelvic Pain,When did it start worsening (Variant 2304)?,7,3,1,5,0
Pelvic Pain,Any associated symptoms present (Variant 2305)?,0,5,2,8,1
Pelvic Pain,Triggered by activity (Variant 2306)?,9,5,3,0,0
Pelvic Pain,Localized or widespread (Variant 2307)?,5,1,1,7,1
Pelvic Pain,Constant or intermittent (Variant 2308)?,6,0,2,4,0
Pelvic Pain,Does it affect daily activities (Variant 2309)?,4,5,3,3,1
Pelvic Pain,Any emergency warning signs (Variant 2310)?,2,5,1,6,0
Menstrual Irregularity,Since how many days (Variant 2311)?,1,3,2,1,1
Menstrual Irregularity,"Mild, moderate or severe (Variant 2312)?",8,2,3,2,0
Menstrual Irregularity,How frequently does it occur (Variant 2313)?,3,4,1,5,1
Menstrual Irregularity,When did it start worsening (Variant 2314)?,7,3,2,8,0
Menstrual Irregularity,Any associated symptoms present (Variant 2315)?,0,5,3,0,1
Menstrual Irregularity,Triggered by activity (Variant 2316)?,9,5,1,7,0
Menstrual Irregularity,Localized or widespread (Variant 2317)?,5,1,2,4,1
Menstrual Irregularity,Constant or intermittent (Variant 2318)?,6,0,3,3,0
Menstrual Irregularity,Does it affect daily activities (Variant 2319)?,4,5,1,6,1
Menstrual Irregularity,Any emergency warning signs (Variant 2320)?,2,5,2,1,0
Burning Urination,Since how many days (Variant 2321)?,1,3,3,2,1
Burning Urination,"Mild, moderate or severe (Variant 2322)?",8,2,1,5,0
Burning Urination,How frequently does it occur (Variant 2323)?,3,4,2,8,1
Burning Urination,When did it start worsening (Variant 2324)?,7,3,3,0,0
Burning Urination,Any associated symptoms present (Variant 2325)?,0,5,1,7,1
Burning Urination,Triggered by activity (Variant 2326)?,9,5,2,4,0
Burning Urination,Localized or widespread (Variant 2327)?,5,1,3,3,1
Burning Urination,Constant or intermittent (Variant 2328)?,6,0,1,6,0
Burning Urination,Does it affect daily activities (Variant 2329)?,4,5,2,1,1
Burning Urination,Any emergency warning signs (Variant 2330)?,2,5,3,2,0
Blood in Urine,Since how many days (Variant 2331)?,1,3,1,5,1
Blood in Urine,"Mild, moderate or severe (Variant 2332)?",8,2,2,8,0
Blood in Urine,How frequently does it occur (Variant 2333)?,3,4,3,0,1
Blood in Urine,When did it start worsening (Variant 2334)?,7,3,1,7,0
Blood in Urine,Any associated symptoms present (Variant 2335)?,0,5,2,4,1
Blood in Urine,Triggered by activity (Variant 2336)?,9,5,3,3,0
Blood in Urine,Localized or widespread (Variant 2337)?,5,1,1,6,1
Blood in Urine,Constant or intermittent (Variant 2338)?,6,0,2,1,0
Blood in Urine,Does it affect daily activities (Variant 2339)?,4,5,3,2,1
Blood in Urine,Any emergency warning signs (Variant 2340)?,2,5,1,5,0
Swollen Lymph Nodes,Since how many days (Variant 2341)?,1,3,2,8,1
Swollen Lymph Nodes,"Mild, moderate or severe (Variant 2342)?",8,2,3,0,0
Swollen Lymph Nodes,How frequently does it occur (Variant 2343)?,3,4,1,7,1
Swollen Lymph Nodes,When did it start worsening (Variant 2344)?,7,3,2,4,0
Swollen Lymph Nodes,Any associated symptoms present (Variant 2345)?,0,5,3,3,1
Swollen Lymph Nodes,Triggered by activity (Variant 2346)?,9,5,1,6,0
Swollen Lymph Nodes,Localized or widespread (Variant 2347)?,5,1,2,1,1
Swollen Lymph Nodes,Constant or intermittent (Variant 2348)?,6,0,3,2,0
Swollen Lymph Nodes,Does it affect daily activities (Variant 2349)?,4,5,1,5,1
Swollen Lymph Nodes,Any emergency warning signs (Variant 2350)?,2,5,2,8,0
Dry Mouth,Since how many days (Variant 2351)?,1,3,3,0,1
Dry Mouth,"Mild, moderate or severe (Variant 2352)?",8,2,1,7,0
Dry Mouth,How frequently does it occur (Variant 2353)?,3,4,2,4,1
Dry Mouth,When did it start worsening (Variant 2354)?,7,3,3,3,0
Dry Mouth,Any associated symptoms present (Variant 2355)?,0,5,1,6,1
Dry Mouth,Triggered by activity (Variant 2356)?,9,5,2,1,0
Dry Mouth,Localized or widespread (Variant 2357)?,5,1,3,2,1
Dry Mouth,Constant or intermittent (Variant 2358)?,6,0,1,5,0
Dry Mouth,Does it affect daily activities (Variant 2359)?,4,5,2,8,1
Dry Mouth,Any emergency warning signs (Variant 2360)?,2,5,3,0,0
Mouth Ulcers,Since how many days (Variant 2361)?,1,3,1,7,1
Mouth Ulcers,"Mild, moderate or severe (Variant 2362)?",8,2,2,4,0
Mouth Ulcers,How frequently does it occur (Variant 2363)?,3,4,3,3,1
Mouth Ulcers,When did it start worsening (Variant 2364)?,7,3,1,6,0
Mouth Ulcers,Any associated symptoms present (Variant 2365)?,0,5,2,1,1
Mouth Ulcers,Triggered by activity (Variant 2366)?,9,5,3,2,0
Mouth Ulcers,Localized or widespread (Variant 2367)?,5,1,1,5,1
Mouth Ulcers,Constant or intermittent (Variant 2368)?,6,0,2,8,0
Mouth Ulcers,Does it affect daily activities (Variant 2369)?,4,5,3,0,1
Mouth Ulcers,Any emergency warning signs (Variant 2370)?,2,5,1,7,0
Difficulty Swallowing,Since how many days (Variant 2371)?,1,3,2,4,1
Difficulty Swallowing,"Mild, moderate or severe (Variant 2372)?",8,2,3,3,0
Difficulty Swallowing,How frequently does it occur (Variant 2373)?,3,4,1,6,1
Difficulty Swallowing,When did it start worsening (Variant 2374)?,7,3,2,1,0
Difficulty Swallowing,Any associated symptoms present (Variant 2375)?,0,5,3,2,1
Difficulty Swallowing,Triggered by activity (Variant 2376)?,9,5,1,5,0
Difficulty Swallowing,Localized or widespread (Variant 2377)?,5,1,2,8,1
Difficulty Swallowing,Constant or intermittent (Variant 2378)?,6,0,3,0,0
Difficulty Swallowing,Does it affect daily activities (Variant 2379)?,4,5,1,7,1
Difficulty Swallowing,Any emergency warning signs (Variant 2380)?,2,5,2,4,0
Cyanosis,Since how many days (Variant 2381)?,1,3,3,3,1
Cyanosis,"Mild, moderate or severe (Variant 2382)?",8,2,1,6,0
Cyanosis,How frequently does it occur (Variant 2383)?,3,4,2,1,1
Cyanosis,When did it start worsening (Variant 2384)?,7,3,3,2,0
Cyanosis,Any associated symptoms present (Variant 2385)?,0,5,1,5,1
Cyanosis,Triggered by activity (Variant 2386)?,9,5,2,8,0
Cyanosis,Localized or widespread (Variant 2387)?,5,1,3,0,1
Cyanosis,Constant or intermittent (Variant 2388)?,6,0,1,7,0
Cyanosis,Does it affect daily activities (Variant 2389)?,4,5,2,4,1
Cyanosis,Any emergency warning signs (Variant 2390)?,2,5,3,3,0
Severe Bleeding,Since how many days (Variant 2391)?,1,3,1,6,1
Severe Bleeding,"Mild, moderate or severe (Variant 2392)?",8,2,2,1,0
Severe Bleeding,How frequently does it occur (Variant 2393)?,3,4,3,2,1
Severe Bleeding,When did it start worsening (Variant 2394)?,7,3,1,5,0
Severe Bleeding,Any associated symptoms present (Variant 2395)?,0,5,2,8,1
Severe Bleeding,Triggered by activity (Variant 2396)?,9,5,3,0,0
Severe Bleeding,Localized or widespread (Variant 2397)?,5,1,1,7,1
Severe Bleeding,Constant or intermittent (Variant 2398)?,6,0,2,4,0
Severe Bleeding,Does it affect daily activities (Variant 2399)?,4,5,3,3,1
Severe Bleeding,Any emergency warning signs (Variant 2400)?,2,5,1,6,0
Fever,Since how many days (Variant 2401)?,1,3,2,8,1
Fever,"Mild, moderate or severe (Variant 2402)?",8,2,3,0,0
Fever,How frequently does it occur (Variant 2403)?,3,4,1,7,1
Fever,When did it start worsening (Variant 2404)?,7,3,2,4,0
Fever,Any associated symptoms present (Variant 2405)?,0,5,3,3,1
Fever,Triggered by activity (Variant 2406)?,9,5,1,6,0
Fever,Localized or widespread (Variant 2407)?,5,1,2,1,1
Fever,Constant or intermittent (Variant 2408)?,6,0,3,2,0
Fever,Does it affect daily activities (Variant 2409)?,4,5,1,5,1
Fever,Any emergency warning signs (Variant 2410)?,2,5,2,8,0
Cough,Since how many days (Variant 2411)?,1,3,3,0,1
Cough,"Mild, moderate or severe (Variant 2412)?",8,2,1,7,0
Cough,How frequently does it occur (Variant 2413)?,3,4,2,4,1
Cough,When did it start worsening (Variant 2414)?,7,3,3,3,0
Cough,Any associated symptoms present (Variant 2415)?,0,5,1,6,1
Cough,Triggered by activity (Variant 2416)?,9,5,2,1,0
Cough,Localized or widespread (Variant 2417)?,5,1,3,2,1
Cough,Constant or intermittent (Variant 2418)?,6,0,1,5,0
Cough,Does it affect daily activities (Variant 2419)?,4,5,2,8,1
Cough,Any emergency warning signs (Variant 2420)?,2,5,3,0,0
Fatigue,Since how many days (Variant 2421)?,1,3,1,7,1
Fatigue,"Mild, moderate or severe (Variant 2422)?",8,2,2,4,0
Fatigue,How frequently does it occur (Variant 2423)?,3,4,3,3,1
Fatigue,When did it start worsening (Variant 2424)?,7,3,1,6,0
Fatigue,Any associated symptoms present (Variant 2425)?,0,5,2,1,1
Fatigue,Triggered by activity (Variant 2426)?,9,5,3,2,0
Fatigue,Localized or widespread (Variant 2427)?,5,1,1,5,1
Fatigue,Constant or intermittent (Variant 2428)?,6,0,2,8,0
Fatigue,Does it affect daily activities (Variant 2429)?,4,5,3,0,1
Fatigue,Any emergency warning signs (Variant 2430)?,2,5,1,7,0
Breathlessness,Since how many days (Variant 2431)?,1,3,2,4,1
Breathlessness,"Mild, moderate or severe (Variant 2432)?",8,2,3,3,0
Breathlessness,How frequently does it occur (Variant 2433)?,3,4,1,6,1
Breathlessness,When did it start worsening (Variant 2434)?,7,3,2,1,0
Breathlessness,Any associated symptoms present (Variant 2435)?,0,5,3,2,1
Breathlessness,Triggered by activity (Variant 2436)?,9,5,1,5,0
Breathlessness,Localized or widespread (Variant 2437)?,5,1,2,8,1
Breathlessness,Constant or intermittent (Variant 2438)?,6,0,3,0,0
Breathlessness,Does it affect daily activities (Variant 2439)?,4,5,1,7,1
Breathlessness,Any emergency warning signs (Variant 2440)?,2,5,2,4,0
Chest Pain,Since how many days (Variant 2441)?,1,3,3,3,1
Chest Pain,"Mild, moderate or severe (Variant 2442)?",8,2,1,6,0
Chest Pain,How frequently does it occur (Variant 2443)?,3,4,2,1,1
Chest Pain,When did it start worsening (Variant 2444)?,7,3,3,2,0
Chest Pain,Any associated symptoms present (Variant 2445)?,0,5,1,5,1
Chest Pain,Triggered by activity (Variant 2446)?,9,5,2,8,0
Chest Pain,Localized or widespread (Variant 2447)?,5,1,3,0,1
Chest Pain,Constant or intermittent (Variant 2448)?,6,0,1,7,0
Chest Pain,Does it affect daily activities (Variant 2449)?,4,5,2,4,1
Chest Pain,Any emergency warning signs (Variant 2450)?,2,5,3,3,0
Headache,Since how many days (Variant 2451)?,1,3,1,6,1
Headache,"Mild, moderate or severe (Variant 2452)?",8,2,2,1,0
Headache,How frequently does it occur (Variant 2453)?,3,4,3,2,1
Headache,When did it start worsening (Variant 2454)?,7,3,1,5,0
Headache,Any associated symptoms present (Variant 2455)?,0,5,2,8,1
Headache,Triggered by activity (Variant 2456)?,9,5,3,0,0
Headache,Localized or widespread (Variant 2457)?,5,1,1,7,1
Headache,Constant or intermittent (Variant 2458)?,6,0,2,4,0
Headache,Does it affect daily activities (Variant 2459)?,4,5,3,3,1
Headache,Any emergency warning signs (Variant 2460)?,2,5,1,6,0
Dizziness,Since how many days (Variant 2461)?,1,3,2,1,1
Dizziness,"Mild, moderate or severe (Variant 2462)?",8,2,3,2,0
Dizziness,How frequently does it occur (Variant 2463)?,3,4,1,5,1
Dizziness,When did it start worsening (Variant 2464)?,7,3,2,8,0
Dizziness,Any associated symptoms present (Variant 2465)?,0,5,3,0,1
Dizziness,Triggered by activity (Variant 2466)?,9,5,1,7,0
Dizziness,Localized or widespread (Variant 2467)?,5,1,2,4,1
Dizziness,Constant or intermittent (Variant 2468)?,6,0,3,3,0
Dizziness,Does it affect daily activities (Variant 2469)?,4,5,1,6,1
Dizziness,Any emergency warning signs (Variant 2470)?,2,5,2,1,0
Nausea,Since how many days (Variant 2471)?,1,3,3,2,1
Nausea,"Mild, moderate or severe (Variant 2472)?",8,2,1,5,0
Nausea,How frequently does it occur (Variant 2473)?,3,4,2,8,1
Nausea,When did it start worsening (Variant 2474)?,7,3,3,0,0
Nausea,Any associated symptoms present (Variant 2475)?,0,5,1,7,1
Nausea,Triggered by activity (Variant 2476)?,9,5,2,4,0
Nausea,Localized or widespread (Variant 2477)?,5,1,3,3,1
Nausea,Constant or intermittent (Variant 2478)?,6,0,1,6,0
Nausea,Does it affect daily activities (Variant 2479)?,4,5,2,1,1
Nausea,Any emergency warning signs (Variant 2480)?,2,5,3,2,0
Vomiting,Since how many days (Variant 2481)?,1,3,1,5,1
Vomiting,"Mild, moderate or severe (Variant 2482)?",8,2,2,8,0
Vomiting,How frequently does it occur (Variant 2483)?,3,4,3,0,1
Vomiting,When did it start worsening (Variant 2484)?,7,3,1,7,0
Vomiting,Any associated symptoms present (Variant 2485)?,0,5,2,4,1
Vomiting,Triggered by activity (Variant 2486)?,9,5,3,3,0
Vomiting,Localized or widespread (Variant 2487)?,5,1,1,6,1
Vomiting,Constant or intermittent (Variant 2488)?,6,0,2,1,0
Vomiting,Does it affect daily activities (Variant 2489)?,4,5,3,2,1
Vomiting,Any emergency warning signs (Variant 2490)?,2,5,1,5,0
Diarrhea,Since how many days (Variant 2491)?,1,3,2,8,1
Diarrhea,"Mild, moderate or severe (Variant 2492)?",8,2,3,0,0
Diarrhea,How frequently does it occur (Variant 2493)?,3,4,1,7,1
Diarrhea,When did it start worsening (Variant 2494)?,7,3,2,4,0
Diarrhea,Any associated symptoms present (Variant 2495)?,0,5,3,3,1
Diarrhea,Triggered by activity (Variant 2496)?,9,5,1,6,0
Diarrhea,Localized or widespread (Variant 2497)?,5,1,2,1,1
Diarrhea,Constant or intermittent (Variant 2498)?,6,0,3,2,0
Diarrhea,Does it affect daily activities (Variant 2499)?,4,5,1,5,1
Diarrhea,Any emergency warning signs (Variant 2500)?,2,5,2,8,0
Constipation,Since how many days (Variant 2501)?,1,3,3,0,1
Constipation,"Mild, moderate or severe (Variant 2502)?",8,2,1,7,0
Constipation,How frequently does it occur (Variant 2503)?,3,4,2,4,1
Constipation,When did it start worsening (Variant 2504)?,7,3,3,3,0
Constipation,Any associated symptoms present (Variant 2505)?,0,5,1,6,1
Constipation,Triggered by activity (Variant 2506)?,9,5,2,1,0
Constipation,Localized or widespread (Variant 2507)?,5,1,3,2,1
Constipation,Constant or intermittent (Variant 2508)?,6,0,1,5,0
Constipation,Does it affect daily activities (Variant 2509)?,4,5,2,8,1
Constipation,Any emergency warning signs (Variant 2510)?,2,5,3,0,0
Abdominal Pain,Since how many days (Variant 2511)?,1,3,1,7,1
Abdominal Pain,"Mild, moderate or severe (Variant 2512)?",8,2,2,4,0
Abdominal Pain,How frequently does it occur (Variant 2513)?,3,4,3,3,1
Abdominal Pain,When did it start worsening (Variant 2514)?,7,3,1,6,0
Abdominal Pain,Any associated symptoms present (Variant 2515)?,0,5,2,1,1
Abdominal Pain,Triggered by activity (Variant 2516)?,9,5,3,2,0
Abdominal Pain,Localized or widespread (Variant 2517)?,5,1,1,5,1
Abdominal Pain,Constant or intermittent (Variant 2518)?,6,0,2,8,0
Abdominal Pain,Does it affect daily activities (Variant 2519)?,4,5,3,0,1
Abdominal Pain,Any emergency warning signs (Variant 2520)?,2,5,1,7,0
Back Pain,Since how many days (Variant 2521)?,1,3,2,4,1
Back Pain,"Mild, moderate or severe (Variant 2522)?",8,2,3,3,0
Back Pain,How frequently does it occur (Variant 2523)?,3,4,1,6,1
Back Pain,When did it start worsening (Variant 2524)?,7,3,2,1,0
Back Pain,Any associated symptoms present (Variant 2525)?,0,5,3,2,1
Back Pain,Triggered by activity (Variant 2526)?,9,5,1,5,0
Back Pain,Localized or widespread (Variant 2527)?,5,1,2,8,1
Back Pain,Constant or intermittent (Variant 2528)?,6,0,3,0,0
Back Pain,Does it affect daily activities (Variant 2529)?,4,5,1,7,1
Back Pain,Any emergency warning signs (Variant 2530)?,2,5,2,4,0
Joint Pain,Since how many days (Variant 2531)?,1,3,3,3,1
Joint Pain,"Mild, moderate or severe (Variant 2532)?",8,2,1,6,0
Joint Pain,How frequently does it occur (Variant 2533)?,3,4,2,1,1
Joint Pain,When did it start worsening (Variant 2534)?,7,3,3,2,0
Joint Pain,Any associated symptoms present (Variant 2535)?,0,5,1,5,1
Joint Pain,Triggered by activity (Variant 2536)?,9,5,2,8,0
Joint Pain,Localized or widespread (Variant 2537)?,5,1,3,0,1
Joint Pain,Constant or intermittent (Variant 2538)?,6,0,1,7,0
Joint Pain,Does it affect daily activities (Variant 2539)?,4,5,2,4,1
Joint Pain,Any emergency warning signs (Variant 2540)?,2,5,3,3,0
Muscle Pain,Since how many days (Variant 2541)?,1,3,1,6,1
Muscle Pain,"Mild, moderate or severe (Variant 2542)?",8,2,2,1,0
Muscle Pain,How frequently does it occur (Variant 2543)?,3,4,3,2,1
Muscle Pain,When did it start worsening (Variant 2544)?,7,3,1,5,0
Muscle Pain,Any associated symptoms present (Variant 2545)?,0,5,2,8,1
Muscle Pain,Triggered by activity (Variant 2546)?,9,5,3,0,0
Muscle Pain,Localized or widespread (Variant 2547)?,5,1,1,7,1
Muscle Pain,Constant or intermittent (Variant 2548)?,6,0,2,4,0
Muscle Pain,Does it affect daily activities (Variant 2549)?,4,5,3,3,1
Muscle Pain,Any emergency warning signs (Variant 2550)?,2,5,1,6,0
Palpitations,Since how many days (Variant 2551)?,1,3,2,1,1
Palpitations,"Mild, moderate or severe (Variant 2552)?",8,2,3,2,0
Palpitations,How frequently does it occur (Variant 2553)?,3,4,1,5,1
Palpitations,When did it start worsening (Variant 2554)?,7,3,2,8,0
Palpitations,Any associated symptoms present (Variant 2555)?,0,5,3,0,1
Palpitations,Triggered by activity (Variant 2556)?,9,5,1,7,0
Palpitations,Localized or widespread (Variant 2557)?,5,1,2,4,1
Palpitations,Constant or intermittent (Variant 2558)?,6,0,3,3,0
Palpitations,Does it affect daily activities (Variant 2559)?,4,5,1,6,1
Palpitations,Any emergency warning signs (Variant 2560)?,2,5,2,1,0
Leg Swelling,Since how many days (Variant 2561)?,1,3,3,2,1
Leg Swelling,"Mild, moderate or severe (Variant 2562)?",8,2,1,5,0
Leg Swelling,How frequently does it occur (Variant 2563)?,3,4,2,8,1
Leg Swelling,When did it start worsening (Variant 2564)?,7,3,3,0,0
Leg Swelling,Any associated symptoms present (Variant 2565)?,0,5,1,7,1
Leg Swelling,Triggered by activity (Variant 2566)?,9,5,2,4,0
Leg Swelling,Localized or widespread (Variant 2567)?,5,1,3,3,1
Leg Swelling,Constant or intermittent (Variant 2568)?,6,0,1,6,0
Leg Swelling,Does it affect daily activities (Variant 2569)?,4,5,2,1,1
Leg Swelling,Any emergency warning signs (Variant 2570)?,2,5,3,2,0
Syncope,Since how many days (Variant 2571)?,1,3,1,5,1
Syncope,"Mild, moderate or severe (Variant 2572)?",8,2,2,8,0
Syncope,How frequently does it occur (Variant 2573)?,3,4,3,0,1
Syncope,When did it start worsening (Variant 2574)?,7,3,1,7,0
Syncope,Any associated symptoms present (Variant 2575)?,0,5,2,4,1
Syncope,Triggered by activity (Variant 2576)?,9,5,3,3,0
Syncope,Localized or widespread (Variant 2577)?,5,1,1,6,1
Syncope,Constant or intermittent (Variant 2578)?,6,0,2,1,0
Syncope,Does it affect daily activities (Variant 2579)?,4,5,3,2,1
Syncope,Any emergency warning signs (Variant 2580)?,2,5,1,5,0
Wheezing,Since how many days (Variant 2581)?,1,3,2,8,1
Wheezing,"Mild, moderate or severe (Variant 2582)?",8,2,3,0,0
Wheezing,How frequently does it occur (Variant 2583)?,3,4,1,7,1
Wheezing,When did it start worsening (Variant 2584)?,7,3,2,4,0
Wheezing,Any associated symptoms present (Variant 2585)?,0,5,3,3,1
Wheezing,Triggered by activity (Variant 2586)?,9,5,1,6,0
Wheezing,Localized or widespread (Variant 2587)?,5,1,2,1,1
Wheezing,Constant or intermittent (Variant 2588)?,6,0,3,2,0
Wheezing,Does it affect daily activities (Variant 2589)?,4,5,1,5,1
Wheezing,Any emergency warning signs (Variant 2590)?,2,5,2,8,0
Sore Throat,Since how many days (Variant 2591)?,1,3,3,0,1
Sore Throat,"Mild, moderate or severe (Variant 2592)?",8,2,1,7,0
Sore Throat,How frequently does it occur (Variant 2593)?,3,4,2,4,1
Sore Throat,When did it start worsening (Variant 2594)?,7,3,3,3,0
Sore Throat,Any associated symptoms present (Variant 2595)?,0,5,1,6,1
Sore Throat,Triggered by activity (Variant 2596)?,9,5,2,1,0
Sore Throat,Localized or widespread (Variant 2597)?,5,1,3,2,1
Sore Throat,Constant or intermittent (Variant 2598)?,6,0,1,5,0
Sore Throat,Does it affect daily activities (Variant 2599)?,4,5,2,8,1
Sore Throat,Any emergency warning signs (Variant 2600)?,2,5,3,0,0
Runny Nose,Since how many days (Variant 2601)?,1,3,1,7,1
Runny Nose,"Mild, moderate or severe (Variant 2602)?",8,2,2,4,0
Runny Nose,How frequently does it occur (Variant 2603)?,3,4,3,3,1
Runny Nose,When did it start worsening (Variant 2604)?,7,3,1,6,0
Runny Nose,Any associated symptoms present (Variant 2605)?,0,5,2,1,1
Runny Nose,Triggered by activity (Variant 2606)?,9,5,3,2,0
Runny Nose,Localized or widespread (Variant 2607)?,5,1,1,5,1
Runny Nose,Constant or intermittent (Variant 2608)?,6,0,2,8,0
Runny Nose,Does it affect daily activities (Variant 2609)?,4,5,3,0,1
Runny Nose,Any emergency warning signs (Variant 2610)?,2,5,1,7,0
Nasal Congestion,Since how many days (Variant 2611)?,1,3,2,4,1
Nasal Congestion,"Mild, moderate or severe (Variant 2612)?",8,2,3,3,0
Nasal Congestion,How frequently does it occur (Variant 2613)?,3,4,1,6,1
Nasal Congestion,When did it start worsening (Variant 2614)?,7,3,2,1,0
Nasal Congestion,Any associated symptoms present (Variant 2615)?,0,5,3,2,1
Nasal Congestion,Triggered by activity (Variant 2616)?,9,5,1,5,0
Nasal Congestion,Localized or widespread (Variant 2617)?,5,1,2,8,1
Nasal Congestion,Constant or intermittent (Variant 2618)?,6,0,3,0,0
Nasal Congestion,Does it affect daily activities (Variant 2619)?,4,5,1,7,1
Nasal Congestion,Any emergency warning signs (Variant 2620)?,2,5,2,4,0
Chills,Since how many days (Variant 2621)?,1,3,3,3,1
Chills,"Mild, moderate or severe (Variant 2622)?",8,2,1,6,0
Chills,How frequently does it occur (Variant 2623)?,3,4,2,1,1
Chills,When did it start worsening (Variant 2624)?,7,3,3,2,0
Chills,Any associated symptoms present (Variant 2625)?,0,5,1,5,1
Chills,Triggered by activity (Variant 2626)?,9,5,2,8,0
Chills,Localized or widespread (Variant 2627)?,5,1,3,0,1
Chills,Constant or intermittent (Variant 2628)?,6,0,1,7,0
Chills,Does it affect daily activities (Variant 2629)?,4,5,2,4,1
Chills,Any emergency warning signs (Variant 2630)?,2,5,3,3,0
Night Sweats,Since how many days (Variant 2631)?,1,3,1,6,1
Night Sweats,"Mild, moderate or severe (Variant 2632)?",8,2,2,1,0
Night Sweats,How frequently does it occur (Variant 2633)?,3,4,3,2,1
Night Sweats,When did it start worsening (Variant 2634)?,7,3,1,5,0
Night Sweats,Any associated symptoms present (Variant 2635)?,0,5,2,8,1
Night Sweats,Triggered by activity (Variant 2636)?,9,5,3,0,0
Night Sweats,Localized or widespread (Variant 2637)?,5,1,1,7,1
Night Sweats,Constant or intermittent (Variant 2638)?,6,0,2,4,0
Night Sweats,Does it affect daily activities (Variant 2639)?,4,5,3,3,1
Night Sweats,Any emergency warning signs (Variant 2640)?,2,5,1,6,0
Weight Loss,Since how many days (Variant 2641)?,1,3,2,1,1
Weight Loss,"Mild, moderate or severe (Variant 2642)?",8,2,3,2,0
Weight Loss,How frequently does it occur (Variant 2643)?,3,4,1,5,1
Weight Loss,When did it start worsening (Variant 2644)?,7,3,2,8,0
Weight Loss,Any associated symptoms present (Variant 2645)?,0,5,3,0,1
Weight Loss,Triggered by activity (Variant 2646)?,9,5,1,7,0
Weight Loss,Localized or widespread (Variant 2647)?,5,1,2,4,1
Weight Loss,Constant or intermittent (Variant 2648)?,6,0,3,3,0
Weight Loss,Does it affect daily activities (Variant 2649)?,4,5,1,6,1
Weight Loss,Any emergency warning signs (Variant 2650)?,2,5,2,1,0
Loss of Appetite,Since how many days (Variant 2651)?,1,3,3,2,1
Loss of Appetite,"Mild, moderate or severe (Variant 2652)?",8,2,1,5,0
Loss of Appetite,How frequently does it occur (Variant 2653)?,3,4,2,8,1
Loss of Appetite,When did it start worsening (Variant 2654)?,7,3,3,0,0
Loss of Appetite,Any associated symptoms present (Variant 2655)?,0,5,1,7,1
Loss of Appetite,Triggered by activity (Variant 2656)?,9,5,2,4,0
Loss of Appetite,Localized or widespread (Variant 2657)?,5,1,3,3,1
Loss of Appetite,Constant or intermittent (Variant 2658)?,6,0,1,6,0
Loss of Appetite,Does it affect daily activities (Variant 2659)?,4,5,2,1,1
Loss of Appetite,Any emergency warning signs (Variant 2660)?,2,5,3,2,0
Weakness,Since how many days (Variant 2661)?,1,3,1,5,1
Weakness,"Mild, moderate or severe (Variant 2662)?",8,2,2,8,0
Weakness,How frequently does it occur (Variant 2663)?,3,4,3,0,1
Weakness,When did it start worsening (Variant 2664)?,7,3,1,7,0
Weakness,Any associated symptoms present (Variant 2665)?,0,5,2,4,1
Weakness,Triggered by activity (Variant 2666)?,9,5,3,3,0
Weakness,Localized or widespread (Variant 2667)?,5,1,1,6,1
Weakness,Constant or intermittent (Variant 2668)?,6,0,2,1,0
Weakness,Does it affect daily activities (Variant 2669)?,4,5,3,2,1
Weakness,Any emergency warning signs (Variant 2670)?,2,5,1,5,0
Confusion,Since how many days (Variant 2671)?,1,3,2,8,1
Confusion,"Mild, moderate or severe (Variant 2672)?",8,2,3,0,0
Confusion,How frequently does it occur (Variant 2673)?,3,4,1,7,1
Confusion,When did it start worsening (Variant 2674)?,7,3,2,4,0
Confusion,Any associated symptoms present (Variant 2675)?,0,5,3,3,1
Confusion,Triggered by activity (Variant 2676)?,9,5,1,6,0
Confusion,Localized or widespread (Variant 2677)?,5,1,2,1,1
Confusion,Constant or intermittent (Variant 2678)?,6,0,3,2,0
Confusion,Does it affect daily activities (Variant 2679)?,4,5,1,5,1
Confusion,Any emergency warning signs (Variant 2680)?,2,5,2,8,0
Memory Loss,Since how many days (Variant 2681)?,1,3,3,0,1
Memory Loss,"Mild, moderate or severe (Variant 2682)?",8,2,1,7,0
Memory Loss,How frequently does it occur (Variant 2683)?,3,4,2,4,1
Memory Loss,When did it start worsening (Variant 2684)?,7,3,3,3,0
Memory Loss,Any associated symptoms present (Variant 2685)?,0,5,1,6,1
Memory Loss,Triggered by activity (Variant 2686)?,9,5,2,1,0
Memory Loss,Localized or widespread (Variant 2687)?,5,1,3,2,1
Memory Loss,Constant or intermittent (Variant 2688)?,6,0,1,5,0
Memory Loss,Does it affect daily activities (Variant 2689)?,4,5,2,8,1
Memory Loss,Any emergency warning signs (Variant 2690)?,2,5,3,0,0
Seizure,Since how many days (Variant 2691)?,1,3,1,7,1
Seizure,"Mild, moderate or severe (Variant 2692)?",8,2,2,4,0
Seizure,How frequently does it occur (Variant 2693)?,3,4,3,3,1
Seizure,When did it start worsening (Variant 2694)?,7,3,1,6,0
Seizure,Any associated symptoms present (Variant 2695)?,0,5,2,1,1
Seizure,Triggered by activity (Variant 2696)?,9,5,3,2,0
Seizure,Localized or widespread (Variant 2697)?,5,1,1,5,1
Seizure,Constant or intermittent (Variant 2698)?,6,0,2,8,0
Seizure,Does it affect daily activities (Variant 2699)?,4,5,3,0,1
Seizure,Any emergency warning signs (Variant 2700)?,2,5,1,7,0
Numbness,Since how many days (Variant 2701)?,1,3,2,4,1
Numbness,"Mild, moderate or severe (Variant 2702)?",8,2,3,3,0
Numbness,How frequently does it occur (Variant 2703)?,3,4,1,6,1
Numbness,When did it start worsening (Variant 2704)?,7,3,2,1,0
Numbness,Any associated symptoms present (Variant 2705)?,0,5,3,2,1
Numbness,Triggered by activity (Variant 2706)?,9,5,1,5,0
Numbness,Localized or widespread (Variant 2707)?,5,1,2,8,1
Numbness,Constant or intermittent (Variant 2708)?,6,0,3,0,0
Numbness,Does it affect daily activities (Variant 2709)?,4,5,1,7,1
Numbness,Any emergency warning signs (Variant 2710)?,2,5,2,4,0
Tingling,Since how many days (Variant 2711)?,1,3,3,3,1
Tingling,"Mild, moderate or severe (Variant 2712)?",8,2,1,6,0
Tingling,How frequently does it occur (Variant 2713)?,3,4,2,1,1
Tingling,When did it start worsening (Variant 2714)?,7,3,3,2,0
Tingling,Any associated symptoms present (Variant 2715)?,0,5,1,5,1
Tingling,Triggered by activity (Variant 2716)?,9,5,2,8,0
Tingling,Localized or widespread (Variant 2717)?,5,1,3,0,1
Tingling,Constant or intermittent (Variant 2718)?,6,0,1,7,0
Tingling,Does it affect daily activities (Variant 2719)?,4,5,2,4,1
Tingling,Any emergency warning signs (Variant 2720)?,2,5,3,3,0
Tremor,Since how many days (Variant 2721)?,1,3,1,6,1
Tremor,"Mild, moderate or severe (Variant 2722)?",8,2,2,1,0
Tremor,How frequently does it occur (Variant 2723)?,3,4,3,2,1
Tremor,When did it start worsening (Variant 2724)?,7,3,1,5,0
Tremor,Any associated symptoms present (Variant 2725)?,0,5,2,8,1
Tremor,Triggered by activity (Variant 2726)?,9,5,3,0,0
Tremor,Localized or widespread (Variant 2727)?,5,1,1,7,1
Tremor,Constant or intermittent (Variant 2728)?,6,0,2,4,0
Tremor,Does it affect daily activities (Variant 2729)?,4,5,3,3,1
Tremor,Any emergency warning signs (Variant 2730)?,2,5,1,6,0
Facial Droop,Since how many days (Variant 2731)?,1,3,2,1,1
Facial Droop,"Mild, moderate or severe (Variant 2732)?",8,2,3,2,0
Facial Droop,How frequently does it occur (Variant 2733)?,3,4,1,5,1
Facial Droop,When did it start worsening (Variant 2734)?,7,3,2,8,0
Facial Droop,Any associated symptoms present (Variant 2735)?,0,5,3,0,1
Facial Droop,Triggered by activity (Variant 2736)?,9,5,1,7,0
Facial Droop,Localized or widespread (Variant 2737)?,5,1,2,4,1
Facial Droop,Constant or intermittent (Variant 2738)?,6,0,3,3,0
Facial Droop,Does it affect daily activities (Variant 2739)?,4,5,1,6,1
Facial Droop,Any emergency warning signs (Variant 2740)?,2,5,2,1,0
Blurred Vision,Since how many days (Variant 2741)?,1,3,3,2,1
Blurred Vision,"Mild, moderate or severe (Variant 2742)?",8,2,1,5,0
Blurred Vision,How frequently does it occur (Variant 2743)?,3,4,2,8,1
Blurred Vision,When did it start worsening (Variant 2744)?,7,3,3,0,0
Blurred Vision,Any associated symptoms present (Variant 2745)?,0,5,1,7,1
Blurred Vision,Triggered by activity (Variant 2746)?,9,5,2,4,0
Blurred Vision,Localized or widespread (Variant 2747)?,5,1,3,3,1
Blurred Vision,Constant or intermittent (Variant 2748)?,6,0,1,6,0
Blurred Vision,Does it affect daily activities (Variant 2749)?,4,5,2,1,1
Blurred Vision,Any emergency warning signs (Variant 2750)?,2,5,3,2,0
Frequent Urination,Since how many days (Variant 2751)?,1,3,1,5,1
Frequent Urination,"Mild, moderate or severe (Variant 2752)?",8,2,2,8,0
Frequent Urination,How frequently does it occur (Variant 2753)?,3,4,3,0,1
Frequent Urination,When did it start worsening (Variant 2754)?,7,3,1,7,0
Frequent Urination,Any associated symptoms present (Variant 2755)?,0,5,2,4,1
Frequent Urination,Triggered by activity (Variant 2756)?,9,5,3,3,0
Frequent Urination,Localized or widespread (Variant 2757)?,5,1,1,6,1
Frequent Urination,Constant or intermittent (Variant 2758)?,6,0,2,1,0
Frequent Urination,Does it affect daily activities (Variant 2759)?,4,5,3,2,1
Frequent Urination,Any emergency warning signs (Variant 2760)?,2,5,1,5,0
Excess Thirst,Since how many days (Variant 2761)?,1,3,2,8,1
Excess Thirst,"Mild, moderate or severe (Variant 2762)?",8,2,3,0,0
Excess Thirst,How frequently does it occur (Variant 2763)?,3,4,1,7,1
Excess Thirst,When did it start worsening (Variant 2764)?,7,3,2,4,0
Excess Thirst,Any associated symptoms present (Variant 2765)?,0,5,3,3,1
Excess Thirst,Triggered by activity (Variant 2766)?,9,5,1,6,0
Excess Thirst,Localized or widespread (Variant 2767)?,5,1,2,1,1
Excess Thirst,Constant or intermittent (Variant 2768)?,6,0,3,2,0
Excess Thirst,Does it affect daily activities (Variant 2769)?,4,5,1,5,1
Excess Thirst,Any emergency warning signs (Variant 2770)?,2,5,2,8,0
Heat Intolerance,Since how many days (Variant 2771)?,1,3,3,0,1
Heat Intolerance,"Mild, moderate or severe (Variant 2772)?",8,2,1,7,0
Heat Intolerance,How frequently does it occur (Variant 2773)?,3,4,2,4,1
Heat Intolerance,When did it start worsening (Variant 2774)?,7,3,3,3,0
Heat Intolerance,Any associated symptoms present (Variant 2775)?,0,5,1,6,1
Heat Intolerance,Triggered by activity (Variant 2776)?,9,5,2,1,0
Heat Intolerance,Localized or widespread (Variant 2777)?,5,1,3,2,1
Heat Intolerance,Constant or intermittent (Variant 2778)?,6,0,1,5,0
Heat Intolerance,Does it affect daily activities (Variant 2779)?,4,5,2,8,1
Heat Intolerance,Any emergency warning signs (Variant 2780)?,2,5,3,0,0
Cold Intolerance,Since how many days (Variant 2781)?,1,3,1,7,1
Cold Intolerance,"Mild, moderate or severe (Variant 2782)?",8,2,2,4,0
Cold Intolerance,How frequently does it occur (Variant 2783)?,3,4,3,3,1
Cold Intolerance,When did it start worsening (Variant 2784)?,7,3,1,6,0
Cold Intolerance,Any associated symptoms present (Variant 2785)?,0,5,2,1,1
Cold Intolerance,Triggered by activity (Variant 2786)?,9,5,3,2,0
Cold Intolerance,Localized or widespread (Variant 2787)?,5,1,1,5,1
Cold Intolerance,Constant or intermittent (Variant 2788)?,6,0,2,8,0
Cold Intolerance,Does it affect daily activities (Variant 2789)?,4,5,3,0,1
Cold Intolerance,Any emergency warning signs (Variant 2790)?,2,5,1,7,0
Rash,Since how many days (Variant 2791)?,1,3,2,4,1
Rash,"Mild, moderate or severe (Variant 2792)?",8,2,3,3,0
Rash,How frequently does it occur (Variant 2793)?,3,4,1,6,1
Rash,When did it start worsening (Variant 2794)?,7,3,2,1,0
Rash,Any associated symptoms present (Variant 2795)?,0,5,3,2,1
Rash,Triggered by activity (Variant 2796)?,9,5,1,5,0
Rash,Localized or widespread (Variant 2797)?,5,1,2,8,1
Rash,Constant or intermittent (Variant 2798)?,6,0,3,0,0
Rash,Does it affect daily activities (Variant 2799)?,4,5,1,7,1
Rash,Any emergency warning signs (Variant 2800)?,2,5,2,4,0
Itching,Since how many days (Variant 2801)?,1,3,3,3,1
Itching,"Mild, moderate or severe (Variant 2802)?",8,2,1,6,0
Itching,How frequently does it occur (Variant 2803)?,3,4,2,1,1
Itching,When did it start worsening (Variant 2804)?,7,3,3,2,0
Itching,Any associated symptoms present (Variant 2805)?,0,5,1,5,1
Itching,Triggered by activity (Variant 2806)?,9,5,2,8,0
Itching,Localized or widespread (Variant 2807)?,5,1,3,0,1
Itching,Constant or intermittent (Variant 2808)?,6,0,1,7,0
Itching,Does it affect daily activities (Variant 2809)?,4,5,2,4,1
Itching,Any emergency warning signs (Variant 2810)?,2,5,3,3,0
Skin Lesions,Since how many days (Variant 2811)?,1,3,1,6,1
Skin Lesions,"Mild, moderate or severe (Variant 2812)?",8,2,2,1,0
Skin Lesions,How frequently does it occur (Variant 2813)?,3,4,3,2,1
Skin Lesions,When did it start worsening (Variant 2814)?,7,3,1,5,0
Skin Lesions,Any associated symptoms present (Variant 2815)?,0,5,2,8,1
Skin Lesions,Triggered by activity (Variant 2816)?,9,5,3,0,0
Skin Lesions,Localized or widespread (Variant 2817)?,5,1,1,7,1
Skin Lesions,Constant or intermittent (Variant 2818)?,6,0,2,4,0
Skin Lesions,Does it affect daily activities (Variant 2819)?,4,5,3,3,1
Skin Lesions,Any emergency warning signs (Variant 2820)?,2,5,1,6,0
Hair Loss,Since how many days (Variant 2821)?,1,3,2,1,1
Hair Loss,"Mild, moderate or severe (Variant 2822)?",8,2,3,2,0
Hair Loss,How frequently does it occur (Variant 2823)?,3,4,1,5,1
Hair Loss,When did it start worsening (Variant 2824)?,7,3,2,8,0
Hair Loss,Any associated symptoms present (Variant 2825)?,0,5,3,0,1
Hair Loss,Triggered by activity (Variant 2826)?,9,5,1,7,0
Hair Loss,Localized or widespread (Variant 2827)?,5,1,2,4,1
Hair Loss,Constant or intermittent (Variant 2828)?,6,0,3,3,0
Hair Loss,Does it affect daily activities (Variant 2829)?,4,5,1,6,1
Hair Loss,Any emergency warning signs (Variant 2830)?,2,5,2,1,0
Insomnia,Since how many days (Variant 2831)?,1,3,3,2,1
Insomnia,"Mild, moderate or severe (Variant 2832)?",8,2,1,5,0
Insomnia,How frequently does it occur (Variant 2833)?,3,4,2,8,1
Insomnia,When did it start worsening (Variant 2834)?,7,3,3,0,0
Insomnia,Any associated symptoms present (Variant 2835)?,0,5,1,7,1
Insomnia,Triggered by activity (Variant 2836)?,9,5,2,4,0
Insomnia,Localized or widespread (Variant 2837)?,5,1,3,3,1
Insomnia,Constant or intermittent (Variant 2838)?,6,0,1,6,0
Insomnia,Does it affect daily activities (Variant 2839)?,4,5,2,1,1
Insomnia,Any emergency warning signs (Variant 2840)?,2,5,3,2,0
Anxiety,Since how many days (Variant 2841)?,1,3,1,5,1
Anxiety,"Mild, moderate or severe (Variant 2842)?",8,2,2,8,0
Anxiety,How frequently does it occur (Variant 2843)?,3,4,3,0,1
Anxiety,When did it start worsening (Variant 2844)?,7,3,1,7,0
Anxiety,Any associated symptoms present (Variant 2845)?,0,5,2,4,1
Anxiety,Triggered by activity (Variant 2846)?,9,5,3,3,0
Anxiety,Localized or widespread (Variant 2847)?,5,1,1,6,1
Anxiety,Constant or intermittent (Variant 2848)?,6,0,2,1,0
Anxiety,Does it affect daily activities (Variant 2849)?,4,5,3,2,1
Anxiety,Any emergency warning signs (Variant 2850)?,2,5,1,5,0
Depressed Mood,Since how many days (Variant 2851)?,1,3,2,8,1
Depressed Mood,"Mild, moderate or severe (Variant 2852)?",8,2,3,0,0
Depressed Mood,How frequently does it occur (Variant 2853)?,3,4,1,7,1
Depressed Mood,When did it start worsening (Variant 2854)?,7,3,2,4,0
Depressed Mood,Any associated symptoms present (Variant 2855)?,0,5,3,3,1
Depressed Mood,Triggered by activity (Variant 2856)?,9,5,1,6,0
Depressed Mood,Localized or widespread (Variant 2857)?,5,1,2,1,1
Depressed Mood,Constant or intermittent (Variant 2858)?,6,0,3,2,0
Depressed Mood,Does it affect daily activities (Variant 2859)?,4,5,1,5,1
Depressed Mood,Any emergency warning signs (Variant 2860)?,2,5,2,8,0
Irritability,Since how many days (Variant 2861)?,1,3,3,0,1
Irritability,"Mild, moderate or severe (Variant 2862)?",8,2,1,7,0
Irritability,How frequently does it occur (Variant 2863)?,3,4,2,4,1
Irritability,When did it start worsening (Variant 2864)?,7,3,3,3,0
Irritability,Any associated symptoms present (Variant 2865)?,0,5,1,6,1
Irritability,Triggered by activity (Variant 2866)?,9,5,2,1,0
Irritability,Localized or widespread (Variant 2867)?,5,1,3,2,1
Irritability,Constant or intermittent (Variant 2868)?,6,0,1,5,0
Irritability,Does it affect daily activities (Variant 2869)?,4,5,2,8,1
Irritability,Any emergency warning signs (Variant 2870)?,2,5,3,0,0
Ear Pain,Since how many days (Variant 2871)?,1,3,1,7,1
Ear Pain,"Mild, moderate or severe (Variant 2872)?",8,2,2,4,0
Ear Pain,How frequently does it occur (Variant 2873)?,3,4,3,3,1
Ear Pain,When did it start worsening (Variant 2874)?,7,3,1,6,0
Ear Pain,Any associated symptoms present (Variant 2875)?,0,5,2,1,1
Ear Pain,Triggered by activity (Variant 2876)?,9,5,3,2,0
Ear Pain,Localized or widespread (Variant 2877)?,5,1,1,5,1
Ear Pain,Constant or intermittent (Variant 2878)?,6,0,2,8,0
Ear Pain,Does it affect daily activities (Variant 2879)?,4,5,3,0,1
Ear Pain,Any emergency warning signs (Variant 2880)?,2,5,1,7,0
Hearing Loss,Since how many days (Variant 2881)?,1,3,2,4,1
Hearing Loss,"Mild, moderate or severe (Variant 2882)?",8,2,3,3,0
Hearing Loss,How frequently does it occur (Variant 2883)?,3,4,1,6,1
Hearing Loss,When did it start worsening (Variant 2884)?,7,3,2,1,0
Hearing Loss,Any associated symptoms present (Variant 2885)?,0,5,3,2,1
Hearing Loss,Triggered by activity (Variant 2886)?,9,5,1,5,0
Hearing Loss,Localized or widespread (Variant 2887)?,5,1,2,8,1
Hearing Loss,Constant or intermittent (Variant 2888)?,6,0,3,0,0
Hearing Loss,Does it affect daily activities (Variant 2889)?,4,5,1,7,1
Hearing Loss,Any emergency warning signs (Variant 2890)?,2,5,2,4,0
Neck Pain,Since how many days (Variant 2891)?,1,3,3,3,1
Neck Pain,"Mild, moderate or severe (Variant 2892)?",8,2,1,6,0
Neck Pain,How frequently does it occur (Variant 2893)?,3,4,2,1,1
Neck Pain,When did it start worsening (Variant 2894)?,7,3,3,2,0
Neck Pain,Any associated symptoms present (Variant 2895)?,0,5,1,5,1
Neck Pain,Triggered by activity (Variant 2896)?,9,5,2,8,0
Neck Pain,Localized or widespread (Variant 2897)?,5,1,3,0,1
Neck Pain,Constant or intermittent (Variant 2898)?,6,0,1,7,0
Neck Pain,Does it affect daily activities (Variant 2899)?,4,5,2,4,1
Neck Pain,Any emergency warning signs (Variant 2900)?,2,5,3,3,0
Pelvic Pain,Since how many days (Variant 2901)?,1,3,1,6,1
Pelvic Pain,"Mild, moderate or severe (Variant 2902)?",8,2,2,1,0
Pelvic Pain,How frequently does it occur (Variant 2903)?,3,4,3,2,1
Pelvic Pain,When did it start worsening (Variant 2904)?,7,3,1,5,0
Pelvic Pain,Any associated symptoms present (Variant 2905)?,0,5,2,8,1
Pelvic Pain,Triggered by activity (Variant 2906)?,9,5,3,0,0
Pelvic Pain,Localized or widespread (Variant 2907)?,5,1,1,7,1
Pelvic Pain,Constant or intermittent (Variant 2908)?,6,0,2,4,0
Pelvic Pain,Does it affect daily activities (Variant 2909)?,4,5,3,3,1
Pelvic Pain,Any emergency warning signs (Variant 2910)?,2,5,1,6,0
Menstrual Irregularity,Since how many days (Variant 2911)?,1,3,2,1,1
Menstrual Irregularity,"Mild, moderate or severe (Variant 2912)?",8,2,3,2,0
Menstrual Irregularity,How frequently does it occur (Variant 2913)?,3,4,1,5,1
Menstrual Irregularity,When did it start worsening (Variant 2914)?,7,3,2,8,0
Menstrual Irregularity,Any associated symptoms present (Variant 2915)?,0,5,3,0,1
Menstrual Irregularity,Triggered by activity (Variant 2916)?,9,5,1,7,0
Menstrual Irregularity,Localized or widespread (Variant 2917)?,5,1,2,4,1
Menstrual Irregularity,Constant or intermittent (Variant 2918)?,6,0,3,3,0
Menstrual Irregularity,Does it affect daily activities (Variant 2919)?,4,5,1,6,1
Menstrual Irregularity,Any emergency warning signs (Variant 2920)?,2,5,2,1,0
Burning Urination,Since how many days (Variant 2921)?,1,3,3,2,1
Burning Urination,"Mild, moderate or severe (Variant 2922)?",8,2,1,5,0
Burning Urination,How frequently does it occur (Variant 2923)?,3,4,2,8,1
Burning Urination,When did it start worsening (Variant 2924)?,7,3,3,0,0
Burning Urination,Any associated symptoms present (Variant 2925)?,0,5,1,7,1
Burning Urination,Triggered by activity (Variant 2926)?,9,5,2,4,0
Burning Urination,Localized or widespread (Variant 2927)?,5,1,3,3,1
Burning Urination,Constant or intermittent (Variant 2928)?,6,0,1,6,0
Burning Urination,Does it affect daily activities (Variant 2929)?,4,5,2,1,1
Burning Urination,Any emergency warning signs (Variant 2930)?,2,5,3,2,0
Blood in Urine,Since how many days (Variant 2931)?,1,3,1,5,1
Blood in Urine,"Mild, moderate or severe (Variant 2932)?",8,2,2,8,0
Blood in Urine,How frequently does it occur (Variant 2933)?,3,4,3,0,1
Blood in Urine,When did it start worsening (Variant 2934)?,7,3,1,7,0
Blood in Urine,Any associated symptoms present (Variant 2935)?,0,5,2,4,1
Blood in Urine,Triggered by activity (Variant 2936)?,9,5,3,3,0
Blood in Urine,Localized or widespread (Variant 2937)?,5,1,1,6,1
Blood in Urine,Constant or intermittent (Variant 2938)?,6,0,2,1,0
Blood in Urine,Does it affect daily activities (Variant 2939)?,4,5,3,2,1
Blood in Urine,Any emergency warning signs (Variant 2940)?,2,5,1,5,0
Swollen Lymph Nodes,Since how many days (Variant 2941)?,1,3,2,8,1
Swollen Lymph Nodes,"Mild, moderate or severe (Variant 2942)?",8,2,3,0,0
Swollen Lymph Nodes,How frequently does it occur (Variant 2943)?,3,4,1,7,1
Swollen Lymph Nodes,When did it start worsening (Variant 2944)?,7,3,2,4,0
Swollen Lymph Nodes,Any associated symptoms present (Variant 2945)?,0,5,3,3,1
Swollen Lymph Nodes,Triggered by activity (Variant 2946)?,9,5,1,6,0
Swollen Lymph Nodes,Localized or widespread (Variant 2947)?,5,1,2,1,1
Swollen Lymph Nodes,Constant or intermittent (Variant 2948)?,6,0,3,2,0
Swollen Lymph Nodes,Does it affect daily activities (Variant 2949)?,4,5,1,5,1
Swollen Lymph Nodes,Any emergency warning signs (Variant 2950)?,2,5,2,8,0
Dry Mouth,Since how many days (Variant 2951)?,1,3,3,0,1
Dry Mouth,"Mild, moderate or severe (Variant 2952)?",8,2,1,7,0
Dry Mouth,How frequently does it occur (Variant 2953)?,3,4,2,4,1
Dry Mouth,When did it start worsening (Variant 2954)?,7,3,3,3,0
Dry Mouth,Any associated symptoms present (Variant 2955)?,0,5,1,6,1
Dry Mouth,Triggered by activity (Variant 2956)?,9,5,2,1,0
Dry Mouth,Localized or widespread (Variant 2957)?,5,1,3,2,1
Dry Mouth,Constant or intermittent (Variant 2958)?,6,0,1,5,0
Dry Mouth,Does it affect daily activities (Variant 2959)?,4,5,2,8,1
Dry Mouth,Any emergency warning signs (Variant 2960)?,2,5,3,0,0
Mouth Ulcers,Since how many days (Variant 2961)?,1,3,1,7,1
Mouth Ulcers,"Mild, moderate or severe (Variant 2962)?",8,2,2,4,0
Mouth Ulcers,How frequently does it occur (Variant 2963)?,3,4,3,3,1
Mouth Ulcers,When did it start worsening (Variant 2964)?,7,3,1,6,0
Mouth Ulcers,Any associated symptoms present (Variant 2965)?,0,5,2,1,1
Mouth Ulcers,Triggered by activity (Variant 2966)?,9,5,3,2,0
Mouth Ulcers,Localized or widespread (Variant 2967)?,5,1,1,5,1
Mouth Ulcers,Constant or intermittent (Variant 2968)?,6,0,2,8,0
Mouth Ulcers,Does it affect daily activities (Variant 2969)?,4,5,3,0,1
Mouth Ulcers,Any emergency warning signs (Variant 2970)?,2,5,1,7,0
Difficulty Swallowing,Since how many days (Variant 2971)?,1,3,2,4,1
Difficulty Swallowing,"Mild, moderate or severe (Variant 2972)?",8,2,3,3,0
Difficulty Swallowing,How frequently does it occur (Variant 2973)?,3,4,1,6,1
Difficulty Swallowing,When did it start worsening (Variant 2974)?,7,3,2,1,0
Difficulty Swallowing,Any associated symptoms present (Variant 2975)?,0,5,3,2,1
Difficulty Swallowing,Triggered by activity (Variant 2976)?,9,5,1,5,0
Difficulty Swallowing,Localized or widespread (Variant 2977)?,5,1,2,8,1
Difficulty Swallowing,Constant or intermittent (Variant 2978)?,6,0,3,0,0
Difficulty Swallowing,Does it affect daily activities (Variant 2979)?,4,5,1,7,1
Difficulty Swallowing,Any emergency warning signs (Variant 2980)?,2,5,2,4,0
Cyanosis,Since how many days (Variant 2981)?,1,3,3,3,1
Cyanosis,"Mild, moderate or severe (Variant 2982)?",8,2,1,6,0
Cyanosis,How frequently does it occur (Variant 2983)?,3,4,2,1,1
Cyanosis,When did it start worsening (Variant 2984)?,7,3,3,2,0
Cyanosis,Any associated symptoms present (Variant 2985)?,0,5,1,5,1
Cyanosis,Triggered by activity (Variant 2986)?,9,5,2,8,0
Cyanosis,Localized or widespread (Variant 2987)?,5,1,3,0,1
Cyanosis,Constant or intermittent (Variant 2988)?,6,0,1,7,0
Cyanosis,Does it affect daily activities (Variant 2989)?,4,5,2,4,1
Cyanosis,Any emergency warning signs (Variant 2990)?,2,5,3,3,0
Severe Bleeding,Since how many days (Variant 2991)?,1,3,1,6,1
Severe Bleeding,"Mild, moderate or severe (Variant 2992)?",8,2,2,1,0
Severe Bleeding,How frequently does it occur (Variant 2993)?,3,4,3,2,1
Severe Bleeding,When did it start worsening (Variant 2994)?,7,3,1,5,0
Severe Bleeding,Any associated symptoms present (Variant 2995)?,0,5,2,8,1
Severe Bleeding,Triggered by activity (Variant 2996)?,9,5,3,0,0
Severe Bleeding,Localized or widespread (Variant 2997)?,5,1,1,7,1
Severe Bleeding,Constant or intermittent (Variant 2998)?,6,0,2,4,0
Severe Bleeding,Does it affect daily activities (Variant 2999)?,4,5,3,3,1
Severe Bleeding,Any emergency warning signs (Variant 3000)?,2,5,1,6,0
Fever,Since how many days (Variant 3001)?,1,3,2,8,1
Fever,"Mild, moderate or severe (Variant 3002)?",8,2,3,0,0
Fever,How frequently does it occur (Variant 3003)?,3,4,1,7,1
Fever,When did it start worsening (Variant 3004)?,7,3,2,4,0
Fever,Any associated symptoms present (Variant 3005)?,0,5,3,3,1
Fever,Triggered by activity (Variant 3006)?,9,5,1,6,0
Fever,Localized or widespread (Variant 3007)?,5,1,2,1,1
Fever,Constant or intermittent (Variant 3008)?,6,0,3,2,0
Fever,Does it affect daily activities (Variant 3009)?,4,5,1,5,1
Fever,Any emergency warning signs (Variant 3010)?,2,5,2,8,0
Cough,Since how many days (Variant 3011)?,1,3,3,0,1
Cough,"Mild, moderate or severe (Variant 3012)?",8,2,1,7,0
Cough,How frequently does it occur (Variant 3013)?,3,4,2,4,1
Cough,When did it start worsening (Variant 3014)?,7,3,3,3,0
Cough,Any associated symptoms present (Variant 3015)?,0,5,1,6,1
Cough,Triggered by activity (Variant 3016)?,9,5,2,1,0
Cough,Localized or widespread (Variant 3017)?,5,1,3,2,1
Cough,Constant or intermittent (Variant 3018)?,6,0,1,5,0
Cough,Does it affect daily activities (Variant 3019)?,4,5,2,8,1
Cough,Any emergency warning signs (Variant 3020)?,2,5,3,0,0
Fatigue,Since how many days (Variant 3021)?,1,3,1,7,1
Fatigue,"Mild, moderate or severe (Variant 3022)?",8,2,2,4,0
Fatigue,How frequently does it occur (Variant 3023)?,3,4,3,3,1
Fatigue,When did it start worsening (Variant 3024)?,7,3,1,6,0
Fatigue,Any associated symptoms present (Variant 3025)?,0,5,2,1,1
Fatigue,Triggered by activity (Variant 3026)?,9,5,3,2,0
Fatigue,Localized or widespread (Variant 3027)?,5,1,1,5,1
Fatigue,Constant or intermittent (Variant 3028)?,6,0,2,8,0
Fatigue,Does it affect daily activities (Variant 3029)?,4,5,3,0,1
Fatigue,Any emergency warning signs (Variant 3030)?,2,5,1,7,0
Breathlessness,Since how many days (Variant 3031)?,1,3,2,4,1
Breathlessness,"Mild, moderate or severe (Variant 3032)?",8,2,3,3,0
Breathlessness,How frequently does it occur (Variant 3033)?,3,4,1,6,1
Breathlessness,When did it start worsening (Variant 3034)?,7,3,2,1,0
Breathlessness,Any associated symptoms present (Variant 3035)?,0,5,3,2,1
Breathlessness,Triggered by activity (Variant 3036)?,9,5,1,5,0
Breathlessness,Localized or widespread (Variant 3037)?,5,1,2,8,1
Breathlessness,Constant or intermittent (Variant 3038)?,6,0,3,0,0
Breathlessness,Does it affect daily activities (Variant 3039)?,4,5,1,7,1
Breathlessness,Any emergency warning signs (Variant 3040)?,2,5,2,4,0
Chest Pain,Since how many days (Variant 3041)?,1,3,3,3,1
Chest Pain,"Mild, moderate or severe (Variant 3042)?",8,2,1,6,0
Chest Pain,How frequently does it occur (Variant 3043)?,3,4,2,1,1
Chest Pain,When did it start worsening (Variant 3044)?,7,3,3,2,0
Chest Pain,Any associated symptoms present (Variant 3045)?,0,5,1,5,1
Chest Pain,Triggered by activity (Variant 3046)?,9,5,2,8,0
Chest Pain,Localized or widespread (Variant 3047)?,5,1,3,0,1
Chest Pain,Constant or intermittent (Variant 3048)?,6,0,1,7,0
Chest Pain,Does it affect daily activities (Variant 3049)?,4,5,2,4,1
Chest Pain,Any emergency warning signs (Variant 3050)?,2,5,3,3,0
Headache,Since how many days (Variant 3051)?,1,3,1,6,1
Headache,"Mild, moderate or severe (Variant 3052)?",8,2,2,1,0
Headache,How frequently does it occur (Variant 3053)?,3,4,3,2,1
Headache,When did it start worsening (Variant 3054)?,7,3,1,5,0
Headache,Any associated symptoms present (Variant 3055)?,0,5,2,8,1
Headache,Triggered by activity (Variant 3056)?,9,5,3,0,0
Headache,Localized or widespread (Variant 3057)?,5,1,1,7,1
Headache,Constant or intermittent (Variant 3058)?,6,0,2,4,0
Headache,Does it affect daily activities (Variant 3059)?,4,5,3,3,1
Headache,Any emergency warning signs (Variant 3060)?,2,5,1,6,0
Dizziness,Since how many days (Variant 3061)?,1,3,2,1,1
Dizziness,"Mild, moderate or severe (Variant 3062)?",8,2,3,2,0
Dizziness,How frequently does it occur (Variant 3063)?,3,4,1,5,1
Dizziness,When did it start worsening (Variant 3064)?,7,3,2,8,0
Dizziness,Any associated symptoms present (Variant 3065)?,0,5,3,0,1
Dizziness,Triggered by activity (Variant 3066)?,9,5,1,7,0
Dizziness,Localized or widespread (Variant 3067)?,5,1,2,4,1
Dizziness,Constant or intermittent (Variant 3068)?,6,0,3,3,0
Dizziness,Does it affect daily activities (Variant 3069)?,4,5,1,6,1
Dizziness,Any emergency warning signs (Variant 3070)?,2,5,2,1,0
Nausea,Since how many days (Variant 3071)?,1,3,3,2,1
Nausea,"Mild, moderate or severe (Variant 3072)?",8,2,1,5,0
Nausea,How frequently does it occur (Variant 3073)?,3,4,2,8,1
Nausea,When did it start worsening (Variant 3074)?,7,3,3,0,0
Nausea,Any associated symptoms present (Variant 3075)?,0,5,1,7,1
Nausea,Triggered by activity (Variant 3076)?,9,5,2,4,0
Nausea,Localized or widespread (Variant 3077)?,5,1,3,3,1
Nausea,Constant or intermittent (Variant 3078)?,6,0,1,6,0
Nausea,Does it affect daily activities (Variant 3079)?,4,5,2,1,1
Nausea,Any emergency warning signs (Variant 3080)?,2,5,3,2,0
Vomiting,Since how many days (Variant 3081)?,1,3,1,5,1
Vomiting,"Mild, moderate or severe (Variant 3082)?",8,2,2,8,0
Vomiting,How frequently does it occur (Variant 3083)?,3,4,3,0,1
Vomiting,When did it start worsening (Variant 3084)?,7,3,1,7,0
Vomiting,Any associated symptoms present (Variant 3085)?,0,5,2,4,1
Vomiting,Triggered by activity (Variant 3086)?,9,5,3,3,0
Vomiting,Localized or widespread (Variant 3087)?,5,1,1,6,1
Vomiting,Constant or intermittent (Variant 3088)?,6,0,2,1,0
Vomiting,Does it affect daily activities (Variant 3089)?,4,5,3,2,1
Vomiting,Any emergency warning signs (Variant 3090)?,2,5,1,5,0
Diarrhea,Since how many days (Variant 3091)?,1,3,2,8,1
Diarrhea,"Mild, moderate or severe (Variant 3092)?",8,2,3,0,0
Diarrhea,How frequently does it occur (Variant 3093)?,3,4,1,7,1
Diarrhea,When did it start worsening (Variant 3094)?,7,3,2,4,0
Diarrhea,Any associated symptoms present (Variant 3095)?,0,5,3,3,1
Diarrhea,Triggered by activity (Variant 3096)?,9,5,1,6,0
Diarrhea,Localized or widespread (Variant 3097)?,5,1,2,1,1
Diarrhea,Constant or intermittent (Variant 3098)?,6,0,3,2,0
Diarrhea,Does it affect daily activities (Variant 3099)?,4,5,1,5,1
Diarrhea,Any emergency warning signs (Variant 3100)?,2,5,2,8,0
Constipation,Since how many days (Variant 3101)?,1,3,3,0,1
Constipation,"Mild, moderate or severe (Variant 3102)?",8,2,1,7,0
Constipation,How frequently does it occur (Variant 3103)?,3,4,2,4,1
Constipation,When did it start worsening (Variant 3104)?,7,3,3,3,0
Constipation,Any associated symptoms present (Variant 3105)?,0,5,1,6,1
Constipation,Triggered by activity (Variant 3106)?,9,5,2,1,0
Constipation,Localized or widespread (Variant 3107)?,5,1,3,2,1
Constipation,Constant or intermittent (Variant 3108)?,6,0,1,5,0
Constipation,Does it affect daily activities (Variant 3109)?,4,5,2,8,1
Constipation,Any emergency warning signs (Variant 3110)?,2,5,3,0,0
Abdominal Pain,Since how many days (Variant 3111)?,1,3,1,7,1
Abdominal Pain,"Mild, moderate or severe (Variant 3112)?",8,2,2,4,0
Abdominal Pain,How frequently does it occur (Variant 3113)?,3,4,3,3,1
Abdominal Pain,When did it start worsening (Variant 3114)?,7,3,1,6,0
Abdominal Pain,Any associated symptoms present (Variant 3115)?,0,5,2,1,1
Abdominal Pain,Triggered by activity (Variant 3116)?,9,5,3,2,0
Abdominal Pain,Localized or widespread (Variant 3117)?,5,1,1,5,1
Abdominal Pain,Constant or intermittent (Variant 3118)?,6,0,2,8,0
Abdominal Pain,Does it affect daily activities (Variant 3119)?,4,5,3,0,1
Abdominal Pain,Any emergency warning signs (Variant 3120)?,2,5,1,7,0
Back Pain,Since how many days (Variant 3121)?,1,3,2,4,1
Back Pain,"Mild, moderate or severe (Variant 3122)?",8,2,3,3,0
Back Pain,How frequently does it occur (Variant 3123)?,3,4,1,6,1
Back Pain,When did it start worsening (Variant 3124)?,7,3,2,1,0
Back Pain,Any associated symptoms present (Variant 3125)?,0,5,3,2,1
Back Pain,Triggered by activity (Variant 3126)?,9,5,1,5,0
Back Pain,Localized or widespread (Variant 3127)?,5,1,2,8,1
Back Pain,Constant or intermittent (Variant 3128)?,6,0,3,0,0
Back Pain,Does it affect daily activities (Variant 3129)?,4,5,1,7,1
Back Pain,Any emergency warning signs (Variant 3130)?,2,5,2,4,0
Joint Pain,Since how many days (Variant 3131)?,1,3,3,3,1
Joint Pain,"Mild, moderate or severe (Variant 3132)?",8,2,1,6,0
Joint Pain,How frequently does it occur (Variant 3133)?,3,4,2,1,1
Joint Pain,When did it start worsening (Variant 3134)?,7,3,3,2,0
Joint Pain,Any associated symptoms present (Variant 3135)?,0,5,1,5,1
Joint Pain,Triggered by activity (Variant 3136)?,9,5,2,8,0
Joint Pain,Localized or widespread (Variant 3137)?,5,1,3,0,1
Joint Pain,Constant or intermittent (Variant 3138)?,6,0,1,7,0
Joint Pain,Does it affect daily activities (Variant 3139)?,4,5,2,4,1
Joint Pain,Any emergency warning signs (Variant 3140)?,2,5,3,3,0
Muscle Pain,Since how many days (Variant 3141)?,1,3,1,6,1
Muscle Pain,"Mild, moderate or severe (Variant 3142)?",8,2,2,1,0
Muscle Pain,How frequently does it occur (Variant 3143)?,3,4,3,2,1
Muscle Pain,When did it start worsening (Variant 3144)?,7,3,1,5,0
Muscle Pain,Any associated symptoms present (Variant 3145)?,0,5,2,8,1
Muscle Pain,Triggered by activity (Variant 3146)?,9,5,3,0,0
Muscle Pain,Localized or widespread (Variant 3147)?,5,1,1,7,1
Muscle Pain,Constant or intermittent (Variant 3148)?,6,0,2,4,0
Muscle Pain,Does it affect daily activities (Variant 3149)?,4,5,3,3,1
Muscle Pain,Any emergency warning signs (Variant 3150)?,2,5,1,6,0
Palpitations,Since how many days (Variant 3151)?,1,3,2,1,1
Palpitations,"Mild, moderate or severe (Variant 3152)?",8,2,3,2,0
Palpitations,How frequently does it occur (Variant 3153)?,3,4,1,5,1
Palpitations,When did it start worsening (Variant 3154)?,7,3,2,8,0
Palpitations,Any associated symptoms present (Variant 3155)?,0,5,3,0,1
Palpitations,Triggered by activity (Variant 3156)?,9,5,1,7,0
Palpitations,Localized or widespread (Variant 3157)?,5,1,2,4,1
Palpitations,Constant or intermittent (Variant 3158)?,6,0,3,3,0
Palpitations,Does it affect daily activities (Variant 3159)?,4,5,1,6,1
Palpitations,Any emergency warning signs (Variant 3160)?,2,5,2,1,0
Leg Swelling,Since how many days (Variant 3161)?,1,3,3,2,1
Leg Swelling,"Mild, moderate or severe (Variant 3162)?",8,2,1,5,0
Leg Swelling,How frequently does it occur (Variant 3163)?,3,4,2,8,1
Leg Swelling,When did it start worsening (Variant 3164)?,7,3,3,0,0
Leg Swelling,Any associated symptoms present (Variant 3165)?,0,5,1,7,1
Leg Swelling,Triggered by activity (Variant 3166)?,9,5,2,4,0
Leg Swelling,Localized or widespread (Variant 3167)?,5,1,3,3,1
Leg Swelling,Constant or intermittent (Variant 3168)?,6,0,1,6,0
Leg Swelling,Does it affect daily activities (Variant 3169)?,4,5,2,1,1
Leg Swelling,Any emergency warning signs (Variant 3170)?,2,5,3,2,0
Syncope,Since how many days (Variant 3171)?,1,3,1,5,1
Syncope,"Mild, moderate or severe (Variant 3172)?",8,2,2,8,0
Syncope,How frequently does it occur (Variant 3173)?,3,4,3,0,1
Syncope,When did it start worsening (Variant 3174)?,7,3,1,7,0
Syncope,Any associated symptoms present (Variant 3175)?,0,5,2,4,1
Syncope,Triggered by activity (Variant 3176)?,9,5,3,3,0
Syncope,Localized or widespread (Variant 3177)?,5,1,1,6,1
Syncope,Constant or intermittent (Variant 3178)?,6,0,2,1,0
Syncope,Does it affect daily activities (Variant 3179)?,4,5,3,2,1
Syncope,Any emergency warning signs (Variant 3180)?,2,5,1,5,0
Wheezing,Since how many days (Variant 3181)?,1,3,2,8,1
Wheezing,"Mild, moderate or severe (Variant 3182)?",8,2,3,0,0
Wheezing,How frequently does it occur (Variant 3183)?,3,4,1,7,1
Wheezing,When did it start worsening (Variant 3184)?,7,3,2,4,0
Wheezing,Any associated symptoms present (Variant 3185)?,0,5,3,3,1
Wheezing,Triggered by activity (Variant 3186)?,9,5,1,6,0
Wheezing,Localized or widespread (Variant 3187)?,5,1,2,1,1
Wheezing,Constant or intermittent (Variant 3188)?,6,0,3,2,0
Wheezing,Does it affect daily activities (Variant 3189)?,4,5,1,5,1
Wheezing,Any emergency warning signs (Variant 3190)?,2,5,2,8,0
Sore Throat,Since how many days (Variant 3191)?,1,3,3,0,1
Sore Throat,"Mild, moderate or severe (Variant 3192)?",8,2,1,7,0
Sore Throat,How frequently does it occur (Variant 3193)?,3,4,2,4,1
Sore Throat,When did it start worsening (Variant 3194)?,7,3,3,3,0
Sore Throat,Any associated symptoms present (Variant 3195)?,0,5,1,6,1
Sore Throat,Triggered by activity (Variant 3196)?,9,5,2,1,0
Sore Throat,Localized or widespread (Variant 3197)?,5,1,3,2,1
Sore Throat,Constant or intermittent (Variant 3198)?,6,0,1,5,0
Sore Throat,Does it affect daily activities (Variant 3199)?,4,5,2,8,1
Sore Throat,Any emergency warning signs (Variant 3200)?,2,5,3,0,0
Runny Nose,Since how many days (Variant 3201)?,1,3,1,7,1
Runny Nose,"Mild, moderate or severe (Variant 3202)?",8,2,2,4,0
Runny Nose,How frequently does it occur (Variant 3203)?,3,4,3,3,1
Runny Nose,When did it start worsening (Variant 3204)?,7,3,1,6,0
Runny Nose,Any associated symptoms present (Variant 3205)?,0,5,2,1,1
Runny Nose,Triggered by activity (Variant 3206)?,9,5,3,2,0
Runny Nose,Localized or widespread (Variant 3207)?,5,1,1,5,1
Runny Nose,Constant or intermittent (Variant 3208)?,6,0,2,8,0
Runny Nose,Does it affect daily activities (Variant 3209)?,4,5,3,0,1
Runny Nose,Any emergency warning signs (Variant 3210)?,2,5,1,7,0
Nasal Congestion,Since how many days (Variant 3211)?,1,3,2,4,1
Nasal Congestion,"Mild, moderate or severe (Variant 3212)?",8,2,3,3,0
Nasal Congestion,How frequently does it occur (Variant 3213)?,3,4,1,6,1
Nasal Congestion,When did it start worsening (Variant 3214)?,7,3,2,1,0
Nasal Congestion,Any associated symptoms present (Variant 3215)?,0,5,3,2,1
Nasal Congestion,Triggered by activity (Variant 3216)?,9,5,1,5,0
Nasal Congestion,Localized or widespread (Variant 3217)?,5,1,2,8,1
Nasal Congestion,Constant or intermittent (Variant 3218)?,6,0,3,0,0
Nasal Congestion,Does it affect daily activities (Variant 3219)?,4,5,1,7,1
Nasal Congestion,Any emergency warning signs (Variant 3220)?,2,5,2,4,0
Chills,Since how many days (Variant 3221)?,1,3,3,3,1
Chills,"Mild, moderate or severe (Variant 3222)?",8,2,1,6,0
Chills,How frequently does it occur (Variant 3223)?,3,4,2,1,1
Chills,When did it start worsening (Variant 3224)?,7,3,3,2,0
Chills,Any associated symptoms present (Variant 3225)?,0,5,1,5,1
Chills,Triggered by activity (Variant 3226)?,9,5,2,8,0
Chills,Localized or widespread (Variant 3227)?,5,1,3,0,1
Chills,Constant or intermittent (Variant 3228)?,6,0,1,7,0
Chills,Does it affect daily activities (Variant 3229)?,4,5,2,4,1
Chills,Any emergency warning signs (Variant 3230)?,2,5,3,3,0
Night Sweats,Since how many days (Variant 3231)?,1,3,1,6,1
Night Sweats,"Mild, moderate or severe (Variant 3232)?",8,2,2,1,0
Night Sweats,How frequently does it occur (Variant 3233)?,3,4,3,2,1
Night Sweats,When did it start worsening (Variant 3234)?,7,3,1,5,0
Night Sweats,Any associated symptoms present (Variant 3235)?,0,5,2,8,1
Night Sweats,Triggered by activity (Variant 3236)?,9,5,3,0,0
Night Sweats,Localized or widespread (Variant 3237)?,5,1,1,7,1
Night Sweats,Constant or intermittent (Variant 3238)?,6,0,2,4,0
Night Sweats,Does it affect daily activities (Variant 3239)?,4,5,3,3,1
Night Sweats,Any emergency warning signs (Variant 3240)?,2,5,1,6,0
Weight Loss,Since how many days (Variant 3241)?,1,3,2,1,1
Weight Loss,"Mild, moderate or severe (Variant 3242)?",8,2,3,2,0
Weight Loss,How frequently does it occur (Variant 3243)?,3,4,1,5,1
Weight Loss,When did it start worsening (Variant 3244)?,7,3,2,8,0
Weight Loss,Any associated symptoms present (Variant 3245)?,0,5,3,0,1
Weight Loss,Triggered by activity (Variant 3246)?,9,5,1,7,0
Weight Loss,Localized or widespread (Variant 3247)?,5,1,2,4,1
Weight Loss,Constant or intermittent (Variant 3248)?,6,0,3,3,0
Weight Loss,Does it affect daily activities (Variant 3249)?,4,5,1,6,1
Weight Loss,Any emergency warning signs (Variant 3250)?,2,5,2,1,0
Loss of Appetite,Since how many days (Variant 3251)?,1,3,3,2,1
Loss of Appetite,"Mild, moderate or severe (Variant 3252)?",8,2,1,5,0
Loss of Appetite,How frequently does it occur (Variant 3253)?,3,4,2,8,1
Loss of Appetite,When did it start worsening (Variant 3254)?,7,3,3,0,0
Loss of Appetite,Any associated symptoms present (Variant 3255)?,0,5,1,7,1
Loss of Appetite,Triggered by activity (Variant 3256)?,9,5,2,4,0
Loss of Appetite,Localized or widespread (Variant 3257)?,5,1,3,3,1
Loss of Appetite,Constant or intermittent (Variant 3258)?,6,0,1,6,0
Loss of Appetite,Does it affect daily activities (Variant 3259)?,4,5,2,1,1
Loss of Appetite,Any emergency warning signs (Variant 3260)?,2,5,3,2,0
Weakness,Since how many days (Variant 3261)?,1,3,1,5,1
Weakness,"Mild, moderate or severe (Variant 3262)?",8,2,2,8,0
Weakness,How frequently does it occur (Variant 3263)?,3,4,3,0,1
Weakness,When did it start worsening (Variant 3264)?,7,3,1,7,0
Weakness,Any associated symptoms present (Variant 3265)?,0,5,2,4,1
Weakness,Triggered by activity (Variant 3266)?,9,5,3,3,0
Weakness,Localized or widespread (Variant 3267)?,5,1,1,6,1
Weakness,Constant or intermittent (Variant 3268)?,6,0,2,1,0
Weakness,Does it affect daily activities (Variant 3269)?,4,5,3,2,1
Weakness,Any emergency warning signs (Variant 3270)?,2,5,1,5,0
Confusion,Since how many days (Variant 3271)?,1,3,2,8,1
Confusion,"Mild, moderate or severe (Variant 3272)?",8,2,3,0,0
Confusion,How frequently does it occur (Variant 3273)?,3,4,1,7,1
Confusion,When did it start worsening (Variant 3274)?,7,3,2,4,0
Confusion,Any associated symptoms present (Variant 3275)?,0,5,3,3,1
Confusion,Triggered by activity (Variant 3276)?,9,5,1,6,0
Confusion,Localized or widespread (Variant 3277)?,5,1,2,1,1
Confusion,Constant or intermittent (Variant 3278)?,6,0,3,2,0
Confusion,Does it affect daily activities (Variant 3279)?,4,5,1,5,1
Confusion,Any emergency warning signs (Variant 3280)?,2,5,2,8,0
Memory Loss,Since how many days (Variant 3281)?,1,3,3,0,1
Memory Loss,"Mild, moderate or severe (Variant 3282)?",8,2,1,7,0
Memory Loss,How frequently does it occur (Variant 3283)?,3,4,2,4,1
Memory Loss,When did it start worsening (Variant 3284)?,7,3,3,3,0
Memory Loss,Any associated symptoms present (Variant 3285)?,0,5,1,6,1
Memory Loss,Triggered by activity (Variant 3286)?,9,5,2,1,0
Memory Loss,Localized or widespread (Variant 3287)?,5,1,3,2,1
Memory Loss,Constant or intermittent (Variant 3288)?,6,0,1,5,0
Memory Loss,Does it affect daily activities (Variant 3289)?,4,5,2,8,1
Memory Loss,Any emergency warning signs (Variant 3290)?,2,5,3,0,0
Seizure,Since how many days (Variant 3291)?,1,3,1,7,1
Seizure,"Mild, moderate or severe (Variant 3292)?",8,2,2,4,0
Seizure,How frequently does it occur (Variant 3293)?,3,4,3,3,1
Seizure,When did it start worsening (Variant 3294)?,7,3,1,6,0
Seizure,Any associated symptoms present (Variant 3295)?,0,5,2,1,1
Seizure,Triggered by activity (Variant 3296)?,9,5,3,2,0
Seizure,Localized or widespread (Variant 3297)?,5,1,1,5,1
Seizure,Constant or intermittent (Variant 3298)?,6,0,2,8,0
Seizure,Does it affect daily activities (Variant 3299)?,4,5,3,0,1
Seizure,Any emergency warning signs (Variant 3300)?,2,5,1,7,0
Numbness,Since how many days (Variant 3301)?,1,3,2,4,1
Numbness,"Mild, moderate or severe (Variant 3302)?",8,2,3,3,0
Numbness,How frequently does it occur (Variant 3303)?,3,4,1,6,1
Numbness,When did it start worsening (Variant 3304)?,7,3,2,1,0
Numbness,Any associated symptoms present (Variant 3305)?,0,5,3,2,1
Numbness,Triggered by activity (Variant 3306)?,9,5,1,5,0
Numbness,Localized or widespread (Variant 3307)?,5,1,2,8,1
Numbness,Constant or intermittent (Variant 3308)?,6,0,3,0,0
Numbness,Does it affect daily activities (Variant 3309)?,4,5,1,7,1
Numbness,Any emergency warning signs (Variant 3310)?,2,5,2,4,0
Tingling,Since how many days (Variant 3311)?,1,3,3,3,1
Tingling,"Mild, moderate or severe (Variant 3312)?",8,2,1,6,0
Tingling,How frequently does it occur (Variant 3313)?,3,4,2,1,1
Tingling,When did it start worsening (Variant 3314)?,7,3,3,2,0
Tingling,Any associated symptoms present (Variant 3315)?,0,5,1,5,1
Tingling,Triggered by activity (Variant 3316)?,9,5,2,8,0
Tingling,Localized or widespread (Variant 3317)?,5,1,3,0,1
Tingling,Constant or intermittent (Variant 3318)?,6,0,1,7,0
Tingling,Does it affect daily activities (Variant 3319)?,4,5,2,4,1
Tingling,Any emergency warning signs (Variant 3320)?,2,5,3,3,0
Tremor,Since how many days (Variant 3321)?,1,3,1,6,1
Tremor,"Mild, moderate or severe (Variant 3322)?",8,2,2,1,0
Tremor,How frequently does it occur (Variant 3323)?,3,4,3,2,1
Tremor,When did it start worsening (Variant 3324)?,7,3,1,5,0
Tremor,Any associated symptoms present (Variant 3325)?,0,5,2,8,1
Tremor,Triggered by activity (Variant 3326)?,9,5,3,0,0
Tremor,Localized or widespread (Variant 3327)?,5,1,1,7,1
Tremor,Constant or intermittent (Variant 3328)?,6,0,2,4,0
Tremor,Does it affect daily activities (Variant 3329)?,4,5,3,3,1
Tremor,Any emergency warning signs (Variant 3330)?,2,5,1,6,0
Facial Droop,Since how many days (Variant 3331)?,1,3,2,1,1
Facial Droop,"Mild, moderate or severe (Variant 3332)?",8,2,3,2,0
Facial Droop,How frequently does it occur (Variant 3333)?,3,4,1,5,1
Facial Droop,When did it start worsening (Variant 3334)?,7,3,2,8,0
Facial Droop,Any associated symptoms present (Variant 3335)?,0,5,3,0,1
Facial Droop,Triggered by activity (Variant 3336)?,9,5,1,7,0
Facial Droop,Localized or widespread (Variant 3337)?,5,1,2,4,1
Facial Droop,Constant or intermittent (Variant 3338)?,6,0,3,3,0
Facial Droop,Does it affect daily activities (Variant 3339)?,4,5,1,6,1
Facial Droop,Any emergency warning signs (Variant 3340)?,2,5,2,1,0
Blurred Vision,Since how many days (Variant 3341)?,1,3,3,2,1
Blurred Vision,"Mild, moderate or severe (Variant 3342)?",8,2,1,5,0
Blurred Vision,How frequently does it occur (Variant 3343)?,3,4,2,8,1
Blurred Vision,When did it start worsening (Variant 3344)?,7,3,3,0,0
Blurred Vision,Any associated symptoms present (Variant 3345)?,0,5,1,7,1
Blurred Vision,Triggered by activity (Variant 3346)?,9,5,2,4,0
Blurred Vision,Localized or widespread (Variant 3347)?,5,1,3,3,1
Blurred Vision,Constant or intermittent (Variant 3348)?,6,0,1,6,0
Blurred Vision,Does it affect daily activities (Variant 3349)?,4,5,2,1,1
Blurred Vision,Any emergency warning signs (Variant 3350)?,2,5,3,2,0
Frequent Urination,Since how many days (Variant 3351)?,1,3,1,5,1
Frequent Urination,"Mild, moderate or severe (Variant 3352)?",8,2,2,8,0
Frequent Urination,How frequently does it occur (Variant 3353)?,3,4,3,0,1
Frequent Urination,When did it start worsening (Variant 3354)?,7,3,1,7,0
Frequent Urination,Any associated symptoms present (Variant 3355)?,0,5,2,4,1
Frequent Urination,Triggered by activity (Variant 3356)?,9,5,3,3,0
Frequent Urination,Localized or widespread (Variant 3357)?,5,1,1,6,1
Frequent Urination,Constant or intermittent (Variant 3358)?,6,0,2,1,0
Frequent Urination,Does it affect daily activities (Variant 3359)?,4,5,3,2,1
Frequent Urination,Any emergency warning signs (Variant 3360)?,2,5,1,5,0
Excess Thirst,Since how many days (Variant 3361)?,1,3,2,8,1
Excess Thirst,"Mild, moderate or severe (Variant 3362)?",8,2,3,0,0
Excess Thirst,How frequently does it occur (Variant 3363)?,3,4,1,7,1
Excess Thirst,When did it start worsening (Variant 3364)?,7,3,2,4,0
Excess Thirst,Any associated symptoms present (Variant 3365)?,0,5,3,3,1
Excess Thirst,Triggered by activity (Variant 3366)?,9,5,1,6,0
Excess Thirst,Localized or widespread (Variant 3367)?,5,1,2,1,1
Excess Thirst,Constant or intermittent (Variant 3368)?,6,0,3,2,0
Excess Thirst,Does it affect daily activities (Variant 3369)?,4,5,1,5,1
Excess Thirst,Any emergency warning signs (Variant 3370)?,2,5,2,8,0
Heat Intolerance,Since how many days (Variant 3371)?,1,3,3,0,1
Heat Intolerance,"Mild, moderate or severe (Variant 3372)?",8,2,1,7,0
Heat Intolerance,How frequently does it occur (Variant 3373)?,3,4,2,4,1
Heat Intolerance,When did it start worsening (Variant 3374)?,7,3,3,3,0
Heat Intolerance,Any associated symptoms present (Variant 3375)?,0,5,1,6,1
Heat Intolerance,Triggered by activity (Variant 3376)?,9,5,2,1,0
Heat Intolerance,Localized or widespread (Variant 3377)?,5,1,3,2,1
Heat Intolerance,Constant or intermittent (Variant 3378)?,6,0,1,5,0
Heat Intolerance,Does it affect daily activities (Variant 3379)?,4,5,2,8,1
Heat Intolerance,Any emergency warning signs (Variant 3380)?,2,5,3,0,0
Cold Intolerance,Since how many days (Variant 3381)?,1,3,1,7,1
Cold Intolerance,"Mild, moderate or severe (Variant 3382)?",8,2,2,4,0
Cold Intolerance,How frequently does it occur (Variant 3383)?,3,4,3,3,1
Cold Intolerance,When did it start worsening (Variant 3384)?,7,3,1,6,0
Cold Intolerance,Any associated symptoms present (Variant 3385)?,0,5,2,1,1
Cold Intolerance,Triggered by activity (Variant 3386)?,9,5,3,2,0
Cold Intolerance,Localized or widespread (Variant 3387)?,5,1,1,5,1
Cold Intolerance,Constant or intermittent (Variant 3388)?,6,0,2,8,0
Cold Intolerance,Does it affect daily activities (Variant 3389)?,4,5,3,0,1
Cold Intolerance,Any emergency warning signs (Variant 3390)?,2,5,1,7,0
Rash,Since how many days (Variant 3391)?,1,3,2,4,1
Rash,"Mild, moderate or severe (Variant 3392)?",8,2,3,3,0
Rash,How frequently does it occur (Variant 3393)?,3,4,1,6,1
Rash,When did it start worsening (Variant 3394)?,7,3,2,1,0
Rash,Any associated symptoms present (Variant 3395)?,0,5,3,2,1
Rash,Triggered by activity (Variant 3396)?,9,5,1,5,0
Rash,Localized or widespread (Variant 3397)?,5,1,2,8,1
Rash,Constant or intermittent (Variant 3398)?,6,0,3,0,0
Rash,Does it affect daily activities (Variant 3399)?,4,5,1,7,1
Rash,Any emergency warning signs (Variant 3400)?,2,5,2,4,0
Itching,Since how many days (Variant 3401)?,1,3,3,3,1
Itching,"Mild, moderate or severe (Variant 3402)?",8,2,1,6,0
Itching,How frequently does it occur (Variant 3403)?,3,4,2,1,1
Itching,When did it start worsening (Variant 3404)?,7,3,3,2,0
Itching,Any associated symptoms present (Variant 3405)?,0,5,1,5,1
Itching,Triggered by activity (Variant 3406)?,9,5,2,8,0
Itching,Localized or widespread (Variant 3407)?,5,1,3,0,1
Itching,Constant or intermittent (Variant 3408)?,6,0,1,7,0
Itching,Does it affect daily activities (Variant 3409)?,4,5,2,4,1
Itching,Any emergency warning signs (Variant 3410)?,2,5,3,3,0
Skin Lesions,Since how many days (Variant 3411)?,1,3,1,6,1
Skin Lesions,"Mild, moderate or severe (Variant 3412)?",8,2,2,1,0
Skin Lesions,How frequently does it occur (Variant 3413)?,3,4,3,2,1
Skin Lesions,When did it start worsening (Variant 3414)?,7,3,1,5,0
Skin Lesions,Any associated symptoms present (Variant 3415)?,0,5,2,8,1
Skin Lesions,Triggered by activity (Variant 3416)?,9,5,3,0,0
Skin Lesions,Localized or widespread (Variant 3417)?,5,1,1,7,1
Skin Lesions,Constant or intermittent (Variant 3418)?,6,0,2,4,0
Skin Lesions,Does it affect daily activities (Variant 3419)?,4,5,3,3,1
Skin Lesions,Any emergency warning signs (Variant 3420)?,2,5,1,6,0
Hair Loss,Since how many days (Variant 3421)?,1,3,2,1,1
Hair Loss,"Mild, moderate or severe (Variant 3422)?",8,2,3,2,0
Hair Loss,How frequently does it occur (Variant 3423)?,3,4,1,5,1
Hair Loss,When did it start worsening (Variant 3424)?,7,3,2,8,0
Hair Loss,Any associated symptoms present (Variant 3425)?,0,5,3,0,1
Hair Loss,Triggered by activity (Variant 3426)?,9,5,1,7,0
Hair Loss,Localized or widespread (Variant 3427)?,5,1,2,4,1
Hair Loss,Constant or intermittent (Variant 3428)?,6,0,3,3,0
Hair Loss,Does it affect daily activities (Variant 3429)?,4,5,1,6,1
Hair Loss,Any emergency warning signs (Variant 3430)?,2,5,2,1,0
Insomnia,Since how many days (Variant 3431)?,1,3,3,2,1
Insomnia,"Mild, moderate or severe (Variant 3432)?",8,2,1,5,0
Insomnia,How frequently does it occur (Variant 3433)?,3,4,2,8,1
Insomnia,When did it start worsening (Variant 3434)?,7,3,3,0,0
Insomnia,Any associated symptoms present (Variant 3435)?,0,5,1,7,1
Insomnia,Triggered by activity (Variant 3436)?,9,5,2,4,0
Insomnia,Localized or widespread (Variant 3437)?,5,1,3,3,1
Insomnia,Constant or intermittent (Variant 3438)?,6,0,1,6,0
Insomnia,Does it affect daily activities (Variant 3439)?,4,5,2,1,1
Insomnia,Any emergency warning signs (Variant 3440)?,2,5,3,2,0
Anxiety,Since how many days (Variant 3441)?,1,3,1,5,1
Anxiety,"Mild, moderate or severe (Variant 3442)?",8,2,2,8,0
Anxiety,How frequently does it occur (Variant 3443)?,3,4,3,0,1
Anxiety,When did it start worsening (Variant 3444)?,7,3,1,7,0
Anxiety,Any associated symptoms present (Variant 3445)?,0,5,2,4,1
Anxiety,Triggered by activity (Variant 3446)?,9,5,3,3,0
Anxiety,Localized or widespread (Variant 3447)?,5,1,1,6,1
Anxiety,Constant or intermittent (Variant 3448)?,6,0,2,1,0
Anxiety,Does it affect daily activities (Variant 3449)?,4,5,3,2,1
Anxiety,Any emergency warning signs (Variant 3450)?,2,5,1,5,0
Depressed Mood,Since how many days (Variant 3451)?,1,3,2,8,1
Depressed Mood,"Mild, moderate or severe (Variant 3452)?",8,2,3,0,0
Depressed Mood,How frequently does it occur (Variant 3453)?,3,4,1,7,1
Depressed Mood,When did it start worsening (Variant 3454)?,7,3,2,4,0
Depressed Mood,Any associated symptoms present (Variant 3455)?,0,5,3,3,1
Depressed Mood,Triggered by activity (Variant 3456)?,9,5,1,6,0
Depressed Mood,Localized or widespread (Variant 3457)?,5,1,2,1,1
Depressed Mood,Constant or intermittent (Variant 3458)?,6,0,3,2,0
Depressed Mood,Does it affect daily activities (Variant 3459)?,4,5,1,5,1
Depressed Mood,Any emergency warning signs (Variant 3460)?,2,5,2,8,0
Irritability,Since how many days (Variant 3461)?,1,3,3,0,1
Irritability,"Mild, moderate or severe (Variant 3462)?",8,2,1,7,0
Irritability,How frequently does it occur (Variant 3463)?,3,4,2,4,1
Irritability,When did it start worsening (Variant 3464)?,7,3,3,3,0
Irritability,Any associated symptoms present (Variant 3465)?,0,5,1,6,1
Irritability,Triggered by activity (Variant 3466)?,9,5,2,1,0
Irritability,Localized or widespread (Variant 3467)?,5,1,3,2,1
Irritability,Constant or intermittent (Variant 3468)?,6,0,1,5,0
Irritability,Does it affect daily activities (Variant 3469)?,4,5,2,8,1
Irritability,Any emergency warning signs (Variant 3470)?,2,5,3,0,0
Ear Pain,Since how many days (Variant 3471)?,1,3,1,7,1
Ear Pain,"Mild, moderate or severe (Variant 3472)?",8,2,2,4,0
Ear Pain,How frequently does it occur (Variant 3473)?,3,4,3,3,1
Ear Pain,When did it start worsening (Variant 3474)?,7,3,1,6,0
Ear Pain,Any associated symptoms present (Variant 3475)?,0,5,2,1,1
Ear Pain,Triggered by activity (Variant 3476)?,9,5,3,2,0
Ear Pain,Localized or widespread (Variant 3477)?,5,1,1,5,1
Ear Pain,Constant or intermittent (Variant 3478)?,6,0,2,8,0
Ear Pain,Does it affect daily activities (Variant 3479)?,4,5,3,0,1
Ear Pain,Any emergency warning signs (Variant 3480)?,2,5,1,7,0
Hearing Loss,Since how many days (Variant 3481)?,1,3,2,4,1
Hearing Loss,"Mild, moderate or severe (Variant 3482)?",8,2,3,3,0
Hearing Loss,How frequently does it occur (Variant 3483)?,3,4,1,6,1
Hearing Loss,When did it start worsening (Variant 3484)?,7,3,2,1,0
Hearing Loss,Any associated symptoms present (Variant 3485)?,0,5,3,2,1
Hearing Loss,Triggered by activity (Variant 3486)?,9,5,1,5,0
Hearing Loss,Localized or widespread (Variant 3487)?,5,1,2,8,1
Hearing Loss,Constant or intermittent (Variant 3488)?,6,0,3,0,0
Hearing Loss,Does it affect daily activities (Variant 3489)?,4,5,1,7,1
Hearing Loss,Any emergency warning signs (Variant 3490)?,2,5,2,4,0
Neck Pain,Since how many days (Variant 3491)?,1,3,3,3,1
Neck Pain,"Mild, moderate or severe (Variant 3492)?",8,2,1,6,0
Neck Pain,How frequently does it occur (Variant 3493)?,3,4,2,1,1
Neck Pain,When did it start worsening (Variant 3494)?,7,3,3,2,0
Neck Pain,Any associated symptoms present (Variant 3495)?,0,5,1,5,1
Neck Pain,Triggered by activity (Variant 3496)?,9,5,2,8,0
Neck Pain,Localized or widespread (Variant 3497)?,5,1,3,0,1
Neck Pain,Constant or intermittent (Variant 3498)?,6,0,1,7,0
Neck Pain,Does it affect daily activities (Variant 3499)?,4,5,2,4,1
Neck Pain,Any emergency warning signs (Variant 3500)?,2,5,3,3,0
Pelvic Pain,Since how many days (Variant 3501)?,1,3,1,6,1
Pelvic Pain,"Mild, moderate or severe (Variant 3502)?",8,2,2,1,0
Pelvic Pain,How frequently does it occur (Variant 3503)?,3,4,3,2,1
Pelvic Pain,When did it start worsening (Variant 3504)?,7,3,1,5,0
Pelvic Pain,Any associated symptoms present (Variant 3505)?,0,5,2,8,1
Pelvic Pain,Triggered by activity (Variant 3506)?,9,5,3,0,0
Pelvic Pain,Localized or widespread (Variant 3507)?,5,1,1,7,1
Pelvic Pain,Constant or intermittent (Variant 3508)?,6,0,2,4,0
Pelvic Pain,Does it affect daily activities (Variant 3509)?,4,5,3,3,1
Pelvic Pain,Any emergency warning signs (Variant 3510)?,2,5,1,6,0
Menstrual Irregularity,Since how many days (Variant 3511)?,1,3,2,1,1
Menstrual Irregularity,"Mild, moderate or severe (Variant 3512)?",8,2,3,2,0
Menstrual Irregularity,How frequently does it occur (Variant 3513)?,3,4,1,5,1
Menstrual Irregularity,When did it start worsening (Variant 3514)?,7,3,2,8,0
Menstrual Irregularity,Any associated symptoms present (Variant 3515)?,0,5,3,0,1
Menstrual Irregularity,Triggered by activity (Variant 3516)?,9,5,1,7,0
Menstrual Irregularity,Localized or widespread (Variant 3517)?,5,1,2,4,1
Menstrual Irregularity,Constant or intermittent (Variant 3518)?,6,0,3,3,0
Menstrual Irregularity,Does it affect daily activities (Variant 3519)?,4,5,1,6,1
Menstrual Irregularity,Any emergency warning signs (Variant 3520)?,2,5,2,1,0
Burning Urination,Since how many days (Variant 3521)?,1,3,3,2,1
Burning Urination,"Mild, moderate or severe (Variant 3522)?",8,2,1,5,0
Burning Urination,How frequently does it occur (Variant 3523)?,3,4,2,8,1
Burning Urination,When did it start worsening (Variant 3524)?,7,3,3,0,0
Burning Urination,Any associated symptoms present (Variant 3525)?,0,5,1,7,1
Burning Urination,Triggered by activity (Variant 3526)?,9,5,2,4,0
Burning Urination,Localized or widespread (Variant 3527)?,5,1,3,3,1
Burning Urination,Constant or intermittent (Variant 3528)?,6,0,1,6,0
Burning Urination,Does it affect daily activities (Variant 3529)?,4,5,2,1,1
Burning Urination,Any emergency warning signs (Variant 3530)?,2,5,3,2,0
Blood in Urine,Since how many days (Variant 3531)?,1,3,1,5,1
Blood in Urine,"Mild, moderate or severe (Variant 3532)?",8,2,2,8,0
Blood in Urine,How frequently does it occur (Variant 3533)?,3,4,3,0,1
Blood in Urine,When did it start worsening (Variant 3534)?,7,3,1,7,0
Blood in Urine,Any associated symptoms present (Variant 3535)?,0,5,2,4,1
Blood in Urine,Triggered by activity (Variant 3536)?,9,5,3,3,0
Blood in Urine,Localized or widespread (Variant 3537)?,5,1,1,6,1
Blood in Urine,Constant or intermittent (Variant 3538)?,6,0,2,1,0
Blood in Urine,Does it affect daily activities (Variant 3539)?,4,5,3,2,1
Blood in Urine,Any emergency warning signs (Variant 3540)?,2,5,1,5,0
Swollen Lymph Nodes,Since how many days (Variant 3541)?,1,3,2,8,1
Swollen Lymph Nodes,"Mild, moderate or severe (Variant 3542)?",8,2,3,0,0
Swollen Lymph Nodes,How frequently does it occur (Variant 3543)?,3,4,1,7,1
Swollen Lymph Nodes,When did it start worsening (Variant 3544)?,7,3,2,4,0
Swollen Lymph Nodes,Any associated symptoms present (Variant 3545)?,0,5,3,3,1
Swollen Lymph Nodes,Triggered by activity (Variant 3546)?,9,5,1,6,0
Swollen Lymph Nodes,Localized or widespread (Variant 3547)?,5,1,2,1,1
Swollen Lymph Nodes,Constant or intermittent (Variant 3548)?,6,0,3,2,0
Swollen Lymph Nodes,Does it affect daily activities (Variant 3549)?,4,5,1,5,1
Swollen Lymph Nodes,Any emergency warning signs (Variant 3550)?,2,5,2,8,0
Dry Mouth,Since how many days (Variant 3551)?,1,3,3,0,1
Dry Mouth,"Mild, moderate or severe (Variant 3552)?",8,2,1,7,0
Dry Mouth,How frequently does it occur (Variant 3553)?,3,4,2,4,1
Dry Mouth,When did it start worsening (Variant 3554)?,7,3,3,3,0
Dry Mouth,Any associated symptoms present (Variant 3555)?,0,5,1,6,1
Dry Mouth,Triggered by activity (Variant 3556)?,9,5,2,1,0
Dry Mouth,Localized or widespread (Variant 3557)?,5,1,3,2,1
Dry Mouth,Constant or intermittent (Variant 3558)?,6,0,1,5,0
Dry Mouth,Does it affect daily activities (Variant 3559)?,4,5,2,8,1
Dry Mouth,Any emergency warning signs (Variant 3560)?,2,5,3,0,0
Mouth Ulcers,Since how many days (Variant 3561)?,1,3,1,7,1
Mouth Ulcers,"Mild, moderate or severe (Variant 3562)?",8,2,2,4,0
Mouth Ulcers,How frequently does it occur (Variant 3563)?,3,4,3,3,1
Mouth Ulcers,When did it start worsening (Variant 3564)?,7,3,1,6,0
Mouth Ulcers,Any associated symptoms present (Variant 3565)?,0,5,2,1,1
Mouth Ulcers,Triggered by activity (Variant 3566)?,9,5,3,2,0
Mouth Ulcers,Localized or widespread (Variant 3567)?,5,1,1,5,1
Mouth Ulcers,Constant or intermittent (Variant 3568)?,6,0,2,8,0
Mouth Ulcers,Does it affect daily activities (Variant 3569)?,4,5,3,0,1
Mouth Ulcers,Any emergency warning signs (Variant 3570)?,2,5,1,7,0
Difficulty Swallowing,Since how many days (Variant 3571)?,1,3,2,4,1
Difficulty Swallowing,"Mild, moderate or severe (Variant 3572)?",8,2,3,3,0
Difficulty Swallowing,How frequently does it occur (Variant 3573)?,3,4,1,6,1
Difficulty Swallowing,When did it start worsening (Variant 3574)?,7,3,2,1,0
Difficulty Swallowing,Any associated symptoms present (Variant 3575)?,0,5,3,2,1
Difficulty Swallowing,Triggered by activity (Variant 3576)?,9,5,1,5,0
Difficulty Swallowing,Localized or widespread (Variant 3577)?,5,1,2,8,1
Difficulty Swallowing,Constant or intermittent (Variant 3578)?,6,0,3,0,0
Difficulty Swallowing,Does it affect daily activities (Variant 3579)?,4,5,1,7,1
Difficulty Swallowing,Any emergency warning signs (Variant 3580)?,2,5,2,4,0
Cyanosis,Since how many days (Variant 3581)?,1,3,3,3,1
Cyanosis,"Mild, moderate or severe (Variant 3582)?",8,2,1,6,0
Cyanosis,How frequently does it occur (Variant 3583)?,3,4,2,1,1
Cyanosis,When did it start worsening (Variant 3584)?,7,3,3,2,0
Cyanosis,Any associated symptoms present (Variant 3585)?,0,5,1,5,1
Cyanosis,Triggered by activity (Variant 3586)?,9,5,2,8,0
Cyanosis,Localized or widespread (Variant 3587)?,5,1,3,0,1
Cyanosis,Constant or intermittent (Variant 3588)?,6,0,1,7,0
Cyanosis,Does it affect daily activities (Variant 3589)?,4,5,2,4,1
Cyanosis,Any emergency warning signs (Variant 3590)?,2,5,3,3,0
Severe Bleeding,Since how many days (Variant 3591)?,1,3,1,6,1
Severe Bleeding,"Mild, moderate or severe (Variant 3592)?",8,2,2,1,0
Severe Bleeding,How frequently does it occur (Variant 3593)?,3,4,3,2,1
Severe Bleeding,When did it start worsening (Variant 3594)?,7,3,1,5,0
Severe Bleeding,Any associated symptoms present (Variant 3595)?,0,5,2,8,1
Severe Bleeding,Triggered by activity (Variant 3596)?,9,5,3,0,0
Severe Bleeding,Localized or widespread (Variant 3597)?,5,1,1,7,1
Severe Bleeding,Constant or intermittent (Variant 3598)?,6,0,2,4,0
Severe Bleeding,Does it affect daily activities (Variant 3599)?,4,5,3,3,1
Severe Bleeding,Any emergency warning signs (Variant 3600)?,2,5,1,6,0
Fever,Since how many days (Variant 3601)?,1,3,2,8,1
Fever,"Mild, moderate or severe (Variant 3602)?",8,2,3,0,0
Fever,How frequently does it occur (Variant 3603)?,3,4,1,7,1
Fever,When did it start worsening (Variant 3604)?,7,3,2,4,0
Fever,Any associated symptoms present (Variant 3605)?,0,5,3,3,1
Fever,Triggered by activity (Variant 3606)?,9,5,1,6,0
Fever,Localized or widespread (Variant 3607)?,5,1,2,1,1
Fever,Constant or intermittent (Variant 3608)?,6,0,3,2,0
Fever,Does it affect daily activities (Variant 3609)?,4,5,1,5,1
Fever,Any emergency warning signs (Variant 3610)?,2,5,2,8,0
Cough,Since how many days (Variant 3611)?,1,3,3,0,1
Cough,"Mild, moderate or severe (Variant 3612)?",8,2,1,7,0
Cough,How frequently does it occur (Variant 3613)?,3,4,2,4,1
Cough,When did it start worsening (Variant 3614)?,7,3,3,3,0
Cough,Any associated symptoms present (Variant 3615)?,0,5,1,6,1
Cough,Triggered by activity (Variant 3616)?,9,5,2,1,0
Cough,Localized or widespread (Variant 3617)?,5,1,3,2,1
Cough,Constant or intermittent (Variant 3618)?,6,0,1,5,0
Cough,Does it affect daily activities (Variant 3619)?,4,5,2,8,1
Cough,Any emergency warning signs (Variant 3620)?,2,5,3,0,0
Fatigue,Since how many days (Variant 3621)?,1,3,1,7,1
Fatigue,"Mild, moderate or severe (Variant 3622)?",8,2,2,4,0
Fatigue,How frequently does it occur (Variant 3623)?,3,4,3,3,1
Fatigue,When did it start worsening (Variant 3624)?,7,3,1,6,0
Fatigue,Any associated symptoms present (Variant 3625)?,0,5,2,1,1
Fatigue,Triggered by activity (Variant 3626)?,9,5,3,2,0
Fatigue,Localized or widespread (Variant 3627)?,5,1,1,5,1
Fatigue,Constant or intermittent (Variant 3628)?,6,0,2,8,0
Fatigue,Does it affect daily activities (Variant 3629)?,4,5,3,0,1
Fatigue,Any emergency warning signs (Variant 3630)?,2,5,1,7,0
Breathlessness,Since how many days (Variant 3631)?,1,3,2,4,1
Breathlessness,"Mild, moderate or severe (Variant 3632)?",8,2,3,3,0
Breathlessness,How frequently does it occur (Variant 3633)?,3,4,1,6,1
Breathlessness,When did it start worsening (Variant 3634)?,7,3,2,1,0
Breathlessness,Any associated symptoms present (Variant 3635)?,0,5,3,2,1
Breathlessness,Triggered by activity (Variant 3636)?,9,5,1,5,0
Breathlessness,Localized or widespread (Variant 3637)?,5,1,2,8,1
Breathlessness,Constant or intermittent (Variant 3638)?,6,0,3,0,0
Breathlessness,Does it affect daily activities (Variant 3639)?,4,5,1,7,1
Breathlessness,Any emergency warning signs (Variant 3640)?,2,5,2,4,0
Chest Pain,Since how many days (Variant 3641)?,1,3,3,3,1
Chest Pain,"Mild, moderate or severe (Variant 3642)?",8,2,1,6,0
Chest Pain,How frequently does it occur (Variant 3643)?,3,4,2,1,1
Chest Pain,When did it start worsening (Variant 3644)?,7,3,3,2,0
Chest Pain,Any associated symptoms present (Variant 3645)?,0,5,1,5,1
Chest Pain,Triggered by activity (Variant 3646)?,9,5,2,8,0
Chest Pain,Localized or widespread (Variant 3647)?,5,1,3,0,1
Chest Pain,Constant or intermittent (Variant 3648)?,6,0,1,7,0
Chest Pain,Does it affect daily activities (Variant 3649)?,4,5,2,4,1
Chest Pain,Any emergency warning signs (Variant 3650)?,2,5,3,3,0
Headache,Since how many days (Variant 3651)?,1,3,1,6,1
Headache,"Mild, moderate or severe (Variant 3652)?",8,2,2,1,0
Headache,How frequently does it occur (Variant 3653)?,3,4,3,2,1
Headache,When did it start worsening (Variant 3654)?,7,3,1,5,0
Headache,Any associated symptoms present (Variant 3655)?,0,5,2,8,1
Headache,Triggered by activity (Variant 3656)?,9,5,3,0,0
Headache,Localized or widespread (Variant 3657)?,5,1,1,7,1
Headache,Constant or intermittent (Variant 3658)?,6,0,2,4,0
Headache,Does it affect daily activities (Variant 3659)?,4,5,3,3,1
Headache,Any emergency warning signs (Variant 3660)?,2,5,1,6,0
Dizziness,Since how many days (Variant 3661)?,1,3,2,1,1
Dizziness,"Mild, moderate or severe (Variant 3662)?",8,2,3,2,0
Dizziness,How frequently does it occur (Variant 3663)?,3,4,1,5,1
Dizziness,When did it start worsening (Variant 3664)?,7,3,2,8,0
Dizziness,Any associated symptoms present (Variant 3665)?,0,5,3,0,1
Dizziness,Triggered by activity (Variant 3666)?,9,5,1,7,0
Dizziness,Localized or widespread (Variant 3667)?,5,1,2,4,1
Dizziness,Constant or intermittent (Variant 3668)?,6,0,3,3,0
Dizziness,Does it affect daily activities (Variant 3669)?,4,5,1,6,1
Dizziness,Any emergency warning signs (Variant 3670)?,2,5,2,1,0
Nausea,Since how many days (Variant 3671)?,1,3,3,2,1
Nausea,"Mild, moderate or severe (Variant 3672)?",8,2,1,5,0
Nausea,How frequently does it occur (Variant 3673)?,3,4,2,8,1
Nausea,When did it start worsening (Variant 3674)?,7,3,3,0,0
Nausea,Any associated symptoms present (Variant 3675)?,0,5,1,7,1
Nausea,Triggered by activity (Variant 3676)?,9,5,2,4,0
Nausea,Localized or widespread (Variant 3677)?,5,1,3,3,1
Nausea,Constant or intermittent (Variant 3678)?,6,0,1,6,0
Nausea,Does it affect daily activities (Variant 3679)?,4,5,2,1,1
Nausea,Any emergency warning signs (Variant 3680)?,2,5,3,2,0
Vomiting,Since how many days (Variant 3681)?,1,3,1,5,1
Vomiting,"Mild, moderate or severe (Variant 3682)?",8,2,2,8,0
Vomiting,How frequently does it occur (Variant 3683)?,3,4,3,0,1
Vomiting,When did it start worsening (Variant 3684)?,7,3,1,7,0
Vomiting,Any associated symptoms present (Variant 3685)?,0,5,2,4,1
Vomiting,Triggered by activity (Variant 3686)?,9,5,3,3,0
Vomiting,Localized or widespread (Variant 3687)?,5,1,1,6,1
Vomiting,Constant or intermittent (Variant 3688)?,6,0,2,1,0
Vomiting,Does it affect daily activities (Variant 3689)?,4,5,3,2,1
Vomiting,Any emergency warning signs (Variant 3690)?,2,5,1,5,0
Diarrhea,Since how many days (Variant 3691)?,1,3,2,8,1
Diarrhea,"Mild, moderate or severe (Variant 3692)?",8,2,3,0,0
Diarrhea,How frequently does it occur (Variant 3693)?,3,4,1,7,1
Diarrhea,When did it start worsening (Variant 3694)?,7,3,2,4,0
Diarrhea,Any associated symptoms present (Variant 3695)?,0,5,3,3,1
Diarrhea,Triggered by activity (Variant 3696)?,9,5,1,6,0
Diarrhea,Localized or widespread (Variant 3697)?,5,1,2,1,1
Diarrhea,Constant or intermittent (Variant 3698)?,6,0,3,2,0
Diarrhea,Does it affect daily activities (Variant 3699)?,4,5,1,5,1
Diarrhea,Any emergency warning signs (Variant 3700)?,2,5,2,8,0
Constipation,Since how many days (Variant 3701)?,1,3,3,0,1
Constipation,"Mild, moderate or severe (Variant 3702)?",8,2,1,7,0
Constipation,How frequently does it occur (Variant 3703)?,3,4,2,4,1
Constipation,When did it start worsening (Variant 3704)?,7,3,3,3,0
Constipation,Any associated symptoms present (Variant 3705)?,0,5,1,6,1
Constipation,Triggered by activity (Variant 3706)?,9,5,2,1,0
Constipation,Localized or widespread (Variant 3707)?,5,1,3,2,1
Constipation,Constant or intermittent (Variant 3708)?,6,0,1,5,0
Constipation,Does it affect daily activities (Variant 3709)?,4,5,2,8,1
Constipation,Any emergency warning signs (Variant 3710)?,2,5,3,0,0
Abdominal Pain,Since how many days (Variant 3711)?,1,3,1,7,1
Abdominal Pain,"Mild, moderate or severe (Variant 3712)?",8,2,2,4,0
Abdominal Pain,How frequently does it occur (Variant 3713)?,3,4,3,3,1
Abdominal Pain,When did it start worsening (Variant 3714)?,7,3,1,6,0
Abdominal Pain,Any associated symptoms present (Variant 3715)?,0,5,2,1,1
Abdominal Pain,Triggered by activity (Variant 3716)?,9,5,3,2,0
Abdominal Pain,Localized or widespread (Variant 3717)?,5,1,1,5,1
Abdominal Pain,Constant or intermittent (Variant 3718)?,6,0,2,8,0
Abdominal Pain,Does it affect daily activities (Variant 3719)?,4,5,3,0,1
Abdominal Pain,Any emergency warning signs (Variant 3720)?,2,5,1,7,0
Back Pain,Since how many days (Variant 3721)?,1,3,2,4,1
Back Pain,"Mild, moderate or severe (Variant 3722)?",8,2,3,3,0
Back Pain,How frequently does it occur (Variant 3723)?,3,4,1,6,1
Back Pain,When did it start worsening (Variant 3724)?,7,3,2,1,0
Back Pain,Any associated symptoms present (Variant 3725)?,0,5,3,2,1
Back Pain,Triggered by activity (Variant 3726)?,9,5,1,5,0
Back Pain,Localized or widespread (Variant 3727)?,5,1,2,8,1
Back Pain,Constant or intermittent (Variant 3728)?,6,0,3,0,0
Back Pain,Does it affect daily activities (Variant 3729)?,4,5,1,7,1
Back Pain,Any emergency warning signs (Variant 3730)?,2,5,2,4,0
Joint Pain,Since how many days (Variant 3731)?,1,3,3,3,1
Joint Pain,"Mild, moderate or severe (Variant 3732)?",8,2,1,6,0
Joint Pain,How frequently does it occur (Variant 3733)?,3,4,2,1,1
Joint Pain,When did it start worsening (Variant 3734)?,7,3,3,2,0
Joint Pain,Any associated symptoms present (Variant 3735)?,0,5,1,5,1
Joint Pain,Triggered by activity (Variant 3736)?,9,5,2,8,0
Joint Pain,Localized or widespread (Variant 3737)?,5,1,3,0,1
Joint Pain,Constant or intermittent (Variant 3738)?,6,0,1,7,0
Joint Pain,Does it affect daily activities (Variant 3739)?,4,5,2,4,1
Joint Pain,Any emergency warning signs (Variant 3740)?,2,5,3,3,0
Muscle Pain,Since how many days (Variant 3741)?,1,3,1,6,1
Muscle Pain,"Mild, moderate or severe (Variant 3742)?",8,2,2,1,0
Muscle Pain,How frequently does it occur (Variant 3743)?,3,4,3,2,1
Muscle Pain,When did it start worsening (Variant 3744)?,7,3,1,5,0
Muscle Pain,Any associated symptoms present (Variant 3745)?,0,5,2,8,1
Muscle Pain,Triggered by activity (Variant 3746)?,9,5,3,0,0
Muscle Pain,Localized or widespread (Variant 3747)?,5,1,1,7,1
Muscle Pain,Constant or intermittent (Variant 3748)?,6,0,2,4,0
Muscle Pain,Does it affect daily activities (Variant 3749)?,4,5,3,3,1
Muscle Pain,Any emergency warning signs (Variant 3750)?,2,5,1,6,0
Palpitations,Since how many days (Variant 3751)?,1,3,2,1,1
Palpitations,"Mild, moderate or severe (Variant 3752)?",8,2,3,2,0
Palpitations,How frequently does it occur (Variant 3753)?,3,4,1,5,1
Palpitations,When did it start worsening (Variant 3754)?,7,3,2,8,0
Palpitations,Any associated symptoms present (Variant 3755)?,0,5,3,0,1
Palpitations,Triggered by activity (Variant 3756)?,9,5,1,7,0
Palpitations,Localized or widespread (Variant 3757)?,5,1,2,4,1
Palpitations,Constant or intermittent (Variant 3758)?,6,0,3,3,0
Palpitations,Does it affect daily activities (Variant 3759)?,4,5,1,6,1
Palpitations,Any emergency warning signs (Variant 3760)?,2,5,2,1,0
Leg Swelling,Since how many days (Variant 3761)?,1,3,3,2,1
Leg Swelling,"Mild, moderate or severe (Variant 3762)?",8,2,1,5,0
Leg Swelling,How frequently does it occur (Variant 3763)?,3,4,2,8,1
Leg Swelling,When did it start worsening (Variant 3764)?,7,3,3,0,0
Leg Swelling,Any associated symptoms present (Variant 3765)?,0,5,1,7,1
Leg Swelling,Triggered by activity (Variant 3766)?,9,5,2,4,0
Leg Swelling,Localized or widespread (Variant 3767)?,5,1,3,3,1
Leg Swelling,Constant or intermittent (Variant 3768)?,6,0,1,6,0
Leg Swelling,Does it affect daily activities (Variant 3769)?,4,5,2,1,1
Leg Swelling,Any emergency warning signs (Variant 3770)?,2,5,3,2,0
Syncope,Since how many days (Variant 3771)?,1,3,1,5,1
Syncope,"Mild, moderate or severe (Variant 3772)?",8,2,2,8,0
Syncope,How frequently does it occur (Variant 3773)?,3,4,3,0,1
Syncope,When did it start worsening (Variant 3774)?,7,3,1,7,0
Syncope,Any associated symptoms present (Variant 3775)?,0,5,2,4,1
Syncope,Triggered by activity (Variant 3776)?,9,5,3,3,0
Syncope,Localized or widespread (Variant 3777)?,5,1,1,6,1
Syncope,Constant or intermittent (Variant 3778)?,6,0,2,1,0
Syncope,Does it affect daily activities (Variant 3779)?,4,5,3,2,1
Syncope,Any emergency warning signs (Variant 3780)?,2,5,1,5,0
Wheezing,Since how many days (Variant 3781)?,1,3,2,8,1
Wheezing,"Mild, moderate or severe (Variant 3782)?",8,2,3,0,0
Wheezing,How frequently does it occur (Variant 3783)?,3,4,1,7,1
Wheezing,When did it start worsening (Variant 3784)?,7,3,2,4,0
Wheezing,Any associated symptoms present (Variant 3785)?,0,5,3,3,1
Wheezing,Triggered by activity (Variant 3786)?,9,5,1,6,0
Wheezing,Localized or widespread (Variant 3787)?,5,1,2,1,1
Wheezing,Constant or intermittent (Variant 3788)?,6,0,3,2,0
Wheezing,Does it affect daily activities (Variant 3789)?,4,5,1,5,1
Wheezing,Any emergency warning signs (Variant 3790)?,2,5,2,8,0
Sore Throat,Since how many days (Variant 3791)?,1,3,3,0,1
Sore Throat,"Mild, moderate or severe (Variant 3792)?",8,2,1,7,0
Sore Throat,How frequently does it occur (Variant 3793)?,3,4,2,4,1
Sore Throat,When did it start worsening (Variant 3794)?,7,3,3,3,0
Sore Throat,Any associated symptoms present (Variant 3795)?,0,5,1,6,1
Sore Throat,Triggered by activity (Variant 3796)?,9,5,2,1,0
Sore Throat,Localized or widespread (Variant 3797)?,5,1,3,2,1
Sore Throat,Constant or intermittent (Variant 3798)?,6,0,1,5,0
Sore Throat,Does it affect daily activities (Variant 3799)?,4,5,2,8,1
Sore Throat,Any emergency warning signs (Variant 3800)?,2,5,3,0,0
Runny Nose,Since how many days (Variant 3801)?,1,3,1,7,1
Runny Nose,"Mild, moderate or severe (Variant 3802)?",8,2,2,4,0
Runny Nose,How frequently does it occur (Variant 3803)?,3,4,3,3,1
Runny Nose,When did it start worsening (Variant 3804)?,7,3,1,6,0
Runny Nose,Any associated symptoms present (Variant 3805)?,0,5,2,1,1
Runny Nose,Triggered by activity (Variant 3806)?,9,5,3,2,0
Runny Nose,Localized or widespread (Variant 3807)?,5,1,1,5,1
Runny Nose,Constant or intermittent (Variant 3808)?,6,0,2,8,0
Runny Nose,Does it affect daily activities (Variant 3809)?,4,5,3,0,1
Runny Nose,Any emergency warning signs (Variant 3810)?,2,5,1,7,0
Nasal Congestion,Since how many days (Variant 3811)?,1,3,2,4,1
Nasal Congestion,"Mild, moderate or severe (Variant 3812)?",8,2,3,3,0
Nasal Congestion,How frequently does it occur (Variant 3813)?,3,4,1,6,1
Nasal Congestion,When did it start worsening (Variant 3814)?,7,3,2,1,0
Nasal Congestion,Any associated symptoms present (Variant 3815)?,0,5,3,2,1
Nasal Congestion,Triggered by activity (Variant 3816)?,9,5,1,5,0
Nasal Congestion,Localized or widespread (Variant 3817)?,5,1,2,8,1
Nasal Congestion,Constant or intermittent (Variant 3818)?,6,0,3,0,0
Nasal Congestion,Does it affect daily activities (Variant 3819)?,4,5,1,7,1
Nasal Congestion,Any emergency warning signs (Variant 3820)?,2,5,2,4,0
Chills,Since how many days (Variant 3821)?,1,3,3,3,1
Chills,"Mild, moderate or severe (Variant 3822)?",8,2,1,6,0
Chills,How frequently does it occur (Variant 3823)?,3,4,2,1,1
Chills,When did it start worsening (Variant 3824)?,7,3,3,2,0
Chills,Any associated symptoms present (Variant 3825)?,0,5,1,5,1
Chills,Triggered by activity (Variant 3826)?,9,5,2,8,0
Chills,Localized or widespread (Variant 3827)?,5,1,3,0,1
Chills,Constant or intermittent (Variant 3828)?,6,0,1,7,0
Chills,Does it affect daily activities (Variant 3829)?,4,5,2,4,1
Chills,Any emergency warning signs (Variant 3830)?,2,5,3,3,0
Night Sweats,Since how many days (Variant 3831)?,1,3,1,6,1
Night Sweats,"Mild, moderate or severe (Variant 3832)?",8,2,2,1,0
Night Sweats,How frequently does it occur (Variant 3833)?,3,4,3,2,1
Night Sweats,When did it start worsening (Variant 3834)?,7,3,1,5,0
Night Sweats,Any associated symptoms present (Variant 3835)?,0,5,2,8,1
Night Sweats,Triggered by activity (Variant 3836)?,9,5,3,0,0
Night Sweats,Localized or widespread (Variant 3837)?,5,1,1,7,1
Night Sweats,Constant or intermittent (Variant 3838)?,6,0,2,4,0
Night Sweats,Does it affect daily activities (Variant 3839)?,4,5,3,3,1
Night Sweats,Any emergency warning signs (Variant 3840)?,2,5,1,6,0
Weight Loss,Since how many days (Variant 3841)?,1,3,2,1,1
Weight Loss,"Mild, moderate or severe (Variant 3842)?",8,2,3,2,0
Weight Loss,How frequently does it occur (Variant 3843)?,3,4,1,5,1
Weight Loss,When did it start worsening (Variant 3844)?,7,3,2,8,0
Weight Loss,Any associated symptoms present (Variant 3845)?,0,5,3,0,1
Weight Loss,Triggered by activity (Variant 3846)?,9,5,1,7,0
Weight Loss,Localized or widespread (Variant 3847)?,5,1,2,4,1
Weight Loss,Constant or intermittent (Variant 3848)?,6,0,3,3,0
Weight Loss,Does it affect daily activities (Variant 3849)?,4,5,1,6,1
Weight Loss,Any emergency warning signs (Variant 3850)?,2,5,2,1,0
Loss of Appetite,Since how many days (Variant 3851)?,1,3,3,2,1
Loss of Appetite,"Mild, moderate or severe (Variant 3852)?",8,2,1,5,0
Loss of Appetite,How frequently does it occur (Variant 3853)?,3,4,2,8,1
Loss of Appetite,When did it start worsening (Variant 3854)?,7,3,3,0,0
Loss of Appetite,Any associated symptoms present (Variant 3855)?,0,5,1,7,1
Loss of Appetite,Triggered by activity (Variant 3856)?,9,5,2,4,0
Loss of Appetite,Localized or widespread (Variant 3857)?,5,1,3,3,1
Loss of Appetite,Constant or intermittent (Variant 3858)?,6,0,1,6,0
Loss of Appetite,Does it affect daily activities (Variant 3859)?,4,5,2,1,1
Loss of Appetite,Any emergency warning signs (Variant 3860)?,2,5,3,2,0
Weakness,Since how many days (Variant 3861)?,1,3,1,5,1
Weakness,"Mild, moderate or severe (Variant 3862)?",8,2,2,8,0
Weakness,How frequently does it occur (Variant 3863)?,3,4,3,0,1
Weakness,When did it start worsening (Variant 3864)?,7,3,1,7,0
Weakness,Any associated symptoms present (Variant 3865)?,0,5,2,4,1
Weakness,Triggered by activity (Variant 3866)?,9,5,3,3,0
Weakness,Localized or widespread (Variant 3867)?,5,1,1,6,1
Weakness,Constant or intermittent (Variant 3868)?,6,0,2,1,0
Weakness,Does it affect daily activities (Variant 3869)?,4,5,3,2,1
Weakness,Any emergency warning signs (Variant 3870)?,2,5,1,5,0
Confusion,Since how many days (Variant 3871)?,1,3,2,8,1
Confusion,"Mild, moderate or severe (Variant 3872)?",8,2,3,0,0
Confusion,How frequently does it occur (Variant 3873)?,3,4,1,7,1
Confusion,When did it start worsening (Variant 3874)?,7,3,2,4,0
Confusion,Any associated symptoms present (Variant 3875)?,0,5,3,3,1
Confusion,Triggered by activity (Variant 3876)?,9,5,1,6,0
Confusion,Localized or widespread (Variant 3877)?,5,1,2,1,1
Confusion,Constant or intermittent (Variant 3878)?,6,0,3,2,0
Confusion,Does it affect daily activities (Variant 3879)?,4,5,1,5,1
Confusion,Any emergency warning signs (Variant 3880)?,2,5,2,8,0
Memory Loss,Since how many days (Variant 3881)?,1,3,3,0,1
Memory Loss,"Mild, moderate or severe (Variant 3882)?",8,2,1,7,0
Memory Loss,How frequently does it occur (Variant 3883)?,3,4,2,4,1
Memory Loss,When did it start worsening (Variant 3884)?,7,3,3,3,0
Memory Loss,Any associated symptoms present (Variant 3885)?,0,5,1,6,1
Memory Loss,Triggered by activity (Variant 3886)?,9,5,2,1,0
Memory Loss,Localized or widespread (Variant 3887)?,5,1,3,2,1
Memory Loss,Constant or intermittent (Variant 3888)?,6,0,1,5,0
Memory Loss,Does it affect daily activities (Variant 3889)?,4,5,2,8,1
Memory Loss,Any emergency warning signs (Variant 3890)?,2,5,3,0,0
Seizure,Since how many days (Variant 3891)?,1,3,1,7,1
Seizure,"Mild, moderate or severe (Variant 3892)?",8,2,2,4,0
Seizure,How frequently does it occur (Variant 3893)?,3,4,3,3,1
Seizure,When did it start worsening (Variant 3894)?,7,3,1,6,0
Seizure,Any associated symptoms present (Variant 3895)?,0,5,2,1,1
Seizure,Triggered by activity (Variant 3896)?,9,5,3,2,0
Seizure,Localized or widespread (Variant 3897)?,5,1,1,5,1
Seizure,Constant or intermittent (Variant 3898)?,6,0,2,8,0
Seizure,Does it affect daily activities (Variant 3899)?,4,5,3,0,1
Seizure,Any emergency warning signs (Variant 3900)?,2,5,1,7,0
Numbness,Since how many days (Variant 3901)?,1,3,2,4,1
Numbness,"Mild, moderate or severe (Variant 3902)?",8,2,3,3,0
Numbness,How frequently does it occur (Variant 3903)?,3,4,1,6,1
Numbness,When did it start worsening (Variant 3904)?,7,3,2,1,0
Numbness,Any associated symptoms present (Variant 3905)?,0,5,3,2,1
Numbness,Triggered by activity (Variant 3906)?,9,5,1,5,0
Numbness,Localized or widespread (Variant 3907)?,5,1,2,8,1
Numbness,Constant or intermittent (Variant 3908)?,6,0,3,0,0
Numbness,Does it affect daily activities (Variant 3909)?,4,5,1,7,1
Numbness,Any emergency warning signs (Variant 3910)?,2,5,2,4,0
Tingling,Since how many days (Variant 3911)?,1,3,3,3,1
Tingling,"Mild, moderate or severe (Variant 3912)?",8,2,1,6,0
Tingling,How frequently does it occur (Variant 3913)?,3,4,2,1,1
Tingling,When did it start worsening (Variant 3914)?,7,3,3,2,0
Tingling,Any associated symptoms present (Variant 3915)?,0,5,1,5,1
Tingling,Triggered by activity (Variant 3916)?,9,5,2,8,0
Tingling,Localized or widespread (Variant 3917)?,5,1,3,0,1
Tingling,Constant or intermittent (Variant 3918)?,6,0,1,7,0
Tingling,Does it affect daily activities (Variant 3919)?,4,5,2,4,1
Tingling,Any emergency warning signs (Variant 3920)?,2,5,3,3,0
Tremor,Since how many days (Variant 3921)?,1,3,1,6,1
Tremor,"Mild, moderate or severe (Variant 3922)?",8,2,2,1,0
Tremor,How frequently does it occur (Variant 3923)?,3,4,3,2,1
Tremor,When did it start worsening (Variant 3924)?,7,3,1,5,0
Tremor,Any associated symptoms present (Variant 3925)?,0,5,2,8,1
Tremor,Triggered by activity (Variant 3926)?,9,5,3,0,0
Tremor,Localized or widespread (Variant 3927)?,5,1,1,7,1
Tremor,Constant or intermittent (Variant 3928)?,6,0,2,4,0
Tremor,Does it affect daily activities (Variant 3929)?,4,5,3,3,1
Tremor,Any emergency warning signs (Variant 3930)?,2,5,1,6,0
Facial Droop,Since how many days (Variant 3931)?,1,3,2,1,1
Facial Droop,"Mild, moderate or severe (Variant 3932)?",8,2,3,2,0
Facial Droop,How frequently does it occur (Variant 3933)?,3,4,1,5,1
Facial Droop,When did it start worsening (Variant 3934)?,7,3,2,8,0
Facial Droop,Any associated symptoms present (Variant 3935)?,0,5,3,0,1
Facial Droop,Triggered by activity (Variant 3936)?,9,5,1,7,0
Facial Droop,Localized or widespread (Variant 3937)?,5,1,2,4,1
Facial Droop,Constant or intermittent (Variant 3938)?,6,0,3,3,0
Facial Droop,Does it affect daily activities (Variant 3939)?,4,5,1,6,1
Facial Droop,Any emergency warning signs (Variant 3940)?,2,5,2,1,0
Blurred Vision,Since how many days (Variant 3941)?,1,3,3,2,1
Blurred Vision,"Mild, moderate or severe (Variant 3942)?",8,2,1,5,0
Blurred Vision,How frequently does it occur (Variant 3943)?,3,4,2,8,1
Blurred Vision,When did it start worsening (Variant 3944)?,7,3,3,0,0
Blurred Vision,Any associated symptoms present (Variant 3945)?,0,5,1,7,1
Blurred Vision,Triggered by activity (Variant 3946)?,9,5,2,4,0
Blurred Vision,Localized or widespread (Variant 3947)?,5,1,3,3,1
Blurred Vision,Constant or intermittent (Variant 3948)?,6,0,1,6,0
Blurred Vision,Does it affect daily activities (Variant 3949)?,4,5,2,1,1
Blurred Vision,Any emergency warning signs (Variant 3950)?,2,5,3,2,0
Frequent Urination,Since how many days (Variant 3951)?,1,3,1,5,1
Frequent Urination,"Mild, moderate or severe (Variant 3952)?",8,2,2,8,0
Frequent Urination,How frequently does it occur (Variant 3953)?,3,4,3,0,1
Frequent Urination,When did it start worsening (Variant 3954)?,7,3,1,7,0
Frequent Urination,Any associated symptoms present (Variant 3955)?,0,5,2,4,1
Frequent Urination,Triggered by activity (Variant 3956)?,9,5,3,3,0
Frequent Urination,Localized or widespread (Variant 3957)?,5,1,1,6,1
Frequent Urination,Constant or intermittent (Variant 3958)?,6,0,2,1,0
Frequent Urination,Does it affect daily activities (Variant 3959)?,4,5,3,2,1
Frequent Urination,Any emergency warning signs (Variant 3960)?,2,5,1,5,0
Excess Thirst,Since how many days (Variant 3961)?,1,3,2,8,1
Excess Thirst,"Mild, moderate or severe (Variant 3962)?",8,2,3,0,0
Excess Thirst,How frequently does it occur (Variant 3963)?,3,4,1,7,1
Excess Thirst,When did it start worsening (Variant 3964)?,7,3,2,4,0
Excess Thirst,Any associated symptoms present (Variant 3965)?,0,5,3,3,1
Excess Thirst,Triggered by activity (Variant 3966)?,9,5,1,6,0
Excess Thirst,Localized or widespread (Variant 3967)?,5,1,2,1,1
Excess Thirst,Constant or intermittent (Variant 3968)?,6,0,3,2,0
Excess Thirst,Does it affect daily activities (Variant 3969)?,4,5,1,5,1
Excess Thirst,Any emergency warning signs (Variant 3970)?,2,5,2,8,0
Heat Intolerance,Since how many days (Variant 3971)?,1,3,3,0,1
Heat Intolerance,"Mild, moderate or severe (Variant 3972)?",8,2,1,7,0
Heat Intolerance,How frequently does it occur (Variant 3973)?,3,4,2,4,1
Heat Intolerance,When did it start worsening (Variant 3974)?,7,3,3,3,0
Heat Intolerance,Any associated symptoms present (Variant 3975)?,0,5,1,6,1
Heat Intolerance,Triggered by activity (Variant 3976)?,9,5,2,1,0
Heat Intolerance,Localized or widespread (Variant 3977)?,5,1,3,2,1
Heat Intolerance,Constant or intermittent (Variant 3978)?,6,0,1,5,0
Heat Intolerance,Does it affect daily activities (Variant 3979)?,4,5,2,8,1
Heat Intolerance,Any emergency warning signs (Variant 3980)?,2,5,3,0,0
Cold Intolerance,Since how many days (Variant 3981)?,1,3,1,7,1
Cold Intolerance,"Mild, moderate or severe (Variant 3982)?",8,2,2,4,0
Cold Intolerance,How frequently does it occur (Variant 3983)?,3,4,3,3,1
Cold Intolerance,When did it start worsening (Variant 3984)?,7,3,1,6,0
Cold Intolerance,Any associated symptoms present (Variant 3985)?,0,5,2,1,1
Cold Intolerance,Triggered by activity (Variant 3986)?,9,5,3,2,0
Cold Intolerance,Localized or widespread (Variant 3987)?,5,1,1,5,1
Cold Intolerance,Constant or intermittent (Variant 3988)?,6,0,2,8,0
Cold Intolerance,Does it affect daily activities (Variant 3989)?,4,5,3,0,1
Cold Intolerance,Any emergency warning signs (Variant 3990)?,2,5,1,7,0
Rash,Since how many days (Variant 3991)?,1,3,2,4,1
Rash,"Mild, moderate or severe (Variant 3992)?",8,2,3,3,0
Rash,How frequently does it occur (Variant 3993)?,3,4,1,6,1
Rash,When did it start worsening (Variant 3994)?,7,3,2,1,0
Rash,Any associated symptoms present (Variant 3995)?,0,5,3,2,1
Rash,Triggered by activity (Variant 3996)?,9,5,1,5,0
Rash,Localized or widespread (Variant 3997)?,5,1,2,8,1
Rash,Constant or intermittent (Variant 3998)?,6,0,3,0,0
Rash,Does it affect daily activities (Variant 3999)?,4,5,1,7,1
Rash,Any emergency warning signs (Variant 4000)?,2,5,2,4,0
Itching,Since how many days (Variant 4001)?,1,3,3,3,1
Itching,"Mild, moderate or severe (Variant 4002)?",8,2,1,6,0
Itching,How frequently does it occur (Variant 4003)?,3,4,2,1,1
Itching,When did it start worsening (Variant 4004)?,7,3,3,2,0
Itching,Any associated symptoms present (Variant 4005)?,0,5,1,5,1
Itching,Triggered by activity (Variant 4006)?,9,5,2,8,0
Itching,Localized or widespread (Variant 4007)?,5,1,3,0,1
Itching,Constant or intermittent (Variant 4008)?,6,0,1,7,0
Itching,Does it affect daily activities (Variant 4009)?,4,5,2,4,1
Itching,Any emergency warning signs (Variant 4010)?,2,5,3,3,0
Skin Lesions,Since how many days (Variant 4011)?,1,3,1,6,1
Skin Lesions,"Mild, moderate or severe (Variant 4012)?",8,2,2,1,0
Skin Lesions,How frequently does it occur (Variant 4013)?,3,4,3,2,1
Skin Lesions,When did it start worsening (Variant 4014)?,7,3,1,5,0
Skin Lesions,Any associated symptoms present (Variant 4015)?,0,5,2,8,1
Skin Lesions,Triggered by activity (Variant 4016)?,9,5,3,0,0
Skin Lesions,Localized or widespread (Variant 4017)?,5,1,1,7,1
Skin Lesions,Constant or intermittent (Variant 4018)?,6,0,2,4,0
Skin Lesions,Does it affect daily activities (Variant 4019)?,4,5,3,3,1
Skin Lesions,Any emergency warning signs (Variant 4020)?,2,5,1,6,0
Hair Loss,Since how many days (Variant 4021)?,1,3,2,1,1
Hair Loss,"Mild, moderate or severe (Variant 4022)?",8,2,3,2,0
Hair Loss,How frequently does it occur (Variant 4023)?,3,4,1,5,1
Hair Loss,When did it start worsening (Variant 4024)?,7,3,2,8,0
Hair Loss,Any associated symptoms present (Variant 4025)?,0,5,3,0,1
Hair Loss,Triggered by activity (Variant 4026)?,9,5,1,7,0
Hair Loss,Localized or widespread (Variant 4027)?,5,1,2,4,1
Hair Loss,Constant or intermittent (Variant 4028)?,6,0,3,3,0
Hair Loss,Does it affect daily activities (Variant 4029)?,4,5,1,6,1
Hair Loss,Any emergency warning signs (Variant 4030)?,2,5,2,1,0
Insomnia,Since how many days (Variant 4031)?,1,3,3,2,1
Insomnia,"Mild, moderate or severe (Variant 4032)?",8,2,1,5,0
Insomnia,How frequently does it occur (Variant 4033)?,3,4,2,8,1
Insomnia,When did it start worsening (Variant 4034)?,7,3,3,0,0
Insomnia,Any associated symptoms present (Variant 4035)?,0,5,1,7,1
Insomnia,Triggered by activity (Variant 4036)?,9,5,2,4,0
Insomnia,Localized or widespread (Variant 4037)?,5,1,3,3,1
Insomnia,Constant or intermittent (Variant 4038)?,6,0,1,6,0
Insomnia,Does it affect daily activities (Variant 4039)?,4,5,2,1,1
Insomnia,Any emergency warning signs (Variant 4040)?,2,5,3,2,0
Anxiety,Since how many days (Variant 4041)?,1,3,1,5,1
Anxiety,"Mild, moderate or severe (Variant 4042)?",8,2,2,8,0
Anxiety,How frequently does it occur (Variant 4043)?,3,4,3,0,1
Anxiety,When did it start worsening (Variant 4044)?,7,3,1,7,0
Anxiety,Any associated symptoms present (Variant 4045)?,0,5,2,4,1
Anxiety,Triggered by activity (Variant 4046)?,9,5,3,3,0
Anxiety,Localized or widespread (Variant 4047)?,5,1,1,6,1
Anxiety,Constant or intermittent (Variant 4048)?,6,0,2,1,0
Anxiety,Does it affect daily activities (Variant 4049)?,4,5,3,2,1
Anxiety,Any emergency warning signs (Variant 4050)?,2,5,1,5,0
Depressed Mood,Since how many days (Variant 4051)?,1,3,2,8,1
Depressed Mood,"Mild, moderate or severe (Variant 4052)?",8,2,3,0,0
Depressed Mood,How frequently does it occur (Variant 4053)?,3,4,1,7,1
Depressed Mood,When did it start worsening (Variant 4054)?,7,3,2,4,0
Depressed Mood,Any associated symptoms present (Variant 4055)?,0,5,3,3,1
Depressed Mood,Triggered by activity (Variant 4056)?,9,5,1,6,0
Depressed Mood,Localized or widespread (Variant 4057)?,5,1,2,1,1
Depressed Mood,Constant or intermittent (Variant 4058)?,6,0,3,2,0
Depressed Mood,Does it affect daily activities (Variant 4059)?,4,5,1,5,1
Depressed Mood,Any emergency warning signs (Variant 4060)?,2,5,2,8,0
Irritability,Since how many days (Variant 4061)?,1,3,3,0,1
Irritability,"Mild, moderate or severe (Variant 4062)?",8,2,1,7,0
Irritability,How frequently does it occur (Variant 4063)?,3,4,2,4,1
Irritability,When did it start worsening (Variant 4064)?,7,3,3,3,0
Irritability,Any associated symptoms present (Variant 4065)?,0,5,1,6,1
Irritability,Triggered by activity (Variant 4066)?,9,5,2,1,0
Irritability,Localized or widespread (Variant 4067)?,5,1,3,2,1
Irritability,Constant or intermittent (Variant 4068)?,6,0,1,5,0
Irritability,Does it affect daily activities (Variant 4069)?,4,5,2,8,1
Irritability,Any emergency warning signs (Variant 4070)?,2,5,3,0,0
Ear Pain,Since how many days (Variant 4071)?,1,3,1,7,1
Ear Pain,"Mild, moderate or severe (Variant 4072)?",8,2,2,4,0
Ear Pain,How frequently does it occur (Variant 4073)?,3,4,3,3,1
Ear Pain,When did it start worsening (Variant 4074)?,7,3,1,6,0
Ear Pain,Any associated symptoms present (Variant 4075)?,0,5,2,1,1
Ear Pain,Triggered by activity (Variant 4076)?,9,5,3,2,0
Ear Pain,Localized or widespread (Variant 4077)?,5,1,1,5,1
Ear Pain,Constant or intermittent (Variant 4078)?,6,0,2,8,0
Ear Pain,Does it affect daily activities (Variant 4079)?,4,5,3,0,1
Ear Pain,Any emergency warning signs (Variant 4080)?,2,5,1,7,0
Hearing Loss,Since how many days (Variant 4081)?,1,3,2,4,1
Hearing Loss,"Mild, moderate or severe (Variant 4082)?",8,2,3,3,0
Hearing Loss,How frequently does it occur (Variant 4083)?,3,4,1,6,1
Hearing Loss,When did it start worsening (Variant 4084)?,7,3,2,1,0
Hearing Loss,Any associated symptoms present (Variant 4085)?,0,5,3,2,1
Hearing Loss,Triggered by activity (Variant 4086)?,9,5,1,5,0
Hearing Loss,Localized or widespread (Variant 4087)?,5,1,2,8,1
Hearing Loss,Constant or intermittent (Variant 4088)?,6,0,3,0,0
Hearing Loss,Does it affect daily activities (Variant 4089)?,4,5,1,7,1
Hearing Loss,Any emergency warning signs (Variant 4090)?,2,5,2,4,0
Neck Pain,Since how many days (Variant 4091)?,1,3,3,3,1
Neck Pain,"Mild, moderate or severe (Variant 4092)?",8,2,1,6,0
Neck Pain,How frequently does it occur (Variant 4093)?,3,4,2,1,1
Neck Pain,When did it start worsening (Variant 4094)?,7,3,3,2,0
Neck Pain,Any associated symptoms present (Variant 4095)?,0,5,1,5,1
Neck Pain,Triggered by activity (Variant 4096)?,9,5,2,8,0
Neck Pain,Localized or widespread (Variant 4097)?,5,1,3,0,1
Neck Pain,Constant or intermittent (Variant 4098)?,6,0,1,7,0
Neck Pain,Does it affect daily activities (Variant 4099)?,4,5,2,4,1
Neck Pain,Any emergency warning signs (Variant 4100)?,2,5,3,3,0
Pelvic Pain,Since how many days (Variant 4101)?,1,3,1,6,1
Pelvic Pain,"Mild, moderate or severe (Variant 4102)?",8,2,2,1,0
Pelvic Pain,How frequently does it occur (Variant 4103)?,3,4,3,2,1
Pelvic Pain,When did it start worsening (Variant 4104)?,7,3,1,5,0
Pelvic Pain,Any associated symptoms present (Variant 4105)?,0,5,2,8,1
Pelvic Pain,Triggered by activity (Variant 4106)?,9,5,3,0,0
Pelvic Pain,Localized or widespread (Variant 4107)?,5,1,1,7,1
Pelvic Pain,Constant or intermittent (Variant 4108)?,6,0,2,4,0
Pelvic Pain,Does it affect daily activities (Variant 4109)?,4,5,3,3,1
Pelvic Pain,Any emergency warning signs (Variant 4110)?,2,5,1,6,0
Menstrual Irregularity,Since how many days (Variant 4111)?,1,3,2,1,1
Menstrual Irregularity,"Mild, moderate or severe (Variant 4112)?",8,2,3,2,0
Menstrual Irregularity,How frequently does it occur (Variant 4113)?,3,4,1,5,1
Menstrual Irregularity,When did it start worsening (Variant 4114)?,7,3,2,8,0
Menstrual Irregularity,Any associated symptoms present (Variant 4115)?,0,5,3,0,1
Menstrual Irregularity,Triggered by activity (Variant 4116)?,9,5,1,7,0
Menstrual Irregularity,Localized or widespread (Variant 4117)?,5,1,2,4,1
Menstrual Irregularity,Constant or intermittent (Variant 4118)?,6,0,3,3,0
Menstrual Irregularity,Does it affect daily activities (Variant 4119)?,4,5,1,6,1
Menstrual Irregularity,Any emergency warning signs (Variant 4120)?,2,5,2,1,0
Burning Urination,Since how many days (Variant 4121)?,1,3,3,2,1
Burning Urination,"Mild, moderate or severe (Variant 4122)?",8,2,1,5,0
Burning Urination,How frequently does it occur (Variant 4123)?,3,4,2,8,1
Burning Urination,When did it start worsening (Variant 4124)?,7,3,3,0,0
Burning Urination,Any associated symptoms present (Variant 4125)?,0,5,1,7,1
Burning Urination,Triggered by activity (Variant 4126)?,9,5,2,4,0
Burning Urination,Localized or widespread (Variant 4127)?,5,1,3,3,1
Burning Urination,Constant or intermittent (Variant 4128)?,6,0,1,6,0
Burning Urination,Does it affect daily activities (Variant 4129)?,4,5,2,1,1
Burning Urination,Any emergency warning signs (Variant 4130)?,2,5,3,2,0
Blood in Urine,Since how many days (Variant 4131)?,1,3,1,5,1
Blood in Urine,"Mild, moderate or severe (Variant 4132)?",8,2,2,8,0
Blood in Urine,How frequently does it occur (Variant 4133)?,3,4,3,0,1
Blood in Urine,When did it start worsening (Variant 4134)?,7,3,1,7,0
Blood in Urine,Any associated symptoms present (Variant 4135)?,0,5,2,4,1
Blood in Urine,Triggered by activity (Variant 4136)?,9,5,3,3,0
Blood in Urine,Localized or widespread (Variant 4137)?,5,1,1,6,1
Blood in Urine,Constant or intermittent (Variant 4138)?,6,0,2,1,0
Blood in Urine,Does it affect daily activities (Variant 4139)?,4,5,3,2,1
Blood in Urine,Any emergency warning signs (Variant 4140)?,2,5,1,5,0
Swollen Lymph Nodes,Since how many days (Variant 4141)?,1,3,2,8,1
Swollen Lymph Nodes,"Mild, moderate or severe (Variant 4142)?",8,2,3,0,0
Swollen Lymph Nodes,How frequently does it occur (Variant 4143)?,3,4,1,7,1
Swollen Lymph Nodes,When did it start worsening (Variant 4144)?,7,3,2,4,0
Swollen Lymph Nodes,Any associated symptoms present (Variant 4145)?,0,5,3,3,1
Swollen Lymph Nodes,Triggered by activity (Variant 4146)?,9,5,1,6,0
Swollen Lymph Nodes,Localized or widespread (Variant 4147)?,5,1,2,1,1
Swollen Lymph Nodes,Constant or intermittent (Variant 4148)?,6,0,3,2,0
Swollen Lymph Nodes,Does it affect daily activities (Variant 4149)?,4,5,1,5,1
Swollen Lymph Nodes,Any emergency warning signs (Variant 4150)?,2,5,2,8,0
Dry Mouth,Since how many days (Variant 4151)?,1,3,3,0,1
Dry Mouth,"Mild, moderate or severe (Variant 4152)?",8,2,1,7,0
Dry Mouth,How frequently does it occur (Variant 4153)?,3,4,2,4,1
Dry Mouth,When did it start worsening (Variant 4154)?,7,3,3,3,0
Dry Mouth,Any associated symptoms present (Variant 4155)?,0,5,1,6,1
Dry Mouth,Triggered by activity (Variant 4156)?,9,5,2,1,0
Dry Mouth,Localized or widespread (Variant 4157)?,5,1,3,2,1
Dry Mouth,Constant or intermittent (Variant 4158)?,6,0,1,5,0
Dry Mouth,Does it affect daily activities (Variant 4159)?,4,5,2,8,1
Dry Mouth,Any emergency warning signs (Variant 4160)?,2,5,3,0,0
Mouth Ulcers,Since how many days (Variant 4161)?,1,3,1,7,1
Mouth Ulcers,"Mild, moderate or severe (Variant 4162)?",8,2,2,4,0
Mouth Ulcers,How frequently does it occur (Variant 4163)?,3,4,3,3,1
Mouth Ulcers,When did it start worsening (Variant 4164)?,7,3,1,6,0
Mouth Ulcers,Any associated symptoms present (Variant 4165)?,0,5,2,1,1
Mouth Ulcers,Triggered by activity (Variant 4166)?,9,5,3,2,0
Mouth Ulcers,Localized or widespread (Variant 4167)?,5,1,1,5,1
Mouth Ulcers,Constant or intermittent (Variant 4168)?,6,0,2,8,0
Mouth Ulcers,Does it affect daily activities (Variant 4169)?,4,5,3,0,1
Mouth Ulcers,Any emergency warning signs (Variant 4170)?,2,5,1,7,0
Difficulty Swallowing,Since how many days (Variant 4171)?,1,3,2,4,1
Difficulty Swallowing,"Mild, moderate or severe (Variant 4172)?",8,2,3,3,0
Difficulty Swallowing,How frequently does it occur (Variant 4173)?,3,4,1,6,1
Difficulty Swallowing,When did it start worsening (Variant 4174)?,7,3,2,1,0
Difficulty Swallowing,Any associated symptoms present (Variant 4175)?,0,5,3,2,1
Difficulty Swallowing,Triggered by activity (Variant 4176)?,9,5,1,5,0
Difficulty Swallowing,Localized or widespread (Variant 4177)?,5,1,2,8,1
Difficulty Swallowing,Constant or intermittent (Variant 4178)?,6,0,3,0,0
Difficulty Swallowing,Does it affect daily activities (Variant 4179)?,4,5,1,7,1
Difficulty Swallowing,Any emergency warning signs (Variant 4180)?,2,5,2,4,0
Cyanosis,Since how many days (Variant 4181)?,1,3,3,3,1
Cyanosis,"Mild, moderate or severe (Variant 4182)?",8,2,1,6,0
Cyanosis,How frequently does it occur (Variant 4183)?,3,4,2,1,1
Cyanosis,When did it start worsening (Variant 4184)?,7,3,3,2,0
Cyanosis,Any associated symptoms present (Variant 4185)?,0,5,1,5,1
Cyanosis,Triggered by activity (Variant 4186)?,9,5,2,8,0
Cyanosis,Localized or widespread (Variant 4187)?,5,1,3,0,1
Cyanosis,Constant or intermittent (Variant 4188)?,6,0,1,7,0
Cyanosis,Does it affect daily activities (Variant 4189)?,4,5,2,4,1
Cyanosis,Any emergency warning signs (Variant 4190)?,2,5,3,3,0
Severe Bleeding,Since how many days (Variant 4191)?,1,3,1,6,1
Severe Bleeding,"Mild, moderate or severe (Variant 4192)?",8,2,2,1,0
Severe Bleeding,How frequently does it occur (Variant 4193)?,3,4,3,2,1
Severe Bleeding,When did it start worsening (Variant 4194)?,7,3,1,5,0
Severe Bleeding,Any associated symptoms present (Variant 4195)?,0,5,2,8,1
Severe Bleeding,Triggered by activity (Variant 4196)?,9,5,3,0,0
Severe Bleeding,Localized or widespread (Variant 4197)?,5,1,1,7,1
Severe Bleeding,Constant or intermittent (Variant 4198)?,6,0,2,4,0
Severe Bleeding,Does it affect daily activities (Variant 4199)?,4,5,3,3,1
Severe Bleeding,Any emergency warning signs (Variant 4200)?,2,5,1,6,0
Fever,Since how many days (Variant 4201)?,1,3,2,8,1
Fever,"Mild, moderate or severe (Variant 4202)?",8,2,3,0,0
Fever,How frequently does it occur (Variant 4203)?,3,4,1,7,1
Fever,When did it start worsening (Variant 4204)?,7,3,2,4,0
Fever,Any associated symptoms present (Variant 4205)?,0,5,3,3,1
Fever,Triggered by activity (Variant 4206)?,9,5,1,6,0
Fever,Localized or widespread (Variant 4207)?,5,1,2,1,1
Fever,Constant or intermittent (Variant 4208)?,6,0,3,2,0
Fever,Does it affect daily activities (Variant 4209)?,4,5,1,5,1
Fever,Any emergency warning signs (Variant 4210)?,2,5,2,8,0
Cough,Since how many days (Variant 4211)?,1,3,3,0,1
Cough,"Mild, moderate or severe (Variant 4212)?",8,2,1,7,0
Cough,How frequently does it occur (Variant 4213)?,3,4,2,4,1
Cough,When did it start worsening (Variant 4214)?,7,3,3,3,0
Cough,Any associated symptoms present (Variant 4215)?,0,5,1,6,1
Cough,Triggered by activity (Variant 4216)?,9,5,2,1,0
Cough,Localized or widespread (Variant 4217)?,5,1,3,2,1
Cough,Constant or intermittent (Variant 4218)?,6,0,1,5,0
Cough,Does it affect daily activities (Variant 4219)?,4,5,2,8,1
Cough,Any emergency warning signs (Variant 4220)?,2,5,3,0,0
Fatigue,Since how many days (Variant 4221)?,1,3,1,7,1
Fatigue,"Mild, moderate or severe (Variant 4222)?",8,2,2,4,0
Fatigue,How frequently does it occur (Variant 4223)?,3,4,3,3,1
Fatigue,When did it start worsening (Variant 4224)?,7,3,1,6,0
Fatigue,Any associated symptoms present (Variant 4225)?,0,5,2,1,1
Fatigue,Triggered by activity (Variant 4226)?,9,5,3,2,0
Fatigue,Localized or widespread (Variant 4227)?,5,1,1,5,1
Fatigue,Constant or intermittent (Variant 4228)?,6,0,2,8,0
Fatigue,Does it affect daily activities (Variant 4229)?,4,5,3,0,1
Fatigue,Any emergency warning signs (Variant 4230)?,2,5,1,7,0
Breathlessness,Since how many days (Variant 4231)?,1,3,2,4,1
Breathlessness,"Mild, moderate or severe (Variant 4232)?",8,2,3,3,0
Breathlessness,How frequently does it occur (Variant 4233)?,3,4,1,6,1
Breathlessness,When did it start worsening (Variant 4234)?,7,3,2,1,0
Breathlessness,Any associated symptoms present (Variant 4235)?,0,5,3,2,1
Breathlessness,Triggered by activity (Variant 4236)?,9,5,1,5,0
Breathlessness,Localized or widespread (Variant 4237)?,5,1,2,8,1
Breathlessness,Constant or intermittent (Variant 4238)?,6,0,3,0,0
Breathlessness,Does it affect daily activities (Variant 4239)?,4,5,1,7,1
Breathlessness,Any emergency warning signs (Variant 4240)?,2,5,2,4,0
Chest Pain,Since how many days (Variant 4241)?,1,3,3,3,1
Chest Pain,"Mild, moderate or severe (Variant 4242)?",8,2,1,6,0
Chest Pain,How frequently does it occur (Variant 4243)?,3,4,2,1,1
Chest Pain,When did it start worsening (Variant 4244)?,7,3,3,2,0
Chest Pain,Any associated symptoms present (Variant 4245)?,0,5,1,5,1
Chest Pain,Triggered by activity (Variant 4246)?,9,5,2,8,0
Chest Pain,Localized or widespread (Variant 4247)?,5,1,3,0,1
Chest Pain,Constant or intermittent (Variant 4248)?,6,0,1,7,0
Chest Pain,Does it affect daily activities (Variant 4249)?,4,5,2,4,1
Chest Pain,Any emergency warning signs (Variant 4250)?,2,5,3,3,0
Headache,Since how many days (Variant 4251)?,1,3,1,6,1
Headache,"Mild, moderate or severe (Variant 4252)?",8,2,2,1,0
Headache,How frequently does it occur (Variant 4253)?,3,4,3,2,1
Headache,When did it start worsening (Variant 4254)?,7,3,1,5,0
Headache,Any associated symptoms present (Variant 4255)?,0,5,2,8,1
Headache,Triggered by activity (Variant 4256)?,9,5,3,0,0
Headache,Localized or widespread (Variant 4257)?,5,1,1,7,1
Headache,Constant or intermittent (Variant 4258)?,6,0,2,4,0
Headache,Does it affect daily activities (Variant 4259)?,4,5,3,3,1
Headache,Any emergency warning signs (Variant 4260)?,2,5,1,6,0
Dizziness,Since how many days (Variant 4261)?,1,3,2,1,1
Dizziness,"Mild, moderate or severe (Variant 4262)?",8,2,3,2,0
Dizziness,How frequently does it occur (Variant 4263)?,3,4,1,5,1
Dizziness,When did it start worsening (Variant 4264)?,7,3,2,8,0
Dizziness,Any associated symptoms present (Variant 4265)?,0,5,3,0,1
Dizziness,Triggered by activity (Variant 4266)?,9,5,1,7,0
Dizziness,Localized or widespread (Variant 4267)?,5,1,2,4,1
Dizziness,Constant or intermittent (Variant 4268)?,6,0,3,3,0
Dizziness,Does it affect daily activities (Variant 4269)?,4,5,1,6,1
Dizziness,Any emergency warning signs (Variant 4270)?,2,5,2,1,0
Nausea,Since how many days (Variant 4271)?,1,3,3,2,1
Nausea,"Mild, moderate or severe (Variant 4272)?",8,2,1,5,0
Nausea,How frequently does it occur (Variant 4273)?,3,4,2,8,1
Nausea,When did it start worsening (Variant 4274)?,7,3,3,0,0
Nausea,Any associated symptoms present (Variant 4275)?,0,5,1,7,1
Nausea,Triggered by activity (Variant 4276)?,9,5,2,4,0
Nausea,Localized or widespread (Variant 4277)?,5,1,3,3,1
Nausea,Constant or intermittent (Variant 4278)?,6,0,1,6,0
Nausea,Does it affect daily activities (Variant 4279)?,4,5,2,1,1
Nausea,Any emergency warning signs (Variant 4280)?,2,5,3,2,0
Vomiting,Since how many days (Variant 4281)?,1,3,1,5,1
Vomiting,"Mild, moderate or severe (Variant 4282)?",8,2,2,8,0
Vomiting,How frequently does it occur (Variant 4283)?,3,4,3,0,1
Vomiting,When did it start worsening (Variant 4284)?,7,3,1,7,0
Vomiting,Any associated symptoms present (Variant 4285)?,0,5,2,4,1
Vomiting,Triggered by activity (Variant 4286)?,9,5,3,3,0
Vomiting,Localized or widespread (Variant 4287)?,5,1,1,6,1
Vomiting,Constant or intermittent (Variant 4288)?,6,0,2,1,0
Vomiting,Does it affect daily activities (Variant 4289)?,4,5,3,2,1
Vomiting,Any emergency warning signs (Variant 4290)?,2,5,1,5,0
Diarrhea,Since how many days (Variant 4291)?,1,3,2,8,1
Diarrhea,"Mild, moderate or severe (Variant 4292)?",8,2,3,0,0
Diarrhea,How frequently does it occur (Variant 4293)?,3,4,1,7,1
Diarrhea,When did it start worsening (Variant 4294)?,7,3,2,4,0
Diarrhea,Any associated symptoms present (Variant 4295)?,0,5,3,3,1
Diarrhea,Triggered by activity (Variant 4296)?,9,5,1,6,0
Diarrhea,Localized or widespread (Variant 4297)?,5,1,2,1,1
Diarrhea,Constant or intermittent (Variant 4298)?,6,0,3,2,0
Diarrhea,Does it affect daily activities (Variant 4299)?,4,5,1,5,1
Diarrhea,Any emergency warning signs (Variant 4300)?,2,5,2,8,0
Constipation,Since how many days (Variant 4301)?,1,3,3,0,1
Constipation,"Mild, moderate or severe (Variant 4302)?",8,2,1,7,0
Constipation,How frequently does it occur (Variant 4303)?,3,4,2,4,1
Constipation,When did it start worsening (Variant 4304)?,7,3,3,3,0
Constipation,Any associated symptoms present (Variant 4305)?,0,5,1,6,1
Constipation,Triggered by activity (Variant 4306)?,9,5,2,1,0
Constipation,Localized or widespread (Variant 4307)?,5,1,3,2,1
Constipation,Constant or intermittent (Variant 4308)?,6,0,1,5,0
Constipation,Does it affect daily activities (Variant 4309)?,4,5,2,8,1
Constipation,Any emergency warning signs (Variant 4310)?,2,5,3,0,0
Abdominal Pain,Since how many days (Variant 4311)?,1,3,1,7,1
Abdominal Pain,"Mild, moderate or severe (Variant 4312)?",8,2,2,4,0
Abdominal Pain,How frequently does it occur (Variant 4313)?,3,4,3,3,1
Abdominal Pain,When did it start worsening (Variant 4314)?,7,3,1,6,0
Abdominal Pain,Any associated symptoms present (Variant 4315)?,0,5,2,1,1
Abdominal Pain,Triggered by activity (Variant 4316)?,9,5,3,2,0
Abdominal Pain,Localized or widespread (Variant 4317)?,5,1,1,5,1
Abdominal Pain,Constant or intermittent (Variant 4318)?,6,0,2,8,0
Abdominal Pain,Does it affect daily activities (Variant 4319)?,4,5,3,0,1
Abdominal Pain,Any emergency warning signs (Variant 4320)?,2,5,1,7,0
Back Pain,Since how many days (Variant 4321)?,1,3,2,4,1
Back Pain,"Mild, moderate or severe (Variant 4322)?",8,2,3,3,0
Back Pain,How frequently does it occur (Variant 4323)?,3,4,1,6,1
Back Pain,When did it start worsening (Variant 4324)?,7,3,2,1,0
Back Pain,Any associated symptoms present (Variant 4325)?,0,5,3,2,1
Back Pain,Triggered by activity (Variant 4326)?,9,5,1,5,0
Back Pain,Localized or widespread (Variant 4327)?,5,1,2,8,1
Back Pain,Constant or intermittent (Variant 4328)?,6,0,3,0,0
Back Pain,Does it affect daily activities (Variant 4329)?,4,5,1,7,1
Back Pain,Any emergency warning signs (Variant 4330)?,2,5,2,4,0
Joint Pain,Since how many days (Variant 4331)?,1,3,3,3,1
Joint Pain,"Mild, moderate or severe (Variant 4332)?",8,2,1,6,0
Joint Pain,How frequently does it occur (Variant 4333)?,3,4,2,1,1
Joint Pain,When did it start worsening (Variant 4334)?,7,3,3,2,0
Joint Pain,Any associated symptoms present (Variant 4335)?,0,5,1,5,1
Joint Pain,Triggered by activity (Variant 4336)?,9,5,2,8,0
Joint Pain,Localized or widespread (Variant 4337)?,5,1,3,0,1
Joint Pain,Constant or intermittent (Variant 4338)?,6,0,1,7,0
Joint Pain,Does it affect daily activities (Variant 4339)?,4,5,2,4,1
Joint Pain,Any emergency warning signs (Variant 4340)?,2,5,3,3,0
Muscle Pain,Since how many days (Variant 4341)?,1,3,1,6,1
Muscle Pain,"Mild, moderate or severe (Variant 4342)?",8,2,2,1,0
Muscle Pain,How frequently does it occur (Variant 4343)?,3,4,3,2,1
Muscle Pain,When did it start worsening (Variant 4344)?,7,3,1,5,0
Muscle Pain,Any associated symptoms present (Variant 4345)?,0,5,2,8,1
Muscle Pain,Triggered by activity (Variant 4346)?,9,5,3,0,0
Muscle Pain,Localized or widespread (Variant 4347)?,5,1,1,7,1
Muscle Pain,Constant or intermittent (Variant 4348)?,6,0,2,4,0
Muscle Pain,Does it affect daily activities (Variant 4349)?,4,5,3,3,1
Muscle Pain,Any emergency warning signs (Variant 4350)?,2,5,1,6,0
Palpitations,Since how many days (Variant 4351)?,1,3,2,1,1
Palpitations,"Mild, moderate or severe (Variant 4352)?",8,2,3,2,0
Palpitations,How frequently does it occur (Variant 4353)?,3,4,1,5,1
Palpitations,When did it start worsening (Variant 4354)?,7,3,2,8,0
Palpitations,Any associated symptoms present (Variant 4355)?,0,5,3,0,1
Palpitations,Triggered by activity (Variant 4356)?,9,5,1,7,0
Palpitations,Localized or widespread (Variant 4357)?,5,1,2,4,1
Palpitations,Constant or intermittent (Variant 4358)?,6,0,3,3,0
Palpitations,Does it affect daily activities (Variant 4359)?,4,5,1,6,1
Palpitations,Any emergency warning signs (Variant 4360)?,2,5,2,1,0
Leg Swelling,Since how many days (Variant 4361)?,1,3,3,2,1
Leg Swelling,"Mild, moderate or severe (Variant 4362)?",8,2,1,5,0
Leg Swelling,How frequently does it occur (Variant 4363)?,3,4,2,8,1
Leg Swelling,When did it start worsening (Variant 4364)?,7,3,3,0,0
Leg Swelling,Any associated symptoms present (Variant 4365)?,0,5,1,7,1
Leg Swelling,Triggered by activity (Variant 4366)?,9,5,2,4,0
Leg Swelling,Localized or widespread (Variant 4367)?,5,1,3,3,1
Leg Swelling,Constant or intermittent (Variant 4368)?,6,0,1,6,0
Leg Swelling,Does it affect daily activities (Variant 4369)?,4,5,2,1,1
Leg Swelling,Any emergency warning signs (Variant 4370)?,2,5,3,2,0
Syncope,Since how many days (Variant 4371)?,1,3,1,5,1
Syncope,"Mild, moderate or severe (Variant 4372)?",8,2,2,8,0
Syncope,How frequently does it occur (Variant 4373)?,3,4,3,0,1
Syncope,When did it start worsening (Variant 4374)?,7,3,1,7,0
Syncope,Any associated symptoms present (Variant 4375)?,0,5,2,4,1
Syncope,Triggered by activity (Variant 4376)?,9,5,3,3,0
Syncope,Localized or widespread (Variant 4377)?,5,1,1,6,1
Syncope,Constant or intermittent (Variant 4378)?,6,0,2,1,0
Syncope,Does it affect daily activities (Variant 4379)?,4,5,3,2,1
Syncope,Any emergency warning signs (Variant 4380)?,2,5,1,5,0
Wheezing,Since how many days (Variant 4381)?,1,3,2,8,1
Wheezing,"Mild, moderate or severe (Variant 4382)?",8,2,3,0,0
Wheezing,How frequently does it occur (Variant 4383)?,3,4,1,7,1
Wheezing,When did it start worsening (Variant 4384)?,7,3,2,4,0
Wheezing,Any associated symptoms present (Variant 4385)?,0,5,3,3,1
Wheezing,Triggered by activity (Variant 4386)?,9,5,1,6,0
Wheezing,Localized or widespread (Variant 4387)?,5,1,2,1,1
Wheezing,Constant or intermittent (Variant 4388)?,6,0,3,2,0
Wheezing,Does it affect daily activities (Variant 4389)?,4,5,1,5,1
Wheezing,Any emergency warning signs (Variant 4390)?,2,5,2,8,0
Sore Throat,Since how many days (Variant 4391)?,1,3,3,0,1
Sore Throat,"Mild, moderate or severe (Variant 4392)?",8,2,1,7,0
Sore Throat,How frequently does it occur (Variant 4393)?,3,4,2,4,1
Sore Throat,When did it start worsening (Variant 4394)?,7,3,3,3,0
Sore Throat,Any associated symptoms present (Variant 4395)?,0,5,1,6,1
Sore Throat,Triggered by activity (Variant 4396)?,9,5,2,1,0
Sore Throat,Localized or widespread (Variant 4397)?,5,1,3,2,1
Sore Throat,Constant or intermittent (Variant 4398)?,6,0,1,5,0
Sore Throat,Does it affect daily activities (Variant 4399)?,4,5,2,8,1
Sore Throat,Any emergency warning signs (Variant 4400)?,2,5,3,0,0
Runny Nose,Since how many days (Variant 4401)?,1,3,1,7,1
Runny Nose,"Mild, moderate or severe (Variant 4402)?",8,2,2,4,0
Runny Nose,How frequently does it occur (Variant 4403)?,3,4,3,3,1
Runny Nose,When did it start worsening (Variant 4404)?,7,3,1,6,0
Runny Nose,Any associated symptoms present (Variant 4405)?,0,5,2,1,1
Runny Nose,Triggered by activity (Variant 4406)?,9,5,3,2,0
Runny Nose,Localized or widespread (Variant 4407)?,5,1,1,5,1
Runny Nose,Constant or intermittent (Variant 4408)?,6,0,2,8,0
Runny Nose,Does it affect daily activities (Variant 4409)?,4,5,3,0,1
Runny Nose,Any emergency warning signs (Variant 4410)?,2,5,1,7,0
Nasal Congestion,Since how many days (Variant 4411)?,1,3,2,4,1
Nasal Congestion,"Mild, moderate or severe (Variant 4412)?",8,2,3,3,0
Nasal Congestion,How frequently does it occur (Variant 4413)?,3,4,1,6,1
Nasal Congestion,When did it start worsening (Variant 4414)?,7,3,2,1,0
Nasal Congestion,Any associated symptoms present (Variant 4415)?,0,5,3,2,1
Nasal Congestion,Triggered by activity (Variant 4416)?,9,5,1,5,0
Nasal Congestion,Localized or widespread (Variant 4417)?,5,1,2,8,1
Nasal Congestion,Constant or intermittent (Variant 4418)?,6,0,3,0,0
Nasal Congestion,Does it affect daily activities (Variant 4419)?,4,5,1,7,1
Nasal Congestion,Any emergency warning signs (Variant 4420)?,2,5,2,4,0
Chills,Since how many days (Variant 4421)?,1,3,3,3,1
Chills,"Mild, moderate or severe (Variant 4422)?",8,2,1,6,0
Chills,How frequently does it occur (Variant 4423)?,3,4,2,1,1
Chills,When did it start worsening (Variant 4424)?,7,3,3,2,0
Chills,Any associated symptoms present (Variant 4425)?,0,5,1,5,1
Chills,Triggered by activity (Variant 4426)?,9,5,2,8,0
Chills,Localized or widespread (Variant 4427)?,5,1,3,0,1
Chills,Constant or intermittent (Variant 4428)?,6,0,1,7,0
Chills,Does it affect daily activities (Variant 4429)?,4,5,2,4,1
Chills,Any emergency warning signs (Variant 4430)?,2,5,3,3,0
Night Sweats,Since how many days (Variant 4431)?,1,3,1,6,1
Night Sweats,"Mild, moderate or severe (Variant 4432)?",8,2,2,1,0
Night Sweats,How frequently does it occur (Variant 4433)?,3,4,3,2,1
Night Sweats,When did it start worsening (Variant 4434)?,7,3,1,5,0
Night Sweats,Any associated symptoms present (Variant 4435)?,0,5,2,8,1
Night Sweats,Triggered by activity (Variant 4436)?,9,5,3,0,0
Night Sweats,Localized or widespread (Variant 4437)?,5,1,1,7,1
Night Sweats,Constant or intermittent (Variant 4438)?,6,0,2,4,0
Night Sweats,Does it affect daily activities (Variant 4439)?,4,5,3,3,1
Night Sweats,Any emergency warning signs (Variant 4440)?,2,5,1,6,0
Weight Loss,Since how many days (Variant 4441)?,1,3,2,1,1
Weight Loss,"Mild, moderate or severe (Variant 4442)?",8,2,3,2,0
Weight Loss,How frequently does it occur (Variant 4443)?,3,4,1,5,1
Weight Loss,When did it start worsening (Variant 4444)?,7,3,2,8,0
Weight Loss,Any associated symptoms present (Variant 4445)?,0,5,3,0,1
Weight Loss,Triggered by activity (Variant 4446)?,9,5,1,7,0
Weight Loss,Localized or widespread (Variant 4447)?,5,1,2,4,1
Weight Loss,Constant or intermittent (Variant 4448)?,6,0,3,3,0
Weight Loss,Does it affect daily activities (Variant 4449)?,4,5,1,6,1
Weight Loss,Any emergency warning signs (Variant 4450)?,2,5,2,1,0
Loss of Appetite,Since how many days (Variant 4451)?,1,3,3,2,1
Loss of Appetite,"Mild, moderate or severe (Variant 4452)?",8,2,1,5,0
Loss of Appetite,How frequently does it occur (Variant 4453)?,3,4,2,8,1
Loss of Appetite,When did it start worsening (Variant 4454)?,7,3,3,0,0
Loss of Appetite,Any associated symptoms present (Variant 4455)?,0,5,1,7,1
Loss of Appetite,Triggered by activity (Variant 4456)?,9,5,2,4,0
Loss of Appetite,Localized or widespread (Variant 4457)?,5,1,3,3,1
Loss of Appetite,Constant or intermittent (Variant 4458)?,6,0,1,6,0
Loss of Appetite,Does it affect daily activities (Variant 4459)?,4,5,2,1,1
Loss of Appetite,Any emergency warning signs (Variant 4460)?,2,5,3,2,0
Weakness,Since how many days (Variant 4461)?,1,3,1,5,1
Weakness,"Mild, moderate or severe (Variant 4462)?",8,2,2,8,0
Weakness,How frequently does it occur (Variant 4463)?,3,4,3,0,1
Weakness,When did it start worsening (Variant 4464)?,7,3,1,7,0
Weakness,Any associated symptoms present (Variant 4465)?,0,5,2,4,1
Weakness,Triggered by activity (Variant 4466)?,9,5,3,3,0
Weakness,Localized or widespread (Variant 4467)?,5,1,1,6,1
Weakness,Constant or intermittent (Variant 4468)?,6,0,2,1,0
Weakness,Does it affect daily activities (Variant 4469)?,4,5,3,2,1
Weakness,Any emergency warning signs (Variant 4470)?,2,5,1,5,0
Confusion,Since how many days (Variant 4471)?,1,3,2,8,1
Confusion,"Mild, moderate or severe (Variant 4472)?",8,2,3,0,0
Confusion,How frequently does it occur (Variant 4473)?,3,4,1,7,1
Confusion,When did it start worsening (Variant 4474)?,7,3,2,4,0
Confusion,Any associated symptoms present (Variant 4475)?,0,5,3,3,1
Confusion,Triggered by activity (Variant 4476)?,9,5,1,6,0
Confusion,Localized or widespread (Variant 4477)?,5,1,2,1,1
Confusion,Constant or intermittent (Variant 4478)?,6,0,3,2,0
Confusion,Does it affect daily activities (Variant 4479)?,4,5,1,5,1
Confusion,Any emergency warning signs (Variant 4480)?,2,5,2,8,0
Memory Loss,Since how many days (Variant 4481)?,1,3,3,0,1
Memory Loss,"Mild, moderate or severe (Variant 4482)?",8,2,1,7,0
Memory Loss,How frequently does it occur (Variant 4483)?,3,4,2,4,1
Memory Loss,When did it start worsening (Variant 4484)?,7,3,3,3,0
Memory Loss,Any associated symptoms present (Variant 4485)?,0,5,1,6,1
Memory Loss,Triggered by activity (Variant 4486)?,9,5,2,1,0
Memory Loss,Localized or widespread (Variant 4487)?,5,1,3,2,1
Memory Loss,Constant or intermittent (Variant 4488)?,6,0,1,5,0
Memory Loss,Does it affect daily activities (Variant 4489)?,4,5,2,8,1
Memory Loss,Any emergency warning signs (Variant 4490)?,2,5,3,0,0
Seizure,Since how many days (Variant 4491)?,1,3,1,7,1
Seizure,"Mild, moderate or severe (Variant 4492)?",8,2,2,4,0
Seizure,How frequently does it occur (Variant 4493)?,3,4,3,3,1
Seizure,When did it start worsening (Variant 4494)?,7,3,1,6,0
Seizure,Any associated symptoms present (Variant 4495)?,0,5,2,1,1
Seizure,Triggered by activity (Variant 4496)?,9,5,3,2,0
Seizure,Localized or widespread (Variant 4497)?,5,1,1,5,1
Seizure,Constant or intermittent (Variant 4498)?,6,0,2,8,0
Seizure,Does it affect daily activities (Variant 4499)?,4,5,3,0,1
Seizure,Any emergency warning signs (Variant 4500)?,2,5,1,7,0
Numbness,Since how many days (Variant 4501)?,1,3,2,4,1
Numbness,"Mild, moderate or severe (Variant 4502)?",8,2,3,3,0
Numbness,How frequently does it occur (Variant 4503)?,3,4,1,6,1
Numbness,When did it start worsening (Variant 4504)?,7,3,2,1,0
Numbness,Any associated symptoms present (Variant 4505)?,0,5,3,2,1
Numbness,Triggered by activity (Variant 4506)?,9,5,1,5,0
Numbness,Localized or widespread (Variant 4507)?,5,1,2,8,1
Numbness,Constant or intermittent (Variant 4508)?,6,0,3,0,0
Numbness,Does it affect daily activities (Variant 4509)?,4,5,1,7,1
Numbness,Any emergency warning signs (Variant 4510)?,2,5,2,4,0
Tingling,Since how many days (Variant 4511)?,1,3,3,3,1
Tingling,"Mild, moderate or severe (Variant 4512)?",8,2,1,6,0
Tingling,How frequently does it occur (Variant 4513)?,3,4,2,1,1
Tingling,When did it start worsening (Variant 4514)?,7,3,3,2,0
Tingling,Any associated symptoms present (Variant 4515)?,0,5,1,5,1
Tingling,Triggered by activity (Variant 4516)?,9,5,2,8,0
Tingling,Localized or widespread (Variant 4517)?,5,1,3,0,1
Tingling,Constant or intermittent (Variant 4518)?,6,0,1,7,0
Tingling,Does it affect daily activities (Variant 4519)?,4,5,2,4,1
Tingling,Any emergency warning signs (Variant 4520)?,2,5,3,3,0
Tremor,Since how many days (Variant 4521)?,1,3,1,6,1
Tremor,"Mild, moderate or severe (Variant 4522)?",8,2,2,1,0
Tremor,How frequently does it occur (Variant 4523)?,3,4,3,2,1
Tremor,When did it start worsening (Variant 4524)?,7,3,1,5,0
Tremor,Any associated symptoms present (Variant 4525)?,0,5,2,8,1
Tremor,Triggered by activity (Variant 4526)?,9,5,3,0,0
Tremor,Localized or widespread (Variant 4527)?,5,1,1,7,1
Tremor,Constant or intermittent (Variant 4528)?,6,0,2,4,0
Tremor,Does it affect daily activities (Variant 4529)?,4,5,3,3,1
Tremor,Any emergency warning signs (Variant 4530)?,2,5,1,6,0
Facial Droop,Since how many days (Variant 4531)?,1,3,2,1,1
Facial Droop,"Mild, moderate or severe (Variant 4532)?",8,2,3,2,0
Facial Droop,How frequently does it occur (Variant 4533)?,3,4,1,5,1
Facial Droop,When did it start worsening (Variant 4534)?,7,3,2,8,0
Facial Droop,Any associated symptoms present (Variant 4535)?,0,5,3,0,1
Facial Droop,Triggered by activity (Variant 4536)?,9,5,1,7,0
Facial Droop,Localized or widespread (Variant 4537)?,5,1,2,4,1
Facial Droop,Constant or intermittent (Variant 4538)?,6,0,3,3,0
Facial Droop,Does it affect daily activities (Variant 4539)?,4,5,1,6,1
Facial Droop,Any emergency warning signs (Variant 4540)?,2,5,2,1,0
Blurred Vision,Since how many days (Variant 4541)?,1,3,3,2,1
Blurred Vision,"Mild, moderate or severe (Variant 4542)?",8,2,1,5,0
Blurred Vision,How frequently does it occur (Variant 4543)?,3,4,2,8,1
Blurred Vision,When did it start worsening (Variant 4544)?,7,3,3,0,0
Blurred Vision,Any associated symptoms present (Variant 4545)?,0,5,1,7,1
Blurred Vision,Triggered by activity (Variant 4546)?,9,5,2,4,0
Blurred Vision,Localized or widespread (Variant 4547)?,5,1,3,3,1
Blurred Vision,Constant or intermittent (Variant 4548)?,6,0,1,6,0
Blurred Vision,Does it affect daily activities (Variant 4549)?,4,5,2,1,1
Blurred Vision,Any emergency warning signs (Variant 4550)?,2,5,3,2,0
Frequent Urination,Since how many days (Variant 4551)?,1,3,1,5,1
Frequent Urination,"Mild, moderate or severe (Variant 4552)?",8,2,2,8,0
Frequent Urination,How frequently does it occur (Variant 4553)?,3,4,3,0,1
Frequent Urination,When did it start worsening (Variant 4554)?,7,3,1,7,0
Frequent Urination,Any associated symptoms present (Variant 4555)?,0,5,2,4,1
Frequent Urination,Triggered by activity (Variant 4556)?,9,5,3,3,0
Frequent Urination,Localized or widespread (Variant 4557)?,5,1,1,6,1
Frequent Urination,Constant or intermittent (Variant 4558)?,6,0,2,1,0
Frequent Urination,Does it affect daily activities (Variant 4559)?,4,5,3,2,1
Frequent Urination,Any emergency warning signs (Variant 4560)?,2,5,1,5,0
Excess Thirst,Since how many days (Variant 4561)?,1,3,2,8,1
Excess Thirst,"Mild, moderate or severe (Variant 4562)?",8,2,3,0,0
Excess Thirst,How frequently does it occur (Variant 4563)?,3,4,1,7,1
Excess Thirst,When did it start worsening (Variant 4564)?,7,3,2,4,0
Excess Thirst,Any associated symptoms present (Variant 4565)?,0,5,3,3,1
Excess Thirst,Triggered by activity (Variant 4566)?,9,5,1,6,0
Excess Thirst,Localized or widespread (Variant 4567)?,5,1,2,1,1
Excess Thirst,Constant or intermittent (Variant 4568)?,6,0,3,2,0
Excess Thirst,Does it affect daily activities (Variant 4569)?,4,5,1,5,1
Excess Thirst,Any emergency warning signs (Variant 4570)?,2,5,2,8,0
Heat Intolerance,Since how many days (Variant 4571)?,1,3,3,0,1
Heat Intolerance,"Mild, moderate or severe (Variant 4572)?",8,2,1,7,0
Heat Intolerance,How frequently does it occur (Variant 4573)?,3,4,2,4,1
Heat Intolerance,When did it start worsening (Variant 4574)?,7,3,3,3,0
Heat Intolerance,Any associated symptoms present (Variant 4575)?,0,5,1,6,1
Heat Intolerance,Triggered by activity (Variant 4576)?,9,5,2,1,0
Heat Intolerance,Localized or widespread (Variant 4577)?,5,1,3,2,1
Heat Intolerance,Constant or intermittent (Variant 4578)?,6,0,1,5,0
Heat Intolerance,Does it affect daily activities (Variant 4579)?,4,5,2,8,1
Heat Intolerance,Any emergency warning signs (Variant 4580)?,2,5,3,0,0
Cold Intolerance,Since how many days (Variant 4581)?,1,3,1,7,1
Cold Intolerance,"Mild, moderate or severe (Variant 4582)?",8,2,2,4,0
Cold Intolerance,How frequently does it occur (Variant 4583)?,3,4,3,3,1
Cold Intolerance,When did it start worsening (Variant 4584)?,7,3,1,6,0
Cold Intolerance,Any associated symptoms present (Variant 4585)?,0,5,2,1,1
Cold Intolerance,Triggered by activity (Variant 4586)?,9,5,3,2,0
Cold Intolerance,Localized or widespread (Variant 4587)?,5,1,1,5,1
Cold Intolerance,Constant or intermittent (Variant 4588)?,6,0,2,8,0
Cold Intolerance,Does it affect daily activities (Variant 4589)?,4,5,3,0,1
Cold Intolerance,Any emergency warning signs (Variant 4590)?,2,5,1,7,0
Rash,Since how many days (Variant 4591)?,1,3,2,4,1
Rash,"Mild, moderate or severe (Variant 4592)?",8,2,3,3,0
Rash,How frequently does it occur (Variant 4593)?,3,4,1,6,1
Rash,When did it start worsening (Variant 4594)?,7,3,2,1,0
Rash,Any associated symptoms present (Variant 4595)?,0,5,3,2,1
Rash,Triggered by activity (Variant 4596)?,9,5,1,5,0
Rash,Localized or widespread (Variant 4597)?,5,1,2,8,1
Rash,Constant or intermittent (Variant 4598)?,6,0,3,0,0
Rash,Does it affect daily activities (Variant 4599)?,4,5,1,7,1
Rash,Any emergency warning signs (Variant 4600)?,2,5,2,4,0
Itching,Since how many days (Variant 4601)?,1,3,3,3,1
Itching,"Mild, moderate or severe (Variant 4602)?",8,2,1,6,0
Itching,How frequently does it occur (Variant 4603)?,3,4,2,1,1
Itching,When did it start worsening (Variant 4604)?,7,3,3,2,0
Itching,Any associated symptoms present (Variant 4605)?,0,5,1,5,1
Itching,Triggered by activity (Variant 4606)?,9,5,2,8,0
Itching,Localized or widespread (Variant 4607)?,5,1,3,0,1
Itching,Constant or intermittent (Variant 4608)?,6,0,1,7,0
Itching,Does it affect daily activities (Variant 4609)?,4,5,2,4,1
Itching,Any emergency warning signs (Variant 4610)?,2,5,3,3,0
Skin Lesions,Since how many days (Variant 4611)?,1,3,1,6,1
Skin Lesions,"Mild, moderate or severe (Variant 4612)?",8,2,2,1,0
Skin Lesions,How frequently does it occur (Variant 4613)?,3,4,3,2,1
Skin Lesions,When did it start worsening (Variant 4614)?,7,3,1,5,0
Skin Lesions,Any associated symptoms present (Variant 4615)?,0,5,2,8,1
Skin Lesions,Triggered by activity (Variant 4616)?,9,5,3,0,0
Skin Lesions,Localized or widespread (Variant 4617)?,5,1,1,7,1
Skin Lesions,Constant or intermittent (Variant 4618)?,6,0,2,4,0
Skin Lesions,Does it affect daily activities (Variant 4619)?,4,5,3,3,1
Skin Lesions,Any emergency warning signs (Variant 4620)?,2,5,1,6,0
Hair Loss,Since how many days (Variant 4621)?,1,3,2,1,1
Hair Loss,"Mild, moderate or severe (Variant 4622)?",8,2,3,2,0
Hair Loss,How frequently does it occur (Variant 4623)?,3,4,1,5,1
Hair Loss,When did it start worsening (Variant 4624)?,7,3,2,8,0
Hair Loss,Any associated symptoms present (Variant 4625)?,0,5,3,0,1
Hair Loss,Triggered by activity (Variant 4626)?,9,5,1,7,0
Hair Loss,Localized or widespread (Variant 4627)?,5,1,2,4,1
Hair Loss,Constant or intermittent (Variant 4628)?,6,0,3,3,0
Hair Loss,Does it affect daily activities (Variant 4629)?,4,5,1,6,1
Hair Loss,Any emergency warning signs (Variant 4630)?,2,5,2,1,0
Insomnia,Since how many days (Variant 4631)?,1,3,3,2,1
Insomnia,"Mild, moderate or severe (Variant 4632)?",8,2,1,5,0
Insomnia,How frequently does it occur (Variant 4633)?,3,4,2,8,1
Insomnia,When did it start worsening (Variant 4634)?,7,3,3,0,0
Insomnia,Any associated symptoms present (Variant 4635)?,0,5,1,7,1
Insomnia,Triggered by activity (Variant 4636)?,9,5,2,4,0
Insomnia,Localized or widespread (Variant 4637)?,5,1,3,3,1
Insomnia,Constant or intermittent (Variant 4638)?,6,0,1,6,0
Insomnia,Does it affect daily activities (Variant 4639)?,4,5,2,1,1
Insomnia,Any emergency warning signs (Variant 4640)?,2,5,3,2,0
Anxiety,Since how many days (Variant 4641)?,1,3,1,5,1
Anxiety,"Mild, moderate or severe (Variant 4642)?",8,2,2,8,0
Anxiety,How frequently does it occur (Variant 4643)?,3,4,3,0,1
Anxiety,When did it start worsening (Variant 4644)?,7,3,1,7,0
Anxiety,Any associated symptoms present (Variant 4645)?,0,5,2,4,1
Anxiety,Triggered by activity (Variant 4646)?,9,5,3,3,0
Anxiety,Localized or widespread (Variant 4647)?,5,1,1,6,1
Anxiety,Constant or intermittent (Variant 4648)?,6,0,2,1,0
Anxiety,Does it affect daily activities (Variant 4649)?,4,5,3,2,1
Anxiety,Any emergency warning signs (Variant 4650)?,2,5,1,5,0
Depressed Mood,Since how many days (Variant 4651)?,1,3,2,8,1
Depressed Mood,"Mild, moderate or severe (Variant 4652)?",8,2,3,0,0
Depressed Mood,How frequently does it occur (Variant 4653)?,3,4,1,7,1
Depressed Mood,When did it start worsening (Variant 4654)?,7,3,2,4,0
Depressed Mood,Any associated symptoms present (Variant 4655)?,0,5,3,3,1
Depressed Mood,Triggered by activity (Variant 4656)?,9,5,1,6,0
Depressed Mood,Localized or widespread (Variant 4657)?,5,1,2,1,1
Depressed Mood,Constant or intermittent (Variant 4658)?,6,0,3,2,0
Depressed Mood,Does it affect daily activities (Variant 4659)?,4,5,1,5,1
Depressed Mood,Any emergency warning signs (Variant 4660)?,2,5,2,8,0
Irritability,Since how many days (Variant 4661)?,1,3,3,0,1
Irritability,"Mild, moderate or severe (Variant 4662)?",8,2,1,7,0
Irritability,How frequently does it occur (Variant 4663)?,3,4,2,4,1
Irritability,When did it start worsening (Variant 4664)?,7,3,3,3,0
Irritability,Any associated symptoms present (Variant 4665)?,0,5,1,6,1
Irritability,Triggered by activity (Variant 4666)?,9,5,2,1,0
Irritability,Localized or widespread (Variant 4667)?,5,1,3,2,1
Irritability,Constant or intermittent (Variant 4668)?,6,0,1,5,0
Irritability,Does it affect daily activities (Variant 4669)?,4,5,2,8,1
Irritability,Any emergency warning signs (Variant 4670)?,2,5,3,0,0
Ear Pain,Since how many days (Variant 4671)?,1,3,1,7,1
Ear Pain,"Mild, moderate or severe (Variant 4672)?",8,2,2,4,0
Ear Pain,How frequently does it occur (Variant 4673)?,3,4,3,3,1
Ear Pain,When did it start worsening (Variant 4674)?,7,3,1,6,0
Ear Pain,Any associated symptoms present (Variant 4675)?,0,5,2,1,1
Ear Pain,Triggered by activity (Variant 4676)?,9,5,3,2,0
Ear Pain,Localized or widespread (Variant 4677)?,5,1,1,5,1
Ear Pain,Constant or intermittent (Variant 4678)?,6,0,2,8,0
Ear Pain,Does it affect daily activities (Variant 4679)?,4,5,3,0,1
Ear Pain,Any emergency warning signs (Variant 4680)?,2,5,1,7,0
Hearing Loss,Since how many days (Variant 4681)?,1,3,2,4,1
Hearing Loss,"Mild, moderate or severe (Variant 4682)?",8,2,3,3,0
Hearing Loss,How frequently does it occur (Variant 4683)?,3,4,1,6,1
Hearing Loss,When did it start worsening (Variant 4684)?,7,3,2,1,0
Hearing Loss,Any associated symptoms present (Variant 4685)?,0,5,3,2,1
Hearing Loss,Triggered by activity (Variant 4686)?,9,5,1,5,0
Hearing Loss,Localized or widespread (Variant 4687)?,5,1,2,8,1
Hearing Loss,Constant or intermittent (Variant 4688)?,6,0,3,0,0
Hearing Loss,Does it affect daily activities (Variant 4689)?,4,5,1,7,1
Hearing Loss,Any emergency warning signs (Variant 4690)?,2,5,2,4,0
Neck Pain,Since how many days (Variant 4691)?,1,3,3,3,1
Neck Pain,"Mild, moderate or severe (Variant 4692)?",8,2,1,6,0
Neck Pain,How frequently does it occur (Variant 4693)?,3,4,2,1,1
Neck Pain,When did it start worsening (Variant 4694)?,7,3,3,2,0
Neck Pain,Any associated symptoms present (Variant 4695)?,0,5,1,5,1
Neck Pain,Triggered by activity (Variant 4696)?,9,5,2,8,0
Neck Pain,Localized or widespread (Variant 4697)?,5,1,3,0,1
Neck Pain,Constant or intermittent (Variant 4698)?,6,0,1,7,0
Neck Pain,Does it affect daily activities (Variant 4699)?,4,5,2,4,1
Neck Pain,Any emergency warning signs (Variant 4700)?,2,5,3,3,0
Pelvic Pain,Since how many days (Variant 4701)?,1,3,1,6,1
Pelvic Pain,"Mild, moderate or severe (Variant 4702)?",8,2,2,1,0
Pelvic Pain,How frequently does it occur (Variant 4703)?,3,4,3,2,1
Pelvic Pain,When did it start worsening (Variant 4704)?,7,3,1,5,0
Pelvic Pain,Any associated symptoms present (Variant 4705)?,0,5,2,8,1
Pelvic Pain,Triggered by activity (Variant 4706)?,9,5,3,0,0
Pelvic Pain,Localized or widespread (Variant 4707)?,5,1,1,7,1
Pelvic Pain,Constant or intermittent (Variant 4708)?,6,0,2,4,0
Pelvic Pain,Does it affect daily activities (Variant 4709)?,4,5,3,3,1
Pelvic Pain,Any emergency warning signs (Variant 4710)?,2,5,1,6,0
Menstrual Irregularity,Since how many days (Variant 4711)?,1,3,2,1,1
Menstrual Irregularity,"Mild, moderate or severe (Variant 4712)?",8,2,3,2,0
Menstrual Irregularity,How frequently does it occur (Variant 4713)?,3,4,1,5,1
Menstrual Irregularity,When did it start worsening (Variant 4714)?,7,3,2,8,0
Menstrual Irregularity,Any associated symptoms present (Variant 4715)?,0,5,3,0,1
Menstrual Irregularity,Triggered by activity (Variant 4716)?,9,5,1,7,0
Menstrual Irregularity,Localized or widespread (Variant 4717)?,5,1,2,4,1
Menstrual Irregularity,Constant or intermittent (Variant 4718)?,6,0,3,3,0
Menstrual Irregularity,Does it affect daily activities (Variant 4719)?,4,5,1,6,1
Menstrual Irregularity,Any emergency warning signs (Variant 4720)?,2,5,2,1,0
Burning Urination,Since how many days (Variant 4721)?,1,3,3,2,1
Burning Urination,"Mild, moderate or severe (Variant 4722)?",8,2,1,5,0
Burning Urination,How frequently does it occur (Variant 4723)?,3,4,2,8,1
Burning Urination,When did it start worsening (Variant 4724)?,7,3,3,0,0
Burning Urination,Any associated symptoms present (Variant 4725)?,0,5,1,7,1
Burning Urination,Triggered by activity (Variant 4726)?,9,5,2,4,0
Burning Urination,Localized or widespread (Variant 4727)?,5,1,3,3,1
Burning Urination,Constant or intermittent (Variant 4728)?,6,0,1,6,0
Burning Urination,Does it affect daily activities (Variant 4729)?,4,5,2,1,1
Burning Urination,Any emergency warning signs (Variant 4730)?,2,5,3,2,0
Blood in Urine,Since how many days (Variant 4731)?,1,3,1,5,1
Blood in Urine,"Mild, moderate or severe (Variant 4732)?",8,2,2,8,0
Blood in Urine,How frequently does it occur (Variant 4733)?,3,4,3,0,1
Blood in Urine,When did it start worsening (Variant 4734)?,7,3,1,7,0
Blood in Urine,Any associated symptoms present (Variant 4735)?,0,5,2,4,1
Blood in Urine,Triggered by activity (Variant 4736)?,9,5,3,3,0
Blood in Urine,Localized or widespread (Variant 4737)?,5,1,1,6,1
Blood in Urine,Constant or intermittent (Variant 4738)?,6,0,2,1,0
Blood in Urine,Does it affect daily activities (Variant 4739)?,4,5,3,2,1
Blood in Urine,Any emergency warning signs (Variant 4740)?,2,5,1,5,0
Swollen Lymph Nodes,Since how many days (Variant 4741)?,1,3,2,8,1
Swollen Lymph Nodes,"Mild, moderate or severe (Variant 4742)?",8,2,3,0,0
Swollen Lymph Nodes,How frequently does it occur (Variant 4743)?,3,4,1,7,1
Swollen Lymph Nodes,When did it start worsening (Variant 4744)?,7,3,2,4,0
Swollen Lymph Nodes,Any associated symptoms present (Variant 4745)?,0,5,3,3,1
Swollen Lymph Nodes,Triggered by activity (Variant 4746)?,9,5,1,6,0
Swollen Lymph Nodes,Localized or widespread (Variant 4747)?,5,1,2,1,1
Swollen Lymph Nodes,Constant or intermittent (Variant 4748)?,6,0,3,2,0
Swollen Lymph Nodes,Does it affect daily activities (Variant 4749)?,4,5,1,5,1
Swollen Lymph Nodes,Any emergency warning signs (Variant 4750)?,2,5,2,8,0
Dry Mouth,Since how many days (Variant 4751)?,1,3,3,0,1
Dry Mouth,"Mild, moderate or severe (Variant 4752)?",8,2,1,7,0
Dry Mouth,How frequently does it occur (Variant 4753)?,3,4,2,4,1
Dry Mouth,When did it start worsening (Variant 4754)?,7,3,3,3,0
Dry Mouth,Any associated symptoms present (Variant 4755)?,0,5,1,6,1
Dry Mouth,Triggered by activity (Variant 4756)?,9,5,2,1,0
Dry Mouth,Localized or widespread (Variant 4757)?,5,1,3,2,1
Dry Mouth,Constant or intermittent (Variant 4758)?,6,0,1,5,0
Dry Mouth,Does it affect daily activities (Variant 4759)?,4,5,2,8,1
Dry Mouth,Any emergency warning signs (Variant 4760)?,2,5,3,0,0
Mouth Ulcers,Since how many days (Variant 4761)?,1,3,1,7,1
Mouth Ulcers,"Mild, moderate or severe (Variant 4762)?",8,2,2,4,0
Mouth Ulcers,How frequently does it occur (Variant 4763)?,3,4,3,3,1
Mouth Ulcers,When did it start worsening (Variant 4764)?,7,3,1,6,0
Mouth Ulcers,Any associated symptoms present (Variant 4765)?,0,5,2,1,1
Mouth Ulcers,Triggered by activity (Variant 4766)?,9,5,3,2,0
Mouth Ulcers,Localized or widespread (Variant 4767)?,5,1,1,5,1
Mouth Ulcers,Constant or intermittent (Variant 4768)?,6,0,2,8,0
Mouth Ulcers,Does it affect daily activities (Variant 4769)?,4,5,3,0,1
Mouth Ulcers,Any emergency warning signs (Variant 4770)?,2,5,1,7,0
Difficulty Swallowing,Since how many days (Variant 4771)?,1,3,2,4,1
Difficulty Swallowing,"Mild, moderate or severe (Variant 4772)?",8,2,3,3,0
Difficulty Swallowing,How frequently does it occur (Variant 4773)?,3,4,1,6,1
Difficulty Swallowing,When did it start worsening (Variant 4774)?,7,3,2,1,0
Difficulty Swallowing,Any associated symptoms present (Variant 4775)?,0,5,3,2,1
Difficulty Swallowing,Triggered by activity (Variant 4776)?,9,5,1,5,0
Difficulty Swallowing,Localized or widespread (Variant 4777)?,5,1,2,8,1
Difficulty Swallowing,Constant or intermittent (Variant 4778)?,6,0,3,0,0
Difficulty Swallowing,Does it affect daily activities (Variant 4779)?,4,5,1,7,1
Difficulty Swallowing,Any emergency warning signs (Variant 4780)?,2,5,2,4,0
Cyanosis,Since how many days (Variant 4781)?,1,3,3,3,1
Cyanosis,"Mild, moderate or severe (Variant 4782)?",8,2,1,6,0
Cyanosis,How frequently does it occur (Variant 4783)?,3,4,2,1,1
Cyanosis,When did it start worsening (Variant 4784)?,7,3,3,2,0
Cyanosis,Any associated symptoms present (Variant 4785)?,0,5,1,5,1
Cyanosis,Triggered by activity (Variant 4786)?,9,5,2,8,0
Cyanosis,Localized or widespread (Variant 4787)?,5,1,3,0,1
Cyanosis,Constant or intermittent (Variant 4788)?,6,0,1,7,0
Cyanosis,Does it affect daily activities (Variant 4789)?,4,5,2,4,1
Cyanosis,Any emergency warning signs (Variant 4790)?,2,5,3,3,0
Severe Bleeding,Since how many days (Variant 4791)?,1,3,1,6,1
Severe Bleeding,"Mild, moderate or severe (Variant 4792)?",8,2,2,1,0
Severe Bleeding,How frequently does it occur (Variant 4793)?,3,4,3,2,1
Severe Bleeding,When did it start worsening (Variant 4794)?,7,3,1,5,0
Severe Bleeding,Any associated symptoms present (Variant 4795)?,0,5,2,8,1
Severe Bleeding,Triggered by activity (Variant 4796)?,9,5,3,0,0
Severe Bleeding,Localized or widespread (Variant 4797)?,5,1,1,7,1
Severe Bleeding,Constant or intermittent (Variant 4798)?,6,0,2,4,0
Severe Bleeding,Does it affect daily activities (Variant 4799)?,4,5,3,3,1
Severe Bleeding,Any emergency warning signs (Variant 4800)?,2,5,1,6,0
Fever,Since how many days (Variant 4801)?,1,3,2,8,1
Fever,"Mild, moderate or severe (Variant 4802)?",8,2,3,0,0
Fever,How frequently does it occur (Variant 4803)?,3,4,1,7,1
Fever,When did it start worsening (Variant 4804)?,7,3,2,4,0
Fever,Any associated symptoms present (Variant 4805)?,0,5,3,3,1
Fever,Triggered by activity (Variant 4806)?,9,5,1,6,0
Fever,Localized or widespread (Variant 4807)?,5,1,2,1,1
Fever,Constant or intermittent (Variant 4808)?,6,0,3,2,0
Fever,Does it affect daily activities (Variant 4809)?,4,5,1,5,1
Fever,Any emergency warning signs (Variant 4810)?,2,5,2,8,0
Cough,Since how many days (Variant 4811)?,1,3,3,0,1
Cough,"Mild, moderate or severe (Variant 4812)?",8,2,1,7,0
Cough,How frequently does it occur (Variant 4813)?,3,4,2,4,1
Cough,When did it start worsening (Variant 4814)?,7,3,3,3,0
Cough,Any associated symptoms present (Variant 4815)?,0,5,1,6,1
Cough,Triggered by activity (Variant 4816)?,9,5,2,1,0
Cough,Localized or widespread (Variant 4817)?,5,1,3,2,1
Cough,Constant or intermittent (Variant 4818)?,6,0,1,5,0
Cough,Does it affect daily activities (Variant 4819)?,4,5,2,8,1
Cough,Any emergency warning signs (Variant 4820)?,2,5,3,0,0
Fatigue,Since how many days (Variant 4821)?,1,3,1,7,1
Fatigue,"Mild, moderate or severe (Variant 4822)?",8,2,2,4,0
Fatigue,How frequently does it occur (Variant 4823)?,3,4,3,3,1
Fatigue,When did it start worsening (Variant 4824)?,7,3,1,6,0
Fatigue,Any associated symptoms present (Variant 4825)?,0,5,2,1,1
Fatigue,Triggered by activity (Variant 4826)?,9,5,3,2,0
Fatigue,Localized or widespread (Variant 4827)?,5,1,1,5,1
Fatigue,Constant or intermittent (Variant 4828)?,6,0,2,8,0
Fatigue,Does it affect daily activities (Variant 4829)?,4,5,3,0,1
Fatigue,Any emergency warning signs (Variant 4830)?,2,5,1,7,0
Breathlessness,Since how many days (Variant 4831)?,1,3,2,4,1
Breathlessness,"Mild, moderate or severe (Variant 4832)?",8,2,3,3,0
Breathlessness,How frequently does it occur (Variant 4833)?,3,4,1,6,1
Breathlessness,When did it start worsening (Variant 4834)?,7,3,2,1,0
Breathlessness,Any associated symptoms present (Variant 4835)?,0,5,3,2,1
Breathlessness,Triggered by activity (Variant 4836)?,9,5,1,5,0
Breathlessness,Localized or widespread (Variant 4837)?,5,1,2,8,1
Breathlessness,Constant or intermittent (Variant 4838)?,6,0,3,0,0
Breathlessness,Does it affect daily activities (Variant 4839)?,4,5,1,7,1
Breathlessness,Any emergency warning signs (Variant 4840)?,2,5,2,4,0
Chest Pain,Since how many days (Variant 4841)?,1,3,3,3,1
Chest Pain,"Mild, moderate or severe (Variant 4842)?",8,2,1,6,0
Chest Pain,How frequently does it occur (Variant 4843)?,3,4,2,1,1
Chest Pain,When did it start worsening (Variant 4844)?,7,3,3,2,0
Chest Pain,Any associated symptoms present (Variant 4845)?,0,5,1,5,1
Chest Pain,Triggered by activity (Variant 4846)?,9,5,2,8,0
Chest Pain,Localized or widespread (Variant 4847)?,5,1,3,0,1
Chest Pain,Constant or intermittent (Variant 4848)?,6,0,1,7,0
Chest Pain,Does it affect daily activities (Variant 4849)?,4,5,2,4,1
Chest Pain,Any emergency warning signs (Variant 4850)?,2,5,3,3,0
Headache,Since how many days (Variant 4851)?,1,3,1,6,1
Headache,"Mild, moderate or severe (Variant 4852)?",8,2,2,1,0
Headache,How frequently does it occur (Variant 4853)?,3,4,3,2,1
Headache,When did it start worsening (Variant 4854)?,7,3,1,5,0
Headache,Any associated symptoms present (Variant 4855)?,0,5,2,8,1
Headache,Triggered by activity (Variant 4856)?,9,5,3,0,0
Headache,Localized or widespread (Variant 4857)?,5,1,1,7,1
Headache,Constant or intermittent (Variant 4858)?,6,0,2,4,0
Headache,Does it affect daily activities (Variant 4859)?,4,5,3,3,1
Headache,Any emergency warning signs (Variant 4860)?,2,5,1,6,0
Dizziness,Since how many days (Variant 4861)?,1,3,2,1,1
Dizziness,"Mild, moderate or severe (Variant 4862)?",8,2,3,2,0
Dizziness,How frequently does it occur (Variant 4863)?,3,4,1,5,1
Dizziness,When did it start worsening (Variant 4864)?,7,3,2,8,0
Dizziness,Any associated symptoms present (Variant 4865)?,0,5,3,0,1
Dizziness,Triggered by activity (Variant 4866)?,9,5,1,7,0
Dizziness,Localized or widespread (Variant 4867)?,5,1,2,4,1
Dizziness,Constant or intermittent (Variant 4868)?,6,0,3,3,0
Dizziness,Does it affect daily activities (Variant 4869)?,4,5,1,6,1
Dizziness,Any emergency warning signs (Variant 4870)?,2,5,2,1,0
Nausea,Since how many days (Variant 4871)?,1,3,3,2,1
Nausea,"Mild, moderate or severe (Variant 4872)?",8,2,1,5,0
Nausea,How frequently does it occur (Variant 4873)?,3,4,2,8,1
Nausea,When did it start worsening (Variant 4874)?,7,3,3,0,0
Nausea,Any associated symptoms present (Variant 4875)?,0,5,1,7,1
Nausea,Triggered by activity (Variant 4876)?,9,5,2,4,0
Nausea,Localized or widespread (Variant 4877)?,5,1,3,3,1
Nausea,Constant or intermittent (Variant 4878)?,6,0,1,6,0
Nausea,Does it affect daily activities (Variant 4879)?,4,5,2,1,1
Nausea,Any emergency warning signs (Variant 4880)?,2,5,3,2,0
Vomiting,Since how many days (Variant 4881)?,1,3,1,5,1
Vomiting,"Mild, moderate or severe (Variant 4882)?",8,2,2,8,0
Vomiting,How frequently does it occur (Variant 4883)?,3,4,3,0,1
Vomiting,When did it start worsening (Variant 4884)?,7,3,1,7,0
Vomiting,Any associated symptoms present (Variant 4885)?,0,5,2,4,1
Vomiting,Triggered by activity (Variant 4886)?,9,5,3,3,0
Vomiting,Localized or widespread (Variant 4887)?,5,1,1,6,1
Vomiting,Constant or intermittent (Variant 4888)?,6,0,2,1,0
Vomiting,Does it affect daily activities (Variant 4889)?,4,5,3,2,1
Vomiting,Any emergency warning signs (Variant 4890)?,2,5,1,5,0
Diarrhea,Since how many days (Variant 4891)?,1,3,2,8,1
Diarrhea,"Mild, moderate or severe (Variant 4892)?",8,2,3,0,0
Diarrhea,How frequently does it occur (Variant 4893)?,3,4,1,7,1
Diarrhea,When did it start worsening (Variant 4894)?,7,3,2,4,0
Diarrhea,Any associated symptoms present (Variant 4895)?,0,5,3,3,1
Diarrhea,Triggered by activity (Variant 4896)?,9,5,1,6,0
Diarrhea,Localized or widespread (Variant 4897)?,5,1,2,1,1
Diarrhea,Constant or intermittent (Variant 4898)?,6,0,3,2,0
Diarrhea,Does it affect daily activities (Variant 4899)?,4,5,1,5,1
Diarrhea,Any emergency warning signs (Variant 4900)?,2,5,2,8,0
Constipation,Since how many days (Variant 4901)?,1,3,3,0,1
Constipation,"Mild, moderate or severe (Variant 4902)?",8,2,1,7,0
Constipation,How frequently does it occur (Variant 4903)?,3,4,2,4,1
Constipation,When did it start worsening (Variant 4904)?,7,3,3,3,0
Constipation,Any associated symptoms present (Variant 4905)?,0,5,1,6,1
Constipation,Triggered by activity (Variant 4906)?,9,5,2,1,0
Constipation,Localized or widespread (Variant 4907)?,5,1,3,2,1
Constipation,Constant or intermittent (Variant 4908)?,6,0,1,5,0
Constipation,Does it affect daily activities (Variant 4909)?,4,5,2,8,1
Constipation,Any emergency warning signs (Variant 4910)?,2,5,3,0,0
Abdominal Pain,Since how many days (Variant 4911)?,1,3,1,7,1
Abdominal Pain,"Mild, moderate or severe (Variant 4912)?",8,2,2,4,0
Abdominal Pain,How frequently does it occur (Variant 4913)?,3,4,3,3,1
Abdominal Pain,When did it start worsening (Variant 4914)?,7,3,1,6,0
Abdominal Pain,Any associated symptoms present (Variant 4915)?,0,5,2,1,1
Abdominal Pain,Triggered by activity (Variant 4916)?,9,5,3,2,0
Abdominal Pain,Localized or widespread (Variant 4917)?,5,1,1,5,1
Abdominal Pain,Constant or intermittent (Variant 4918)?,6,0,2,8,0
Abdominal Pain,Does it affect daily activities (Variant 4919)?,4,5,3,0,1
Abdominal Pain,Any emergency warning signs (Variant 4920)?,2,5,1,7,0
Back Pain,Since how many days (Variant 4921)?,1,3,2,4,1
Back Pain,"Mild, moderate or severe (Variant 4922)?",8,2,3,3,0
Back Pain,How frequently does it occur (Variant 4923)?,3,4,1,6,1
Back Pain,When did it start worsening (Variant 4924)?,7,3,2,1,0
Back Pain,Any associated symptoms present (Variant 4925)?,0,5,3,2,1
Back Pain,Triggered by activity (Variant 4926)?,9,5,1,5,0
Back Pain,Localized or widespread (Variant 4927)?,5,1,2,8,1
Back Pain,Constant or intermittent (Variant 4928)?,6,0,3,0,0
Back Pain,Does it affect daily activities (Variant 4929)?,4,5,1,7,1
Back Pain,Any emergency warning signs (Variant 4930)?,2,5,2,4,0
Joint Pain,Since how many days (Variant 4931)?,1,3,3,3,1
Joint Pain,"Mild, moderate or severe (Variant 4932)?",8,2,1,6,0
Joint Pain,How frequently does it occur (Variant 4933)?,3,4,2,1,1
Joint Pain,When did it start worsening (Variant 4934)?,7,3,3,2,0
Joint Pain,Any associated symptoms present (Variant 4935)?,0,5,1,5,1
Joint Pain,Triggered by activity (Variant 4936)?,9,5,2,8,0
Joint Pain,Localized or widespread (Variant 4937)?,5,1,3,0,1
Joint Pain,Constant or intermittent (Variant 4938)?,6,0,1,7,0
Joint Pain,Does it affect daily activities (Variant 4939)?,4,5,2,4,1
Joint Pain,Any emergency warning signs (Variant 4940)?,2,5,3,3,0
Muscle Pain,Since how many days (Variant 4941)?,1,3,1,6,1
Muscle Pain,"Mild, moderate or severe (Variant 4942)?",8,2,2,1,0
Muscle Pain,How frequently does it occur (Variant 4943)?,3,4,3,2,1
Muscle Pain,When did it start worsening (Variant 4944)?,7,3,1,5,0
Muscle Pain,Any associated symptoms present (Variant 4945)?,0,5,2,8,1
Muscle Pain,Triggered by activity (Variant 4946)?,9,5,3,0,0
Muscle Pain,Localized or widespread (Variant 4947)?,5,1,1,7,1
Muscle Pain,Constant or intermittent (Variant 4948)?,6,0,2,4,0
Muscle Pain,Does it affect daily activities (Variant 4949)?,4,5,3,3,1
Muscle Pain,Any emergency warning signs (Variant 4950)?,2,5,1,6,0
Palpitations,Since how many days (Variant 4951)?,1,3,2,1,1
Palpitations,"Mild, moderate or severe (Variant 4952)?",8,2,3,2,0
Palpitations,How frequently does it occur (Variant 4953)?,3,4,1,5,1
Palpitations,When did it start worsening (Variant 4954)?,7,3,2,8,0
Palpitations,Any associated symptoms present (Variant 4955)?,0,5,3,0,1
Palpitations,Triggered by activity (Variant 4956)?,9,5,1,7,0
Palpitations,Localized or widespread (Variant 4957)?,5,1,2,4,1
Palpitations,Constant or intermittent (Variant 4958)?,6,0,3,3,0
Palpitations,Does it affect daily activities (Variant 4959)?,4,5,1,6,1
Palpitations,Any emergency warning signs (Variant 4960)?,2,5,2,1,0
Leg Swelling,Since how many days (Variant 4961)?,1,3,3,2,1
Leg Swelling,"Mild, moderate or severe (Variant 4962)?",8,2,1,5,0
Leg Swelling,How frequently does it occur (Variant 4963)?,3,4,2,8,1
Leg Swelling,When did it start worsening (Variant 4964)?,7,3,3,0,0
Leg Swelling,Any associated symptoms present (Variant 4965)?,0,5,1,7,1
Leg Swelling,Triggered by activity (Variant 4966)?,9,5,2,4,0
Leg Swelling,Localized or widespread (Variant 4967)?,5,1,3,3,1
Leg Swelling,Constant or intermittent (Variant 4968)?,6,0,1,6,0
Leg Swelling,Does it affect daily activities (Variant 4969)?,4,5,2,1,1
Leg Swelling,Any emergency warning signs (Variant 4970)?,2,5,3,2,0
Syncope,Since how many days (Variant 4971)?,1,3,1,5,1
Syncope,"Mild, moderate or severe (Variant 4972)?",8,2,2,8,0
Syncope,How frequently does it occur (Variant 4973)?,3,4,3,0,1
Syncope,When did it start worsening (Variant 4974)?,7,3,1,7,0
Syncope,Any associated symptoms present (Variant 4975)?,0,5,2,4,1
Syncope,Triggered by activity (Variant 4976)?,9,5,3,3,0
Syncope,Localized or widespread (Variant 4977)?,5,1,1,6,1
Syncope,Constant or intermittent (Variant 4978)?,6,0,2,1,0
Syncope,Does it affect daily activities (Variant 4979)?,4,5,3,2,1
Syncope,Any emergency warning signs (Variant 4980)?,2,5,1,5,0
Wheezing,Since how many days (Variant 4981)?,1,3,2,8,1
Wheezing,"Mild, moderate or severe (Variant 4982)?",8,2,3,0,0
Wheezing,How frequently does it occur (Variant 4983)?,3,4,1,7,1
Wheezing,When did it start worsening (Variant 4984)?,7,3,2,4,0
Wheezing,Any associated symptoms present (Variant 4985)?,0,5,3,3,1
Wheezing,Triggered by activity (Variant 4986)?,9,5,1,6,0
Wheezing,Localized or widespread (Variant 4987)?,5,1,2,1,1
Wheezing,Constant or intermittent (Variant 4988)?,6,0,3,2,0
Wheezing,Does it affect daily activities (Variant 4989)?,4,5,1,5,1
Wheezing,Any emergency warning signs (Variant 4990)?,2,5,2,8,0
Sore Throat,Since how many days (Variant 4991)?,1,3,3,0,1
Sore Throat,"Mild, moderate or severe (Variant 4992)?",8,2,1,7,0
Sore Throat,How frequently does it occur (Variant 4993)?,3,4,2,4,1
Sore Throat,When did it start worsening (Variant 4994)?,7,3,3,3,0
Sore Throat,Any associated symptoms present (Variant 4995)?,0,5,1,6,1
Sore Throat,Triggered by activity (Variant 4996)?,9,5,2,1,0
Sore Throat,Localized or widespread (Variant 4997)?,5,1,3,2,1
Sore Throat,Constant or intermittent (Variant 4998)?,6,0,1,5,0
Sore Throat,Does it affect daily activities (Variant 4999)?,4,5,2,8,1
Sore Throat,Any emergency warning signs (Variant 5000)?,2,5,3,0,0
